Using pre-set license
Built from '2022.3/respin/2022.3.62f2-4af31df585-v2' branch; Version is '2022.3.62f3 (96770f904ca7) revision 9860879'; Using compiler version '192829333'; Build Type 'Release'
OS: 'Windows 11  (10.0.26200) 64bit CoreSingleLanguage' Language: 'en' Physical Memory: 7896 MB
BatchMode: 1, IsHumanControllingUs: 0, StartBugReporterOnCrash: 0, Is64bit: 1, IsPro: 1

COMMAND LINE ARGUMENTS:
C:\Program Files\Unity\Hub\Editor\2022.3.62f3\Editor\Unity.exe
-adb2
-batchMode
-noUpm
-name
AssetImportWorker0
-projectPath
C:/Users/mnure/Ridwan (1)
-logFile
Logs/AssetImportWorker0.log
-srvPort
54429
Successfully changed project path to: C:/Users/mnure/Ridwan (1)
C:/Users/mnure/Ridwan (1)
[UnityMemory] Configuration Parameters - Can be set up in boot.config
    "memorysetup-bucket-allocator-granularity=16"
    "memorysetup-bucket-allocator-bucket-count=8"
    "memorysetup-bucket-allocator-block-size=33554432"
    "memorysetup-bucket-allocator-block-count=8"
    "memorysetup-main-allocator-block-size=16777216"
    "memorysetup-thread-allocator-block-size=16777216"
    "memorysetup-gfx-main-allocator-block-size=16777216"
    "memorysetup-gfx-thread-allocator-block-size=16777216"
    "memorysetup-cache-allocator-block-size=4194304"
    "memorysetup-typetree-allocator-block-size=2097152"
    "memorysetup-profiler-bucket-allocator-granularity=16"
    "memorysetup-profiler-bucket-allocator-bucket-count=8"
    "memorysetup-profiler-bucket-allocator-block-size=33554432"
    "memorysetup-profiler-bucket-allocator-block-count=8"
    "memorysetup-profiler-allocator-block-size=16777216"
    "memorysetup-profiler-editor-allocator-block-size=1048576"
    "memorysetup-temp-allocator-size-main=16777216"
    "memorysetup-job-temp-allocator-block-size=2097152"
    "memorysetup-job-temp-allocator-block-size-background=1048576"
    "memorysetup-job-temp-allocator-reduction-small-platforms=262144"
    "memorysetup-allocator-temp-initial-block-size-main=262144"
    "memorysetup-allocator-temp-initial-block-size-worker=262144"
    "memorysetup-temp-allocator-size-background-worker=32768"
    "memorysetup-temp-allocator-size-job-worker=262144"
    "memorysetup-temp-allocator-size-preload-manager=33554432"
    "memorysetup-temp-allocator-size-nav-mesh-worker=65536"
    "memorysetup-temp-allocator-size-audio-worker=65536"
    "memorysetup-temp-allocator-size-cloud-worker=32768"
    "memorysetup-temp-allocator-size-gi-baking-worker=262144"
    "memorysetup-temp-allocator-size-gfx=262144"
Player connection [16316]  Target information:

Player connection [16316]  * "[IP] 192.168.1.106 [Port] 0 [Flags] 2 [Guid] 592940592 [EditorId] 592940592 [Version] 1048832 [Id] WindowsEditor(7,RIDWAN) [Debug] 1 [PackageName] WindowsEditor [ProjectName] Editor" 

Player connection [16316] Host joined multi-casting on [225.0.0.222:54997]...
Player connection [16316] Host joined alternative multi-casting on [225.0.0.222:34997]...
Input System module state changed to: Initialized.
[PhysX] Initialized MultithreadedTaskDispatcher with 2 workers.
Refreshing native plugins compatible for Editor in 4758.27 ms, found 4 plugins.
Preloading 0 native plugins for Editor in 0.00 ms.
Initialize engine version: 2022.3.62f3 (96770f904ca7)
[Subsystems] Discovering subsystems at path C:/Program Files/Unity/Hub/Editor/2022.3.62f3/Editor/Data/Resources/UnitySubsystems
[Subsystems] Discovering subsystems at path C:/Users/mnure/Ridwan (1)/Assets
GfxDevice: creating device client; threaded=0; jobified=0
Direct3D:
    Version:  Direct3D 11.0 [level 11.1]
    Renderer: Intel(R) UHD Graphics (ID=0x4e55)
    Vendor:   Intel
    VRAM:     3948 MB
    Driver:   31.0.101.2140
Initialize mono
Mono path[0] = 'C:/Program Files/Unity/Hub/Editor/2022.3.62f3/Editor/Data/Managed'
Mono path[1] = 'C:/Program Files/Unity/Hub/Editor/2022.3.62f3/Editor/Data/MonoBleedingEdge/lib/mono/unityjit-win32'
Mono config path = 'C:/Program Files/Unity/Hub/Editor/2022.3.62f3/Editor/Data/MonoBleedingEdge/etc'
Using monoOptions --debugger-agent=transport=dt_socket,embedding=1,server=y,suspend=n,address=127.0.0.1:56336
Begin MonoManager ReloadAssembly
Registering precompiled unity dll's ...
Register platform support module: C:/Program Files/Unity/Hub/Editor/2022.3.62f3/Editor/Data/PlaybackEngines/WindowsStandaloneSupport/UnityEditor.WindowsStandalone.Extensions.dll
Registered in 0.516735 seconds.
- Loaded All Assemblies, in 22.780 seconds
Native extension for WindowsStandalone target not found
Mono: successfully reloaded assembly
- Finished resetting the current domain, in  0.569 seconds
Domain Reload Profiling: 23346ms
	BeginReloadAssembly (17293ms)
		ExecutionOrderSort (0ms)
		DisableScriptedObjects (0ms)
		BackupInstance (0ms)
		ReleaseScriptingObjects (0ms)
		CreateAndSetChildDomain (2ms)
	RebuildCommonClasses (1482ms)
	RebuildNativeTypeToScriptingClass (21ms)
	initialDomainReloadingComplete (633ms)
	LoadAllAssembliesAndSetupDomain (3347ms)
		LoadAssemblies (17288ms)
		RebuildTransferFunctionScriptingTraits (0ms)
		AnalyzeDomain (3342ms)
			TypeCache.Refresh (3340ms)
				TypeCache.ScanAssembly (2000ms)
			ScanForSourceGeneratedMonoScriptInfo (1ms)
			ResolveRequiredComponents (1ms)
	FinalizeReload (570ms)
		ReleaseScriptCaches (0ms)
		RebuildScriptCaches (0ms)
		SetupLoadedEditorAssemblies (481ms)
			LogAssemblyErrors (0ms)
			InitializePlatformSupportModulesInManaged (19ms)
			SetLoadedEditorAssemblies (14ms)
			RefreshPlugins (0ms)
			BeforeProcessingInitializeOnLoad (5ms)
			ProcessInitializeOnLoadAttributes (330ms)
			ProcessInitializeOnLoadMethodAttributes (112ms)
			AfterProcessingInitializeOnLoad (0ms)
			EditorAssembliesLoaded (0ms)
		ExecutionOrderSort2 (0ms)
		AwakeInstancesAfterBackupRestoration (0ms)
========================================================================
Worker process is ready to serve import requests
Caller must complete domain reload
Begin MonoManager ReloadAssembly
- Loaded All Assemblies, in 58.870 seconds
Native extension for WindowsStandalone target not found
Mono: successfully reloaded assembly
- Finished resetting the current domain, in  2.211 seconds
Domain Reload Profiling: 61054ms
	BeginReloadAssembly (357ms)
		ExecutionOrderSort (0ms)
		DisableScriptedObjects (11ms)
		BackupInstance (0ms)
		ReleaseScriptingObjects (0ms)
		CreateAndSetChildDomain (50ms)
	RebuildCommonClasses (82ms)
	RebuildNativeTypeToScriptingClass (23ms)
	initialDomainReloadingComplete (115ms)
	LoadAllAssembliesAndSetupDomain (58265ms)
		LoadAssemblies (57833ms)
		RebuildTransferFunctionScriptingTraits (0ms)
		AnalyzeDomain (644ms)
			TypeCache.Refresh (592ms)
				TypeCache.ScanAssembly (566ms)
			ScanForSourceGeneratedMonoScriptInfo (38ms)
			ResolveRequiredComponents (11ms)
	FinalizeReload (2212ms)
		ReleaseScriptCaches (0ms)
		RebuildScriptCaches (0ms)
		SetupLoadedEditorAssemblies (1892ms)
			LogAssemblyErrors (0ms)
			InitializePlatformSupportModulesInManaged (13ms)
			SetLoadedEditorAssemblies (7ms)
			RefreshPlugins (0ms)
			BeforeProcessingInitializeOnLoad (150ms)
			ProcessInitializeOnLoadAttributes (1631ms)
			ProcessInitializeOnLoadMethodAttributes (75ms)
			AfterProcessingInitializeOnLoad (15ms)
			EditorAssembliesLoaded (0ms)
		ExecutionOrderSort2 (0ms)
		AwakeInstancesAfterBackupRestoration (18ms)
Launched and connected shader compiler UnityShaderCompiler.exe after 0.19 seconds
Refreshing native plugins compatible for Editor in 14.07 ms, found 4 plugins.
Preloading 0 native plugins for Editor in 0.00 ms.
Unloading 4189 Unused Serialized files (Serialized files now loaded: 0)
Unloading 37 unused Assets / (214.8 KB). Loaded Objects now: 4656.
Memory consumption went from 146.5 MB to 146.3 MB.
Total: 5.686100 ms (FindLiveObjects: 0.630000 ms CreateObjectMapping: 0.358500 ms MarkObjects: 4.383400 ms  DeleteObjects: 0.312300 ms)

AssetImportParameters requested are different than current active one (requested -> active):
  custom:container-demuxer-ogg: 62fdf1f143b41e24485cea50d1cbac27 -> 
  custom:video-decoder-ogg-theora: a1e56fd34408186e4bbccfd4996cb3dc -> 
  custom:framework-win-MediaFoundation: 216162199b28c13a410421893ffa2e32 -> 
  custom:CustomObjectIndexerAttribute: 9a22284fe3817be447336de3de66b15e -> 
  custom:container-demuxer-webm: 4f35f7cbe854078d1ac9338744f61a02 -> 
  custom:container-muxer-webm: aa71ff27fc2769a1b78a27578f13a17b -> 
  custom:video-decoder-webm-vp8: 9c59270c3fd7afecdb556c50c9e8de78 -> 
  custom:SearchIndexIgnoredProperties: e643bd26f0fe6173181afceb89e7c659 -> 
  custom:AudioImporter_EditorPlatform: d09bf68614088b80899f8185d706f6e7 -> 
  custom:video-encoder-webm-vp8: eb34c28f22e8b96e1ab97ce403110664 -> 
  custom:audio-decoder-ogg-vorbis: bf7c407c2cedff20999df2af8eb42d56 -> 
  custom:audio-encoder-webm-vorbis: bf7c407c2cedff20999df2af8eb42d56 -> 
========================================================================
Received Import Request.
  Time since last request: 417239.194431 seconds.
  path: Assets/Animations/Run.anim
  artifactKey: Guid(b8d7e607e27aff74288d91f52efef625) Importer(815301076,1909f56bfc062723c751e8b465ee728b)
Start importing Assets/Animations/Run.anim using Guid(b8d7e607e27aff74288d91f52efef625) Importer(815301076,1909f56bfc062723c751e8b465ee728b) [PhysX] Initialized MultithreadedTaskDispatcher with 2 workers.
 -> (artifact id: 'b697c3b0b93ccd4c63bb6b3858c891e7') in 0.020294 seconds
Number of updated asset objects reloaded before import = 0
Number of asset objects unloaded after import = 1
========================================================================
Received Import Request.
  Time since last request: 0.000075 seconds.
  path: Assets/Animations/Idle.anim
  artifactKey: Guid(12780e971a60c6c4e9ee732e9c64d1b4) Importer(815301076,1909f56bfc062723c751e8b465ee728b)
Start importing Assets/Animations/Idle.anim using Guid(12780e971a60c6c4e9ee732e9c64d1b4) Importer(815301076,1909f56bfc062723c751e8b465ee728b) [PhysX] Initialized MultithreadedTaskDispatcher with 2 workers.
 -> (artifact id: '49aec94cc2615a106264cbd6a540207e') in 0.009986 seconds
Number of updated asset objects reloaded before import = 0
Number of asset objects unloaded after import = 1
========================================================================
Received Import Request.
  Time since last request: 1175.155021 seconds.
  path: Assets/Gambar/Run
  artifactKey: Guid(ac320f0c8cc374441a249d52441c7376) Importer(815301076,1909f56bfc062723c751e8b465ee728b)
Start importing Assets/Gambar/Run using Guid(ac320f0c8cc374441a249d52441c7376) Importer(815301076,1909f56bfc062723c751e8b465ee728b) [PhysX] Initialized MultithreadedTaskDispatcher with 2 workers.
 -> (artifact id: 'e5b3022ef11dbd674a75e78bb884618d') in 0.001602 seconds
Number of updated asset objects reloaded before import = 0
Number of asset objects unloaded after import = 0
========================================================================
Received Import Request.
  Time since last request: 0.058076 seconds.
  path: Assets/Gambar/Run/Run (1).png
  artifactKey: Guid(bfc7623a4beb4dd43affbccc65000978) Importer(815301076,1909f56bfc062723c751e8b465ee728b)
Start importing Assets/Gambar/Run/Run (1).png using Guid(bfc7623a4beb4dd43affbccc65000978) Importer(815301076,1909f56bfc062723c751e8b465ee728b) [PhysX] Initialized MultithreadedTaskDispatcher with 2 workers.
[PhysX] Initialized MultithreadedTaskDispatcher with 2 workers.
 -> (artifact id: 'edb2397a65fa780f398719dbdc38d918') in 5.216967 seconds
Number of updated asset objects reloaded before import = 0
Number of asset objects unloaded after import = 3
========================================================================
Received Import Request.
  Time since last request: 0.000074 seconds.
  path: Assets/Gambar/Run/Run (6).png
  artifactKey: Guid(73096dbc5f6ce0e4a908d44b676d1c9e) Importer(815301076,1909f56bfc062723c751e8b465ee728b)
Start importing Assets/Gambar/Run/Run (6).png using Guid(73096dbc5f6ce0e4a908d44b676d1c9e) Importer(815301076,1909f56bfc062723c751e8b465ee728b) [PhysX] Initialized MultithreadedTaskDispatcher with 2 workers.
[PhysX] Initialized MultithreadedTaskDispatcher with 2 workers.
 -> (artifact id: '7e58ed7229e1553d926badf770e97432') in 1.626501 seconds
Number of updated asset objects reloaded before import = 0
Number of asset objects unloaded after import = 3
========================================================================
Received Import Request.
  Time since last request: 0.002195 seconds.
  path: Assets/Gambar/Run/Run (7).png
  artifactKey: Guid(aa3e009b5bf9f5b4cb4c7fd2abe8c1f7) Importer(815301076,1909f56bfc062723c751e8b465ee728b)
Start importing Assets/Gambar/Run/Run (7).png using Guid(aa3e009b5bf9f5b4cb4c7fd2abe8c1f7) Importer(815301076,1909f56bfc062723c751e8b465ee728b) [PhysX] Initialized MultithreadedTaskDispatcher with 2 workers.
[PhysX] Initialized MultithreadedTaskDispatcher with 2 workers.
 -> (artifact id: '394bdb495e6872cf96cf310794d07988') in 0.320706 seconds
Number of updated asset objects reloaded before import = 0
Number of asset objects unloaded after import = 3
========================================================================
Received Import Request.
  Time since last request: 0.004744 seconds.
  path: Assets/Gambar/Run/Run (4).png
  artifactKey: Guid(1bcf6b87787bdc945bc88a7693f31993) Importer(815301076,1909f56bfc062723c751e8b465ee728b)
Start importing Assets/Gambar/Run/Run (4).png using Guid(1bcf6b87787bdc945bc88a7693f31993) Importer(815301076,1909f56bfc062723c751e8b465ee728b) [PhysX] Initialized MultithreadedTaskDispatcher with 2 workers.
[PhysX] Initialized MultithreadedTaskDispatcher with 2 workers.
 -> (artifact id: '18adc24acac9f3e1be058cb097350531') in 0.441734 seconds
Number of updated asset objects reloaded before import = 0
Number of asset objects unloaded after import = 3
========================================================================
Received Import Request.
  Time since last request: 0.001260 seconds.
  path: Assets/Gambar/Run/Run (3).png
  artifactKey: Guid(312041b55885d9d438a3ba5e02609d35) Importer(815301076,1909f56bfc062723c751e8b465ee728b)
Start importing Assets/Gambar/Run/Run (3).png using Guid(312041b55885d9d438a3ba5e02609d35) Importer(815301076,1909f56bfc062723c751e8b465ee728b) [PhysX] Initialized MultithreadedTaskDispatcher with 2 workers.
[PhysX] Initialized MultithreadedTaskDispatcher with 2 workers.
 -> (artifact id: '1b6022687feed57053b345968a3c0679') in 0.890057 seconds
Number of updated asset objects reloaded before import = 0
Number of asset objects unloaded after import = 3
========================================================================
Received Import Request.
  Time since last request: 0.004622 seconds.
  path: Assets/Gambar/Run/Run (8).png
  artifactKey: Guid(2bc9df19e630ca449aa8243f61fd1a24) Importer(815301076,1909f56bfc062723c751e8b465ee728b)
Start importing Assets/Gambar/Run/Run (8).png using Guid(2bc9df19e630ca449aa8243f61fd1a24) Importer(815301076,1909f56bfc062723c751e8b465ee728b) [PhysX] Initialized MultithreadedTaskDispatcher with 2 workers.
[PhysX] Initialized MultithreadedTaskDispatcher with 2 workers.
 -> (artifact id: '83e7bfbcb6a8f937d23f601895ee3719') in 0.563965 seconds
Number of updated asset objects reloaded before import = 0
Number of asset objects unloaded after import = 3
========================================================================
Received Import Request.
  Time since last request: 0.004419 seconds.
  path: Assets/Gambar/Run/Run (5).png
  artifactKey: Guid(f037faf89ae8d7244b69a96a9299aced) Importer(815301076,1909f56bfc062723c751e8b465ee728b)
Start importing Assets/Gambar/Run/Run (5).png using Guid(f037faf89ae8d7244b69a96a9299aced) Importer(815301076,1909f56bfc062723c751e8b465ee728b) [PhysX] Initialized MultithreadedTaskDispatcher with 2 workers.
[PhysX] Initialized MultithreadedTaskDispatcher with 2 workers.
 -> (artifact id: '53e92319d863a374d3fa9ecd0bc8cbfb') in 0.582251 seconds
Number of updated asset objects reloaded before import = 0
Number of asset objects unloaded after import = 3
========================================================================
Received Import Request.
  Time since last request: 0.016772 seconds.
  path: Assets/Gambar/Run/Run (2).png
  artifactKey: Guid(864179b66c4779e4bb687bfe9cb17e7e) Importer(815301076,1909f56bfc062723c751e8b465ee728b)
Start importing Assets/Gambar/Run/Run (2).png using Guid(864179b66c4779e4bb687bfe9cb17e7e) Importer(815301076,1909f56bfc062723c751e8b465ee728b) [PhysX] Initialized MultithreadedTaskDispatcher with 2 workers.
[PhysX] Initialized MultithreadedTaskDispatcher with 2 workers.
 -> (artifact id: 'acb1ff72171b5a8210af75869b5f0490') in 1.003096 seconds
Number of updated asset objects reloaded before import = 0
Number of asset objects unloaded after import = 3
========================================================================
Received Import Request.
  Time since last request: 223.363374 seconds.
  path: Assets/Animations/_PlayerAnim.controller
  artifactKey: Guid(172165cac901f5c4e9e2950109036936) Importer(815301076,1909f56bfc062723c751e8b465ee728b)
Start importing Assets/Animations/_PlayerAnim.controller using Guid(172165cac901f5c4e9e2950109036936) Importer(815301076,1909f56bfc062723c751e8b465ee728b) [PhysX] Initialized MultithreadedTaskDispatcher with 2 workers.
 -> (artifact id: '991124a2d6aea44013477dd8ae71fa21') in 0.010021 seconds
Number of updated asset objects reloaded before import = 0
Number of asset objects unloaded after import = 2
========================================================================
Received Import Request.
  Time since last request: 371.272000 seconds.
  path: Assets/Gambar/Idle
  artifactKey: Guid(764541c3d360cb64ebab1151c88127ac) Importer(815301076,1909f56bfc062723c751e8b465ee728b)
Start importing Assets/Gambar/Idle using Guid(764541c3d360cb64ebab1151c88127ac) Importer(815301076,1909f56bfc062723c751e8b465ee728b) [PhysX] Initialized MultithreadedTaskDispatcher with 2 workers.
 -> (artifact id: '0e03fc8146f638d04a0dd15cf56a312f') in 0.003578 seconds
Number of updated asset objects reloaded before import = 0
Number of asset objects unloaded after import = 0
========================================================================
Received Import Request.
  Time since last request: 0.005378 seconds.
  path: Assets/Gambar/Idle/Idle (1).png
  artifactKey: Guid(d2bcdf11946075d439a7301bb4cf6e62) Importer(815301076,1909f56bfc062723c751e8b465ee728b)
Start importing Assets/Gambar/Idle/Idle (1).png using Guid(d2bcdf11946075d439a7301bb4cf6e62) Importer(815301076,1909f56bfc062723c751e8b465ee728b) [PhysX] Initialized MultithreadedTaskDispatcher with 2 workers.
[PhysX] Initialized MultithreadedTaskDispatcher with 2 workers.
 -> (artifact id: '803a1479a9a35c1b0445e1408f987fa6') in 0.471660 seconds
Number of updated asset objects reloaded before import = 0
Number of asset objects unloaded after import = 3
========================================================================
Received Import Request.
  Time since last request: 0.001835 seconds.
  path: Assets/Gambar/Idle/Idle (3).png
  artifactKey: Guid(f381a987de5e7f44eb29bc5c68fc692b) Importer(815301076,1909f56bfc062723c751e8b465ee728b)
Start importing Assets/Gambar/Idle/Idle (3).png using Guid(f381a987de5e7f44eb29bc5c68fc692b) Importer(815301076,1909f56bfc062723c751e8b465ee728b) [PhysX] Initialized MultithreadedTaskDispatcher with 2 workers.
[PhysX] Initialized MultithreadedTaskDispatcher with 2 workers.
 -> (artifact id: '3a1f83e83e3cb12e33366fcbd4c748b4') in 0.432053 seconds
Number of updated asset objects reloaded before import = 0
Number of asset objects unloaded after import = 3
========================================================================
Received Import Request.
  Time since last request: 0.003158 seconds.
  path: Assets/Gambar/Idle/Idle (2).png
  artifactKey: Guid(7f56e85c21c5dfc4b806cc96cae776e4) Importer(815301076,1909f56bfc062723c751e8b465ee728b)
Start importing Assets/Gambar/Idle/Idle (2).png using Guid(7f56e85c21c5dfc4b806cc96cae776e4) Importer(815301076,1909f56bfc062723c751e8b465ee728b) [PhysX] Initialized MultithreadedTaskDispatcher with 2 workers.
[PhysX] Initialized MultithreadedTaskDispatcher with 2 workers.
 -> (artifact id: 'c949d606225fe461c11f495de086a7f6') in 0.436175 seconds
Number of updated asset objects reloaded before import = 0
Number of asset objects unloaded after import = 3
========================================================================
Received Import Request.
  Time since last request: 0.002057 seconds.
  path: Assets/Gambar/Idle/Idle (7).png
  artifactKey: Guid(d4de7eefcdc7a2b44be2cd34eed25bfc) Importer(815301076,1909f56bfc062723c751e8b465ee728b)
Start importing Assets/Gambar/Idle/Idle (7).png using Guid(d4de7eefcdc7a2b44be2cd34eed25bfc) Importer(815301076,1909f56bfc062723c751e8b465ee728b) [PhysX] Initialized MultithreadedTaskDispatcher with 2 workers.
[PhysX] Initialized MultithreadedTaskDispatcher with 2 workers.
 -> (artifact id: '686869e0fcd2b936c160fdcc57220d8a') in 0.563905 seconds
Number of updated asset objects reloaded before import = 0
Number of asset objects unloaded after import = 3
========================================================================
Received Import Request.
  Time since last request: 0.000049 seconds.
  path: Assets/Gambar/Idle/Idle (9).png
  artifactKey: Guid(11f3e436652447b4c816a252d02783ce) Importer(815301076,1909f56bfc062723c751e8b465ee728b)
Start importing Assets/Gambar/Idle/Idle (9).png using Guid(11f3e436652447b4c816a252d02783ce) Importer(815301076,1909f56bfc062723c751e8b465ee728b) [PhysX] Initialized MultithreadedTaskDispatcher with 2 workers.
[PhysX] Initialized MultithreadedTaskDispatcher with 2 workers.
 -> (artifact id: 'dab954baa70545260d235a59eac2d7a8') in 0.457769 seconds
Number of updated asset objects reloaded before import = 0
Number of asset objects unloaded after import = 3
========================================================================
Received Import Request.
  Time since last request: 0.003170 seconds.
  path: Assets/Gambar/Idle/Idle (4).png
  artifactKey: Guid(92a43d7a9fb419748acd5332639414b0) Importer(815301076,1909f56bfc062723c751e8b465ee728b)
Start importing Assets/Gambar/Idle/Idle (4).png using Guid(92a43d7a9fb419748acd5332639414b0) Importer(815301076,1909f56bfc062723c751e8b465ee728b) [PhysX] Initialized MultithreadedTaskDispatcher with 2 workers.
[PhysX] Initialized MultithreadedTaskDispatcher with 2 workers.
 -> (artifact id: 'ab8190957119902aebd51c85c9e19bc5') in 0.427553 seconds
Number of updated asset objects reloaded before import = 0
Number of asset objects unloaded after import = 3
========================================================================
Received Import Request.
  Time since last request: 0.012432 seconds.
  path: Assets/Gambar/Idle/Idle (6).png
  artifactKey: Guid(7ccb70cb833869d478eb5ae121799bb1) Importer(815301076,1909f56bfc062723c751e8b465ee728b)
Start importing Assets/Gambar/Idle/Idle (6).png using Guid(7ccb70cb833869d478eb5ae121799bb1) Importer(815301076,1909f56bfc062723c751e8b465ee728b) [PhysX] Initialized MultithreadedTaskDispatcher with 2 workers.
[PhysX] Initialized MultithreadedTaskDispatcher with 2 workers.
 -> (artifact id: '4a81ad0b1b0c7d0916f066ea60104c68') in 0.311548 seconds
Number of updated asset objects reloaded before import = 0
Number of asset objects unloaded after import = 3
========================================================================
Received Import Request.
  Time since last request: 0.372227 seconds.
  path: Assets/Gambar/Idle/Idle (10).png
  artifactKey: Guid(dec4ac7bf64187e4296ead3b2302f84a) Importer(815301076,1909f56bfc062723c751e8b465ee728b)
Start importing Assets/Gambar/Idle/Idle (10).png using Guid(dec4ac7bf64187e4296ead3b2302f84a) Importer(815301076,1909f56bfc062723c751e8b465ee728b) [PhysX] Initialized MultithreadedTaskDispatcher with 2 workers.
[PhysX] Initialized MultithreadedTaskDispatcher with 2 workers.
 -> (artifact id: '5f21fe20276f179d1ce194ca3fd9fcd6') in 0.238880 seconds
Number of updated asset objects reloaded before import = 0
Number of asset objects unloaded after import = 3
========================================================================
Received Import Request.
  Time since last request: 0.004402 seconds.
  path: Assets/Gambar/Idle/Idle (5).png
  artifactKey: Guid(6ed1e36084536f84da96fba880c741bb) Importer(815301076,1909f56bfc062723c751e8b465ee728b)
Start importing Assets/Gambar/Idle/Idle (5).png using Guid(6ed1e36084536f84da96fba880c741bb) Importer(815301076,1909f56bfc062723c751e8b465ee728b) [PhysX] Initialized MultithreadedTaskDispatcher with 2 workers.
[PhysX] Initialized MultithreadedTaskDispatcher with 2 workers.
 -> (artifact id: '5275709b7c1a70c1703a470be7cc21f7') in 5.354744 seconds
Number of updated asset objects reloaded before import = 0
Number of asset objects unloaded after import = 3
========================================================================
Received Import Request.
  Time since last request: 0.002512 seconds.
  path: Assets/Gambar/Idle/Idle (8).png
  artifactKey: Guid(0ce6c7b0b44a62e4a8133d6af856b384) Importer(815301076,1909f56bfc062723c751e8b465ee728b)
Start importing Assets/Gambar/Idle/Idle (8).png using Guid(0ce6c7b0b44a62e4a8133d6af856b384) Importer(815301076,1909f56bfc062723c751e8b465ee728b) [PhysX] Initialized MultithreadedTaskDispatcher with 2 workers.
[PhysX] Initialized MultithreadedTaskDispatcher with 2 workers.
 -> (artifact id: '9cb9b80485ff329854b7dc444d5f5a8e') in 0.495758 seconds
Number of updated asset objects reloaded before import = 0
Number of asset objects unloaded after import = 3
========================================================================
Received Import Request.
  Time since last request: 64.098328 seconds.
  path: Assets/Animations
  artifactKey: Guid(9545c9350b3de1742a2cb8d85c17245d) Importer(815301076,1909f56bfc062723c751e8b465ee728b)
Start importing Assets/Animations using Guid(9545c9350b3de1742a2cb8d85c17245d) Importer(815301076,1909f56bfc062723c751e8b465ee728b) [PhysX] Initialized MultithreadedTaskDispatcher with 2 workers.
 -> (artifact id: 'c7f76322d80e68d6a7e0ec930ff7444c') in 0.005298 seconds
Number of updated asset objects reloaded before import = 0
Number of asset objects unloaded after import = 0
========================================================================
Received Import Request.
  Time since last request: 356.257457 seconds.
  path: Assets/Capsule.png
  artifactKey: Guid(65d037748af14d344ae7be528786cca3) Importer(815301076,1909f56bfc062723c751e8b465ee728b)
Start importing Assets/Capsule.png using Guid(65d037748af14d344ae7be528786cca3) Importer(815301076,1909f56bfc062723c751e8b465ee728b) [PhysX] Initialized MultithreadedTaskDispatcher with 2 workers.
[PhysX] Initialized MultithreadedTaskDispatcher with 2 workers.
 -> (artifact id: 'f2e6bc66583a64eee84530a7dc3cc20f') in 0.439305 seconds
Number of updated asset objects reloaded before import = 0
Number of asset objects unloaded after import = 3
========================================================================
Received Import Request.
  Time since last request: 15.419661 seconds.
  path: Assets/Player.png
  artifactKey: Guid(65d037748af14d344ae7be528786cca3) Importer(815301076,1909f56bfc062723c751e8b465ee728b)
Start importing Assets/Player.png using Guid(65d037748af14d344ae7be528786cca3) Importer(815301076,1909f56bfc062723c751e8b465ee728b) [PhysX] Initialized MultithreadedTaskDispatcher with 2 workers.
[PhysX] Initialized MultithreadedTaskDispatcher with 2 workers.
 -> (artifact id: '80febbfae0bf24a34f0489540d4c6415') in 0.030415 seconds
Number of updated asset objects reloaded before import = 0
Number of asset objects unloaded after import = 3
========================================================================
Received Import Request.
  Time since last request: 42.657017 seconds.
  path: Assets/Square.png
  artifactKey: Guid(9600305143781b44f82b3814e7c3dcf6) Importer(815301076,1909f56bfc062723c751e8b465ee728b)
Start importing Assets/Square.png using Guid(9600305143781b44f82b3814e7c3dcf6) Importer(815301076,1909f56bfc062723c751e8b465ee728b) [PhysX] Initialized MultithreadedTaskDispatcher with 2 workers.
[PhysX] Initialized MultithreadedTaskDispatcher with 2 workers.
 -> (artifact id: 'e779d0c3da8e72d1bb0b7e7550e0a8e6') in 0.461704 seconds
Number of updated asset objects reloaded before import = 0
Number of asset objects unloaded after import = 3
========================================================================
Received Import Request.
  Time since last request: 90.988096 seconds.
  path: Assets/Gambar/Dead
  artifactKey: Guid(f2e9ff8d244b2e0479e38db39fb4a615) Importer(815301076,1909f56bfc062723c751e8b465ee728b)
Start importing Assets/Gambar/Dead using Guid(f2e9ff8d244b2e0479e38db39fb4a615) Importer(815301076,1909f56bfc062723c751e8b465ee728b) [PhysX] Initialized MultithreadedTaskDispatcher with 2 workers.
 -> (artifact id: '1233840e425ab21a97f3aa754c754e8e') in 0.005530 seconds
Number of updated asset objects reloaded before import = 0
Number of asset objects unloaded after import = 0
========================================================================
Received Import Request.
  Time since last request: 0.000491 seconds.
  path: Assets/Gambar/Dead/Dead (7).png
  artifactKey: Guid(05b67a8595100c844ab6bf17c69b92bf) Importer(815301076,1909f56bfc062723c751e8b465ee728b)
Start importing Assets/Gambar/Dead/Dead (7).png using Guid(05b67a8595100c844ab6bf17c69b92bf) Importer(815301076,1909f56bfc062723c751e8b465ee728b) [PhysX] Initialized MultithreadedTaskDispatcher with 2 workers.
[PhysX] Initialized MultithreadedTaskDispatcher with 2 workers.
 -> (artifact id: 'a62540b2c298f992c12eaa28f0c35e12') in 0.410384 seconds
Number of updated asset objects reloaded before import = 0
Number of asset objects unloaded after import = 3
========================================================================
Received Import Request.
  Time since last request: 0.000756 seconds.
  path: Assets/Gambar/Dead/Dead (10).png
  artifactKey: Guid(07f1c08876c6b8248ae815aa5b955e0c) Importer(815301076,1909f56bfc062723c751e8b465ee728b)
Start importing Assets/Gambar/Dead/Dead (10).png using Guid(07f1c08876c6b8248ae815aa5b955e0c) Importer(815301076,1909f56bfc062723c751e8b465ee728b) [PhysX] Initialized MultithreadedTaskDispatcher with 2 workers.
[PhysX] Initialized MultithreadedTaskDispatcher with 2 workers.
 -> (artifact id: 'd6f17e7f81655d541651d56bd65a971a') in 0.283471 seconds
Number of updated asset objects reloaded before import = 0
Number of asset objects unloaded after import = 3
========================================================================
Received Import Request.
  Time since last request: 0.016011 seconds.
  path: Assets/Gambar/Dead/Dead (5).png
  artifactKey: Guid(4384f02f3a1b20540b5756727b60ac24) Importer(815301076,1909f56bfc062723c751e8b465ee728b)
Start importing Assets/Gambar/Dead/Dead (5).png using Guid(4384f02f3a1b20540b5756727b60ac24) Importer(815301076,1909f56bfc062723c751e8b465ee728b) [PhysX] Initialized MultithreadedTaskDispatcher with 2 workers.
[PhysX] Initialized MultithreadedTaskDispatcher with 2 workers.
 -> (artifact id: '17f3c0ed6cdefaeb70982b76cb2fdfd7') in 0.464210 seconds
Number of updated asset objects reloaded before import = 0
Number of asset objects unloaded after import = 3
========================================================================
Received Import Request.
  Time since last request: 0.001107 seconds.
  path: Assets/Gambar/Dead/Dead (2).png
  artifactKey: Guid(58d70e2e694a14845a7f2bce01979677) Importer(815301076,1909f56bfc062723c751e8b465ee728b)
Start importing Assets/Gambar/Dead/Dead (2).png using Guid(58d70e2e694a14845a7f2bce01979677) Importer(815301076,1909f56bfc062723c751e8b465ee728b) [PhysX] Initialized MultithreadedTaskDispatcher with 2 workers.
[PhysX] Initialized MultithreadedTaskDispatcher with 2 workers.
 -> (artifact id: 'd06e5b64900e03dd80484053561555ef') in 0.463906 seconds
Number of updated asset objects reloaded before import = 0
Number of asset objects unloaded after import = 3
========================================================================
Received Import Request.
  Time since last request: 0.000548 seconds.
  path: Assets/Gambar/Dead/Dead (1).png
  artifactKey: Guid(a3ea8ee709b57414da7977533b4f4bef) Importer(815301076,1909f56bfc062723c751e8b465ee728b)
Start importing Assets/Gambar/Dead/Dead (1).png using Guid(a3ea8ee709b57414da7977533b4f4bef) Importer(815301076,1909f56bfc062723c751e8b465ee728b) [PhysX] Initialized MultithreadedTaskDispatcher with 2 workers.
[PhysX] Initialized MultithreadedTaskDispatcher with 2 workers.
 -> (artifact id: '8c77b698d42f99a1484481777aa22c44') in 0.514567 seconds
Number of updated asset objects reloaded before import = 0
Number of asset objects unloaded after import = 3
========================================================================
Received Import Request.
  Time since last request: 0.007617 seconds.
  path: Assets/Gambar/Dead/Dead (8).png
  artifactKey: Guid(5c41db57dbb229b4e8cb0e8eee45a8ee) Importer(815301076,1909f56bfc062723c751e8b465ee728b)
Start importing Assets/Gambar/Dead/Dead (8).png using Guid(5c41db57dbb229b4e8cb0e8eee45a8ee) Importer(815301076,1909f56bfc062723c751e8b465ee728b) [PhysX] Initialized MultithreadedTaskDispatcher with 2 workers.
[PhysX] Initialized MultithreadedTaskDispatcher with 2 workers.
 -> (artifact id: '0cb88f47662d7911aeb671a6d8da82b1') in 0.442524 seconds
Number of updated asset objects reloaded before import = 0
Number of asset objects unloaded after import = 3
========================================================================
Received Import Request.
  Time since last request: 0.005254 seconds.
  path: Assets/Gambar/Dead/Dead (9).png
  artifactKey: Guid(a486d6e8f65c9e64c9dd949c8fbb2a15) Importer(815301076,1909f56bfc062723c751e8b465ee728b)
Start importing Assets/Gambar/Dead/Dead (9).png using Guid(a486d6e8f65c9e64c9dd949c8fbb2a15) Importer(815301076,1909f56bfc062723c751e8b465ee728b) [PhysX] Initialized MultithreadedTaskDispatcher with 2 workers.
[PhysX] Initialized MultithreadedTaskDispatcher with 2 workers.
 -> (artifact id: '052838af43fe8d9af62443604a58b07b') in 0.446721 seconds
Number of updated asset objects reloaded before import = 0
Number of asset objects unloaded after import = 3
========================================================================
Received Import Request.
  Time since last request: 0.003290 seconds.
  path: Assets/Gambar/Dead/Dead (4).png
  artifactKey: Guid(62ef7f61739962448bab9d2755ad00db) Importer(815301076,1909f56bfc062723c751e8b465ee728b)
Start importing Assets/Gambar/Dead/Dead (4).png using Guid(62ef7f61739962448bab9d2755ad00db) Importer(815301076,1909f56bfc062723c751e8b465ee728b) [PhysX] Initialized MultithreadedTaskDispatcher with 2 workers.
[PhysX] Initialized MultithreadedTaskDispatcher with 2 workers.
 -> (artifact id: '0848d3dd1df8f87e3347f992a3d1989f') in 0.474229 seconds
Number of updated asset objects reloaded before import = 0
Number of asset objects unloaded after import = 3
========================================================================
Received Import Request.
  Time since last request: 0.011281 seconds.
  path: Assets/Gambar/Dead/Dead (6).png
  artifactKey: Guid(31ccaf041b265b24794388c434c4a245) Importer(815301076,1909f56bfc062723c751e8b465ee728b)
Start importing Assets/Gambar/Dead/Dead (6).png using Guid(31ccaf041b265b24794388c434c4a245) Importer(815301076,1909f56bfc062723c751e8b465ee728b) [PhysX] Initialized MultithreadedTaskDispatcher with 2 workers.
[PhysX] Initialized MultithreadedTaskDispatcher with 2 workers.
 -> (artifact id: 'c50d833fc71868887ce423eb77e785af') in 0.495688 seconds
Number of updated asset objects reloaded before import = 0
Number of asset objects unloaded after import = 3
========================================================================
Received Import Request.
  Time since last request: 0.000542 seconds.
  path: Assets/Gambar/Dead/Dead (3).png
  artifactKey: Guid(dd808c104a650a2409f37c9e6df3f760) Importer(815301076,1909f56bfc062723c751e8b465ee728b)
Start importing Assets/Gambar/Dead/Dead (3).png using Guid(dd808c104a650a2409f37c9e6df3f760) Importer(815301076,1909f56bfc062723c751e8b465ee728b) [PhysX] Initialized MultithreadedTaskDispatcher with 2 workers.
[PhysX] Initialized MultithreadedTaskDispatcher with 2 workers.
 -> (artifact id: '78002d4486266954fb777afbe48c2b79') in 0.542823 seconds
Number of updated asset objects reloaded before import = 0
Number of asset objects unloaded after import = 3
========================================================================
Received Import Request.
  Time since last request: 194.059999 seconds.
  path: Assets/Animations/_PlayerAnim.controller
  artifactKey: Guid(172165cac901f5c4e9e2950109036936) Importer(815301076,1909f56bfc062723c751e8b465ee728b)
Start importing Assets/Animations/_PlayerAnim.controller using Guid(172165cac901f5c4e9e2950109036936) Importer(815301076,1909f56bfc062723c751e8b465ee728b) [PhysX] Initialized MultithreadedTaskDispatcher with 2 workers.
 -> (artifact id: '700b2264ff29fada173f3ff73c845921') in 0.015550 seconds
Number of updated asset objects reloaded before import = 0
Number of asset objects unloaded after import = 6
========================================================================
Received Import Request.
  Time since last request: 29.617111 seconds.
  path: Assets/Animations/Run (1).png
  artifactKey: Guid(ba53f16f3a8f6d24b8a03898ec5ae6cc) Importer(815301076,1909f56bfc062723c751e8b465ee728b)
Start importing Assets/Animations/Run (1).png using Guid(ba53f16f3a8f6d24b8a03898ec5ae6cc) Importer(815301076,1909f56bfc062723c751e8b465ee728b) [PhysX] Initialized MultithreadedTaskDispatcher with 2 workers.
[PhysX] Initialized MultithreadedTaskDispatcher with 2 workers.
 -> (artifact id: '6b792d1101a0428fc082f15c04fe2952') in 0.449445 seconds
Number of updated asset objects reloaded before import = 0
Number of asset objects unloaded after import = 3
========================================================================
Received Import Request.
  Time since last request: 0.000065 seconds.
  path: Assets/Animations/Run (4).png
  artifactKey: Guid(c0a7f9606ead5784ba571d1c433fbc0c) Importer(815301076,1909f56bfc062723c751e8b465ee728b)
Start importing Assets/Animations/Run (4).png using Guid(c0a7f9606ead5784ba571d1c433fbc0c) Importer(815301076,1909f56bfc062723c751e8b465ee728b) [PhysX] Initialized MultithreadedTaskDispatcher with 2 workers.
[PhysX] Initialized MultithreadedTaskDispatcher with 2 workers.
 -> (artifact id: '6de25e73cabc8829b72e5996990b0949') in 0.212676 seconds
Number of updated asset objects reloaded before import = 0
Number of asset objects unloaded after import = 3
========================================================================
Received Import Request.
  Time since last request: 0.004396 seconds.
  path: Assets/Animations/Run (8).png
  artifactKey: Guid(64c28d077f60cf8469decd86c4925ed1) Importer(815301076,1909f56bfc062723c751e8b465ee728b)
Start importing Assets/Animations/Run (8).png using Guid(64c28d077f60cf8469decd86c4925ed1) Importer(815301076,1909f56bfc062723c751e8b465ee728b) [PhysX] Initialized MultithreadedTaskDispatcher with 2 workers.
[PhysX] Initialized MultithreadedTaskDispatcher with 2 workers.
 -> (artifact id: '82e0c760271b8c3b1304e033e7e3774d') in 0.192738 seconds
Number of updated asset objects reloaded before import = 0
Number of asset objects unloaded after import = 3
========================================================================
Received Import Request.
  Time since last request: 0.000580 seconds.
  path: Assets/Animations/Run (6).png
  artifactKey: Guid(8e10faf5ebf72b644a803e80a34fe5c5) Importer(815301076,1909f56bfc062723c751e8b465ee728b)
Start importing Assets/Animations/Run (6).png using Guid(8e10faf5ebf72b644a803e80a34fe5c5) Importer(815301076,1909f56bfc062723c751e8b465ee728b) [PhysX] Initialized MultithreadedTaskDispatcher with 2 workers.
[PhysX] Initialized MultithreadedTaskDispatcher with 2 workers.
 -> (artifact id: '067d46a52786989ae4d6a8ca3214758d') in 0.616717 seconds
Number of updated asset objects reloaded before import = 0
Number of asset objects unloaded after import = 3
========================================================================
Received Import Request.
  Time since last request: 0.000642 seconds.
  path: Assets/Animations/Run (3).png
  artifactKey: Guid(5f75e481b0fa0b049aef19bcc984b7dc) Importer(815301076,1909f56bfc062723c751e8b465ee728b)
Start importing Assets/Animations/Run (3).png using Guid(5f75e481b0fa0b049aef19bcc984b7dc) Importer(815301076,1909f56bfc062723c751e8b465ee728b) [PhysX] Initialized MultithreadedTaskDispatcher with 2 workers.
[PhysX] Initialized MultithreadedTaskDispatcher with 2 workers.
 -> (artifact id: 'cb641aa9a960528542f9ac70c78b89bf') in 0.189967 seconds
Number of updated asset objects reloaded before import = 0
Number of asset objects unloaded after import = 3
========================================================================
Received Import Request.
  Time since last request: 0.004760 seconds.
  path: Assets/Animations/Run (2).png
  artifactKey: Guid(68becbcac7fd98e4f99ef897d6dbc5eb) Importer(815301076,1909f56bfc062723c751e8b465ee728b)
Start importing Assets/Animations/Run (2).png using Guid(68becbcac7fd98e4f99ef897d6dbc5eb) Importer(815301076,1909f56bfc062723c751e8b465ee728b) [PhysX] Initialized MultithreadedTaskDispatcher with 2 workers.
[PhysX] Initialized MultithreadedTaskDispatcher with 2 workers.
 -> (artifact id: '0aca297c9e624a1412953d0335460fd0') in 0.319708 seconds
Number of updated asset objects reloaded before import = 0
Number of asset objects unloaded after import = 3
========================================================================
Received Import Request.
  Time since last request: 0.002471 seconds.
  path: Assets/Animations/Run (7).png
  artifactKey: Guid(cab45f8ed73792d45b61df757eaa5274) Importer(815301076,1909f56bfc062723c751e8b465ee728b)
Start importing Assets/Animations/Run (7).png using Guid(cab45f8ed73792d45b61df757eaa5274) Importer(815301076,1909f56bfc062723c751e8b465ee728b) [PhysX] Initialized MultithreadedTaskDispatcher with 2 workers.
[PhysX] Initialized MultithreadedTaskDispatcher with 2 workers.
 -> (artifact id: '512628e6020118aad5bcc3c2b58018de') in 0.217329 seconds
Number of updated asset objects reloaded before import = 0
Number of asset objects unloaded after import = 3
========================================================================
Received Import Request.
  Time since last request: 0.031766 seconds.
  path: Assets/Animations/Run (5).png
  artifactKey: Guid(68360efb51ab3db4b98e5c7a39eb6ef1) Importer(815301076,1909f56bfc062723c751e8b465ee728b)
Start importing Assets/Animations/Run (5).png using Guid(68360efb51ab3db4b98e5c7a39eb6ef1) Importer(815301076,1909f56bfc062723c751e8b465ee728b) [PhysX] Initialized MultithreadedTaskDispatcher with 2 workers.
[PhysX] Initialized MultithreadedTaskDispatcher with 2 workers.
 -> (artifact id: 'e3e3429b16f39e05cbb4cecf2eea15fe') in 0.269336 seconds
Number of updated asset objects reloaded before import = 0
Number of asset objects unloaded after import = 3
========================================================================
Received Import Request.
  Time since last request: 26.520181 seconds.
  path: Assets/Animations/Run (2) 1.png
  artifactKey: Guid(3836720458cca4e4da88b887460e18eb) Importer(815301076,1909f56bfc062723c751e8b465ee728b)
Start importing Assets/Animations/Run (2) 1.png using Guid(3836720458cca4e4da88b887460e18eb) Importer(815301076,1909f56bfc062723c751e8b465ee728b) [PhysX] Initialized MultithreadedTaskDispatcher with 2 workers.
[PhysX] Initialized MultithreadedTaskDispatcher with 2 workers.
 -> (artifact id: 'cc74deb10cef84aeee2c55bfce170c72') in 0.148856 seconds
Number of updated asset objects reloaded before import = 0
Number of asset objects unloaded after import = 3
========================================================================
Received Import Request.
  Time since last request: 0.001151 seconds.
  path: Assets/Animations/Run (6) 1.png
  artifactKey: Guid(ec3ff48bc9e49e04c9af2721bca6a37c) Importer(815301076,1909f56bfc062723c751e8b465ee728b)
Start importing Assets/Animations/Run (6) 1.png using Guid(ec3ff48bc9e49e04c9af2721bca6a37c) Importer(815301076,1909f56bfc062723c751e8b465ee728b) [PhysX] Initialized MultithreadedTaskDispatcher with 2 workers.
[PhysX] Initialized MultithreadedTaskDispatcher with 2 workers.
 -> (artifact id: 'f082524cc5f2aa027d3b92c7dcea32d6') in 0.053608 seconds
Number of updated asset objects reloaded before import = 0
Number of asset objects unloaded after import = 3
========================================================================
Received Import Request.
  Time since last request: 0.001048 seconds.
  path: Assets/Animations/Run (3) 1.png
  artifactKey: Guid(78853411f132d4b429ad5a3b3da63a7e) Importer(815301076,1909f56bfc062723c751e8b465ee728b)
Start importing Assets/Animations/Run (3) 1.png using Guid(78853411f132d4b429ad5a3b3da63a7e) Importer(815301076,1909f56bfc062723c751e8b465ee728b) [PhysX] Initialized MultithreadedTaskDispatcher with 2 workers.
[PhysX] Initialized MultithreadedTaskDispatcher with 2 workers.
 -> (artifact id: 'cd5decf7367b08d3097512761a8f271f') in 0.087976 seconds
Number of updated asset objects reloaded before import = 0
Number of asset objects unloaded after import = 3
========================================================================
Received Import Request.
  Time since last request: 0.001169 seconds.
  path: Assets/Animations/Run (5) 1.png
  artifactKey: Guid(58f36f15bb06b284fac42b2d20cc4acc) Importer(815301076,1909f56bfc062723c751e8b465ee728b)
Start importing Assets/Animations/Run (5) 1.png using Guid(58f36f15bb06b284fac42b2d20cc4acc) Importer(815301076,1909f56bfc062723c751e8b465ee728b) [PhysX] Initialized MultithreadedTaskDispatcher with 2 workers.
[PhysX] Initialized MultithreadedTaskDispatcher with 2 workers.
 -> (artifact id: '2ed1ca002f19a80a3566fd4ca8eb5bed') in 0.066330 seconds
Number of updated asset objects reloaded before import = 0
Number of asset objects unloaded after import = 3
========================================================================
Received Import Request.
  Time since last request: 0.000809 seconds.
  path: Assets/Animations/Run (4) 1.png
  artifactKey: Guid(1b98f57af5f794d41a75d9ae1ddaece2) Importer(815301076,1909f56bfc062723c751e8b465ee728b)
Start importing Assets/Animations/Run (4) 1.png using Guid(1b98f57af5f794d41a75d9ae1ddaece2) Importer(815301076,1909f56bfc062723c751e8b465ee728b) [PhysX] Initialized MultithreadedTaskDispatcher with 2 workers.
[PhysX] Initialized MultithreadedTaskDispatcher with 2 workers.
 -> (artifact id: '19b8f45771e612202d4aeaa2db6d1811') in 0.068046 seconds
Number of updated asset objects reloaded before import = 0
Number of asset objects unloaded after import = 3
========================================================================
Received Import Request.
  Time since last request: 0.001339 seconds.
  path: Assets/Animations/Run (8) 1.png
  artifactKey: Guid(a8200c95825f8d64e982c9e1655a0394) Importer(815301076,1909f56bfc062723c751e8b465ee728b)
Start importing Assets/Animations/Run (8) 1.png using Guid(a8200c95825f8d64e982c9e1655a0394) Importer(815301076,1909f56bfc062723c751e8b465ee728b) [PhysX] Initialized MultithreadedTaskDispatcher with 2 workers.
[PhysX] Initialized MultithreadedTaskDispatcher with 2 workers.
 -> (artifact id: '85839b1a06b5bcc89af63550f7d8bf08') in 0.217386 seconds
Number of updated asset objects reloaded before import = 0
Number of asset objects unloaded after import = 3
========================================================================
Received Import Request.
  Time since last request: 21.838572 seconds.
  path: Assets/Animations/Run (2) 1.png
  artifactKey: Guid(e0f239806ac68ac4b974339452276e05) Importer(815301076,1909f56bfc062723c751e8b465ee728b)
Start importing Assets/Animations/Run (2) 1.png using Guid(e0f239806ac68ac4b974339452276e05) Importer(815301076,1909f56bfc062723c751e8b465ee728b) [PhysX] Initialized MultithreadedTaskDispatcher with 2 workers.
[PhysX] Initialized MultithreadedTaskDispatcher with 2 workers.
 -> (artifact id: '2f332f629cf3e02c4150572dc7552dc4') in 0.139564 seconds
Number of updated asset objects reloaded before import = 0
Number of asset objects unloaded after import = 3
========================================================================
Received Import Request.
  Time since last request: 0.000385 seconds.
  path: Assets/Animations/Run (4) 2.png
  artifactKey: Guid(8802367f10877794185f1d12fe9dcffd) Importer(815301076,1909f56bfc062723c751e8b465ee728b)
Start importing Assets/Animations/Run (4) 2.png using Guid(8802367f10877794185f1d12fe9dcffd) Importer(815301076,1909f56bfc062723c751e8b465ee728b) [PhysX] Initialized MultithreadedTaskDispatcher with 2 workers.
[PhysX] Initialized MultithreadedTaskDispatcher with 2 workers.
 -> (artifact id: '0666b3653cd843439a474bd9d20d50b3') in 0.092603 seconds
Number of updated asset objects reloaded before import = 0
Number of asset objects unloaded after import = 3
========================================================================
Received Import Request.
  Time since last request: 0.000912 seconds.
  path: Assets/Animations/Run (5) 2.png
  artifactKey: Guid(923b43af99db00d4f99997e51611b722) Importer(815301076,1909f56bfc062723c751e8b465ee728b)
Start importing Assets/Animations/Run (5) 2.png using Guid(923b43af99db00d4f99997e51611b722) Importer(815301076,1909f56bfc062723c751e8b465ee728b) [PhysX] Initialized MultithreadedTaskDispatcher with 2 workers.
[PhysX] Initialized MultithreadedTaskDispatcher with 2 workers.
 -> (artifact id: '0ec0fb1976febe0dbb62805bbfdceeb0') in 0.130046 seconds
Number of updated asset objects reloaded before import = 0
Number of asset objects unloaded after import = 3
========================================================================
Received Import Request.
  Time since last request: 0.000105 seconds.
  path: Assets/Animations/Run (6) 2.png
  artifactKey: Guid(c4e7bad09817b6d40882a167bf954e88) Importer(815301076,1909f56bfc062723c751e8b465ee728b)
Start importing Assets/Animations/Run (6) 2.png using Guid(c4e7bad09817b6d40882a167bf954e88) Importer(815301076,1909f56bfc062723c751e8b465ee728b) [PhysX] Initialized MultithreadedTaskDispatcher with 2 workers.
[PhysX] Initialized MultithreadedTaskDispatcher with 2 workers.
 -> (artifact id: 'bbc0cfaa83bd6f0233138e8cacff192b') in 0.151326 seconds
Number of updated asset objects reloaded before import = 0
Number of asset objects unloaded after import = 3
========================================================================
Received Import Request.
  Time since last request: 0.007237 seconds.
  path: Assets/Animations/Run (4) 3.png
  artifactKey: Guid(ca924c41ffcce7b4eadf3368b428f15d) Importer(815301076,1909f56bfc062723c751e8b465ee728b)
Start importing Assets/Animations/Run (4) 3.png using Guid(ca924c41ffcce7b4eadf3368b428f15d) Importer(815301076,1909f56bfc062723c751e8b465ee728b) [PhysX] Initialized MultithreadedTaskDispatcher with 2 workers.
[PhysX] Initialized MultithreadedTaskDispatcher with 2 workers.
 -> (artifact id: '5830fd8db6d8c1d490a8f43bd7cdf959') in 0.098085 seconds
Number of updated asset objects reloaded before import = 0
Number of asset objects unloaded after import = 3
========================================================================
Received Import Request.
  Time since last request: 0.002134 seconds.
  path: Assets/Animations/Run (5) 3.png
  artifactKey: Guid(9b6809f5dfe161d409bf4a3711df4ff8) Importer(815301076,1909f56bfc062723c751e8b465ee728b)
Start importing Assets/Animations/Run (5) 3.png using Guid(9b6809f5dfe161d409bf4a3711df4ff8) Importer(815301076,1909f56bfc062723c751e8b465ee728b) [PhysX] Initialized MultithreadedTaskDispatcher with 2 workers.
[PhysX] Initialized MultithreadedTaskDispatcher with 2 workers.
 -> (artifact id: '9434b1557cedbfbc2fd2680b4b300601') in 0.254770 seconds
Number of updated asset objects reloaded before import = 0
Number of asset objects unloaded after import = 3
========================================================================
Received Import Request.
  Time since last request: 52.568070 seconds.
  path: Assets/Animations/Run.anim
  artifactKey: Guid(b8d7e607e27aff74288d91f52efef625) Importer(815301076,1909f56bfc062723c751e8b465ee728b)
Start importing Assets/Animations/Run.anim using Guid(b8d7e607e27aff74288d91f52efef625) Importer(815301076,1909f56bfc062723c751e8b465ee728b) [PhysX] Initialized MultithreadedTaskDispatcher with 2 workers.
 -> (artifact id: '305971eaf9a55f21666de1fbf59ca850') in 0.010756 seconds
Number of updated asset objects reloaded before import = 0
Number of asset objects unloaded after import = 1
========================================================================
Received Import Request.
  Time since last request: 111.115678 seconds.
  path: Assets/Animations.anim
  artifactKey: Guid(06c1fe3cd61361d47a7a0c14aa250dc3) Importer(815301076,1909f56bfc062723c751e8b465ee728b)
Start importing Assets/Animations.anim using Guid(06c1fe3cd61361d47a7a0c14aa250dc3) Importer(815301076,1909f56bfc062723c751e8b465ee728b) [PhysX] Initialized MultithreadedTaskDispatcher with 2 workers.
 -> (artifact id: '7a8ad9c212317a88a25a7e9d09c222fc') in 0.008571 seconds
Number of updated asset objects reloaded before import = 0
Number of asset objects unloaded after import = 0
========================================================================
Received Import Request.
  Time since last request: 63.215670 seconds.
  path: Assets/Animations/Run (1) 1.png
  artifactKey: Guid(aeec4ae9efe352547a523a45c458e080) Importer(815301076,1909f56bfc062723c751e8b465ee728b)
Start importing Assets/Animations/Run (1) 1.png using Guid(aeec4ae9efe352547a523a45c458e080) Importer(815301076,1909f56bfc062723c751e8b465ee728b) [PhysX] Initialized MultithreadedTaskDispatcher with 2 workers.
[PhysX] Initialized MultithreadedTaskDispatcher with 2 workers.
 -> (artifact id: '69ffe43e9b18c40d4b7fc916212c4c38') in 0.338164 seconds
Number of updated asset objects reloaded before import = 0
Number of asset objects unloaded after import = 3
========================================================================
Received Import Request.
  Time since last request: 1.669186 seconds.
  path: Assets/Animations/Run (1) 2.png
  artifactKey: Guid(fe5e02edd9fcda44c9d707178793c999) Importer(815301076,1909f56bfc062723c751e8b465ee728b)
Start importing Assets/Animations/Run (1) 2.png using Guid(fe5e02edd9fcda44c9d707178793c999) Importer(815301076,1909f56bfc062723c751e8b465ee728b) [PhysX] Initialized MultithreadedTaskDispatcher with 2 workers.
[PhysX] Initialized MultithreadedTaskDispatcher with 2 workers.
 -> (artifact id: '429f4388ddbd701cbd3097bcc8aa1e5f') in 0.180258 seconds
Number of updated asset objects reloaded before import = 0
Number of asset objects unloaded after import = 3
========================================================================
Received Import Request.
  Time since last request: 113.814180 seconds.
  path: Assets/Animations/Run (1) 2.controller
  artifactKey: Guid(50d0a284b11f4064483a02b81904424d) Importer(815301076,1909f56bfc062723c751e8b465ee728b)
Start importing Assets/Animations/Run (1) 2.controller using Guid(50d0a284b11f4064483a02b81904424d) Importer(815301076,1909f56bfc062723c751e8b465ee728b) [PhysX] Initialized MultithreadedTaskDispatcher with 2 workers.
 -> (artifact id: 'a3be74b563d5fa3e248a85432c614331') in 0.006736 seconds
Number of updated asset objects reloaded before import = 0
Number of asset objects unloaded after import = 1
========================================================================
Received Import Request.
  Time since last request: 6.878428 seconds.
  path: Assets/Animations/Idle.anim
  artifactKey: Guid(12780e971a60c6c4e9ee732e9c64d1b4) Importer(815301076,1909f56bfc062723c751e8b465ee728b)
Start importing Assets/Animations/Idle.anim using Guid(12780e971a60c6c4e9ee732e9c64d1b4) Importer(815301076,1909f56bfc062723c751e8b465ee728b) [PhysX] Initialized MultithreadedTaskDispatcher with 2 workers.
 -> (artifact id: '85dfbcb9edd2dfeb77f3bda485a74851') in 0.004565 seconds
Number of updated asset objects reloaded before import = 0
Number of asset objects unloaded after import = 1
========================================================================
Received Import Request.
  Time since last request: 181.049168 seconds.
  path: Assets/Animations/Dead (1).png
  artifactKey: Guid(3e006f6c7bd38a744a868ebe7d2bc6ab) Importer(815301076,1909f56bfc062723c751e8b465ee728b)
Start importing Assets/Animations/Dead (1).png using Guid(3e006f6c7bd38a744a868ebe7d2bc6ab) Importer(815301076,1909f56bfc062723c751e8b465ee728b) [PhysX] Initialized MultithreadedTaskDispatcher with 2 workers.
[PhysX] Initialized MultithreadedTaskDispatcher with 2 workers.
 -> (artifact id: '279693647ff2ebbeea5360aa047225ce') in 0.308405 seconds
Number of updated asset objects reloaded before import = 0
Number of asset objects unloaded after import = 3
========================================================================
Received Import Request.
  Time since last request: 0.000108 seconds.
  path: Assets/Animations/Jump (3).png
  artifactKey: Guid(4964f29688ce8d54cbb66703a8d1eebc) Importer(815301076,1909f56bfc062723c751e8b465ee728b)
Start importing Assets/Animations/Jump (3).png using Guid(4964f29688ce8d54cbb66703a8d1eebc) Importer(815301076,1909f56bfc062723c751e8b465ee728b) [PhysX] Initialized MultithreadedTaskDispatcher with 2 workers.
[PhysX] Initialized MultithreadedTaskDispatcher with 2 workers.
 -> (artifact id: '04acc34f445e0e9e9bf27606b9e88a7d') in 0.195289 seconds
Number of updated asset objects reloaded before import = 0
Number of asset objects unloaded after import = 3
========================================================================
Received Import Request.
  Time since last request: 0.000101 seconds.
  path: Assets/Animations/Dead (6).png
  artifactKey: Guid(f3c8459df39ddd24ca9e9b9440ce966a) Importer(815301076,1909f56bfc062723c751e8b465ee728b)
Start importing Assets/Animations/Dead (6).png using Guid(f3c8459df39ddd24ca9e9b9440ce966a) Importer(815301076,1909f56bfc062723c751e8b465ee728b) [PhysX] Initialized MultithreadedTaskDispatcher with 2 workers.
[PhysX] Initialized MultithreadedTaskDispatcher with 2 workers.
 -> (artifact id: 'f141c578be0bc92801cb1c7dd13b54d3') in 0.348917 seconds
Number of updated asset objects reloaded before import = 0
Number of asset objects unloaded after import = 3
========================================================================
Received Import Request.
  Time since last request: 0.000170 seconds.
  path: Assets/Animations/Dead (9).png
  artifactKey: Guid(b42b30e507cd5af4f9800fb5cef273f1) Importer(815301076,1909f56bfc062723c751e8b465ee728b)
Start importing Assets/Animations/Dead (9).png using Guid(b42b30e507cd5af4f9800fb5cef273f1) Importer(815301076,1909f56bfc062723c751e8b465ee728b) [PhysX] Initialized MultithreadedTaskDispatcher with 2 workers.
[PhysX] Initialized MultithreadedTaskDispatcher with 2 workers.
 -> (artifact id: '14af698909b804f00a508fd461fa6856') in 0.164587 seconds
Number of updated asset objects reloaded before import = 0
Number of asset objects unloaded after import = 3
========================================================================
Received Import Request.
  Time since last request: 0.012471 seconds.
  path: Assets/Animations/Jump (6).png
  artifactKey: Guid(d838b42fbf9aee84eb6f35f5c4a7ef11) Importer(815301076,1909f56bfc062723c751e8b465ee728b)
Start importing Assets/Animations/Jump (6).png using Guid(d838b42fbf9aee84eb6f35f5c4a7ef11) Importer(815301076,1909f56bfc062723c751e8b465ee728b) [PhysX] Initialized MultithreadedTaskDispatcher with 2 workers.
[PhysX] Initialized MultithreadedTaskDispatcher with 2 workers.
 -> (artifact id: 'd9e00bae96171d6391ec9815a9c54306') in 0.292900 seconds
Number of updated asset objects reloaded before import = 0
Number of asset objects unloaded after import = 3
========================================================================
Received Import Request.
  Time since last request: 0.003499 seconds.
  path: Assets/Animations/Idle (9).png
  artifactKey: Guid(fd5ca693da9b2fb4db0a20e492cd6220) Importer(815301076,1909f56bfc062723c751e8b465ee728b)
Start importing Assets/Animations/Idle (9).png using Guid(fd5ca693da9b2fb4db0a20e492cd6220) Importer(815301076,1909f56bfc062723c751e8b465ee728b) [PhysX] Initialized MultithreadedTaskDispatcher with 2 workers.
[PhysX] Initialized MultithreadedTaskDispatcher with 2 workers.
 -> (artifact id: '3373ff01a37c2daa99292f55e7a23365') in 0.250847 seconds
Number of updated asset objects reloaded before import = 0
Number of asset objects unloaded after import = 3
========================================================================
Received Import Request.
  Time since last request: 0.000091 seconds.
  path: Assets/Animations/Jump (11).png
  artifactKey: Guid(2bfe8b54f7fc668449b6d9620f9f2616) Importer(815301076,1909f56bfc062723c751e8b465ee728b)
Start importing Assets/Animations/Jump (11).png using Guid(2bfe8b54f7fc668449b6d9620f9f2616) Importer(815301076,1909f56bfc062723c751e8b465ee728b) [PhysX] Initialized MultithreadedTaskDispatcher with 2 workers.
[PhysX] Initialized MultithreadedTaskDispatcher with 2 workers.
 -> (artifact id: '838b5eb0042c0d44f1bcf7ced2cef57b') in 0.250125 seconds
Number of updated asset objects reloaded before import = 0
Number of asset objects unloaded after import = 3
========================================================================
Received Import Request.
  Time since last request: 0.000087 seconds.
  path: Assets/Animations/Idle (8).png
  artifactKey: Guid(10c0d214ee10d6f408507f9ad7126c50) Importer(815301076,1909f56bfc062723c751e8b465ee728b)
Start importing Assets/Animations/Idle (8).png using Guid(10c0d214ee10d6f408507f9ad7126c50) Importer(815301076,1909f56bfc062723c751e8b465ee728b) [PhysX] Initialized MultithreadedTaskDispatcher with 2 workers.
[PhysX] Initialized MultithreadedTaskDispatcher with 2 workers.
 -> (artifact id: 'e40db15a12f4c3df4c5e7eddfb6fb4ef') in 0.207781 seconds
Number of updated asset objects reloaded before import = 0
Number of asset objects unloaded after import = 3
========================================================================
Received Import Request.
  Time since last request: 0.000059 seconds.
  path: Assets/Animations/Idle (6).png
  artifactKey: Guid(828a3782bb56960418e22304dd2ac8ff) Importer(815301076,1909f56bfc062723c751e8b465ee728b)
Start importing Assets/Animations/Idle (6).png using Guid(828a3782bb56960418e22304dd2ac8ff) Importer(815301076,1909f56bfc062723c751e8b465ee728b) [PhysX] Initialized MultithreadedTaskDispatcher with 2 workers.
[PhysX] Initialized MultithreadedTaskDispatcher with 2 workers.
 -> (artifact id: '11636ae511d2a980efc8a70259f8f590') in 0.475281 seconds
Number of updated asset objects reloaded before import = 0
Number of asset objects unloaded after import = 3
========================================================================
Received Import Request.
  Time since last request: 0.005720 seconds.
  path: Assets/Animations/Idle (7).png
  artifactKey: Guid(fdccc65be7401ad42865152fab735b29) Importer(815301076,1909f56bfc062723c751e8b465ee728b)
Start importing Assets/Animations/Idle (7).png using Guid(fdccc65be7401ad42865152fab735b29) Importer(815301076,1909f56bfc062723c751e8b465ee728b) [PhysX] Initialized MultithreadedTaskDispatcher with 2 workers.
[PhysX] Initialized MultithreadedTaskDispatcher with 2 workers.
 -> (artifact id: '1fcca1896f041579f1a54bbe2b32bfd2') in 0.257890 seconds
Number of updated asset objects reloaded before import = 0
Number of asset objects unloaded after import = 3
========================================================================
Received Import Request.
  Time since last request: 0.001567 seconds.
  path: Assets/Animations/Idle (1).png
  artifactKey: Guid(709ed9014b5224747a31129154c3e4c8) Importer(815301076,1909f56bfc062723c751e8b465ee728b)
Start importing Assets/Animations/Idle (1).png using Guid(709ed9014b5224747a31129154c3e4c8) Importer(815301076,1909f56bfc062723c751e8b465ee728b) [PhysX] Initialized MultithreadedTaskDispatcher with 2 workers.
[PhysX] Initialized MultithreadedTaskDispatcher with 2 workers.
 -> (artifact id: '8f36f1d1c62a15d1bdce2d9873ffe8ac') in 0.218482 seconds
Number of updated asset objects reloaded before import = 0
Number of asset objects unloaded after import = 3
========================================================================
Received Import Request.
  Time since last request: 0.000156 seconds.
  path: Assets/Animations/Jump (7).png
  artifactKey: Guid(f460190a716a91249ac4eaf6508fd1ee) Importer(815301076,1909f56bfc062723c751e8b465ee728b)
Start importing Assets/Animations/Jump (7).png using Guid(f460190a716a91249ac4eaf6508fd1ee) Importer(815301076,1909f56bfc062723c751e8b465ee728b) [PhysX] Initialized MultithreadedTaskDispatcher with 2 workers.
[PhysX] Initialized MultithreadedTaskDispatcher with 2 workers.
 -> (artifact id: 'bbc42a01df19545505781d9eb71797a1') in 0.266925 seconds
Number of updated asset objects reloaded before import = 0
Number of asset objects unloaded after import = 3
========================================================================
Received Import Request.
  Time since last request: 0.000355 seconds.
  path: Assets/Animations/Dead (4).png
  artifactKey: Guid(c72cabebf94ec2341a6cf4a1a9ecde59) Importer(815301076,1909f56bfc062723c751e8b465ee728b)
Start importing Assets/Animations/Dead (4).png using Guid(c72cabebf94ec2341a6cf4a1a9ecde59) Importer(815301076,1909f56bfc062723c751e8b465ee728b) [PhysX] Initialized MultithreadedTaskDispatcher with 2 workers.
[PhysX] Initialized MultithreadedTaskDispatcher with 2 workers.
 -> (artifact id: '425c18879fde53d62e9edbd82cd6b37e') in 0.214131 seconds
Number of updated asset objects reloaded before import = 0
Number of asset objects unloaded after import = 3
========================================================================
Received Import Request.
  Time since last request: 0.000609 seconds.
  path: Assets/Animations/Dead (7).png
  artifactKey: Guid(9adc93ff9dd397542a59147581b3619c) Importer(815301076,1909f56bfc062723c751e8b465ee728b)
Start importing Assets/Animations/Dead (7).png using Guid(9adc93ff9dd397542a59147581b3619c) Importer(815301076,1909f56bfc062723c751e8b465ee728b) [PhysX] Initialized MultithreadedTaskDispatcher with 2 workers.
[PhysX] Initialized MultithreadedTaskDispatcher with 2 workers.
 -> (artifact id: '66a1e2a45b666f8d3bfb732503e5020b') in 0.596774 seconds
Number of updated asset objects reloaded before import = 0
Number of asset objects unloaded after import = 3
========================================================================
Received Import Request.
  Time since last request: 0.005885 seconds.
  path: Assets/Animations/Jump (10).png
  artifactKey: Guid(3d415afeaa0dea644acff12aef36706b) Importer(815301076,1909f56bfc062723c751e8b465ee728b)
Start importing Assets/Animations/Jump (10).png using Guid(3d415afeaa0dea644acff12aef36706b) Importer(815301076,1909f56bfc062723c751e8b465ee728b) [PhysX] Initialized MultithreadedTaskDispatcher with 2 workers.
[PhysX] Initialized MultithreadedTaskDispatcher with 2 workers.
 -> (artifact id: '1d6ab44857b919f0b216a3fa78a33ec0') in 0.183428 seconds
Number of updated asset objects reloaded before import = 0
Number of asset objects unloaded after import = 3
========================================================================
Received Import Request.
  Time since last request: 0.001873 seconds.
  path: Assets/Animations/Idle (2).png
  artifactKey: Guid(8dfe128473229564fbb11679c6d0d3d4) Importer(815301076,1909f56bfc062723c751e8b465ee728b)
Start importing Assets/Animations/Idle (2).png using Guid(8dfe128473229564fbb11679c6d0d3d4) Importer(815301076,1909f56bfc062723c751e8b465ee728b) [PhysX] Initialized MultithreadedTaskDispatcher with 2 workers.
[PhysX] Initialized MultithreadedTaskDispatcher with 2 workers.
 -> (artifact id: 'bd3122bd82318e1e0b64ce7e05053291') in 0.335546 seconds
Number of updated asset objects reloaded before import = 0
Number of asset objects unloaded after import = 3
========================================================================
Received Import Request.
  Time since last request: 0.001133 seconds.
  path: Assets/Animations/Idle (4).png
  artifactKey: Guid(846b9baa6e3766144a4f7ab2073e7067) Importer(815301076,1909f56bfc062723c751e8b465ee728b)
Start importing Assets/Animations/Idle (4).png using Guid(846b9baa6e3766144a4f7ab2073e7067) Importer(815301076,1909f56bfc062723c751e8b465ee728b) [PhysX] Initialized MultithreadedTaskDispatcher with 2 workers.
[PhysX] Initialized MultithreadedTaskDispatcher with 2 workers.
 -> (artifact id: '6fab6d88e4a666b53967fa1a0804e8b1') in 0.474650 seconds
Number of updated asset objects reloaded before import = 0
Number of asset objects unloaded after import = 3
========================================================================
Received Import Request.
  Time since last request: 0.001534 seconds.
  path: Assets/Animations/Dead (2).png
  artifactKey: Guid(7d6d7ff90d2491c4fb5a5cff7700457c) Importer(815301076,1909f56bfc062723c751e8b465ee728b)
Start importing Assets/Animations/Dead (2).png using Guid(7d6d7ff90d2491c4fb5a5cff7700457c) Importer(815301076,1909f56bfc062723c751e8b465ee728b) [PhysX] Initialized MultithreadedTaskDispatcher with 2 workers.
[PhysX] Initialized MultithreadedTaskDispatcher with 2 workers.
 -> (artifact id: '5d10d02e4e4dd877bb329a4d81c9f4cf') in 0.382463 seconds
Number of updated asset objects reloaded before import = 0
Number of asset objects unloaded after import = 3
========================================================================
Received Import Request.
  Time since last request: 0.018677 seconds.
  path: Assets/Animations/Dead (8).png
  artifactKey: Guid(55f6788eb342a4a4aaf6ce6161ec16e7) Importer(815301076,1909f56bfc062723c751e8b465ee728b)
Start importing Assets/Animations/Dead (8).png using Guid(55f6788eb342a4a4aaf6ce6161ec16e7) Importer(815301076,1909f56bfc062723c751e8b465ee728b) [PhysX] Initialized MultithreadedTaskDispatcher with 2 workers.
[PhysX] Initialized MultithreadedTaskDispatcher with 2 workers.
 -> (artifact id: '340f2e130aa7b2de70c350a896fecd80') in 0.674063 seconds
Number of updated asset objects reloaded before import = 0
Number of asset objects unloaded after import = 3
========================================================================
Received Import Request.
  Time since last request: 0.000574 seconds.
  path: Assets/Animations/Jump (5).png
  artifactKey: Guid(bb36975946d30b743bd8548d1b626888) Importer(815301076,1909f56bfc062723c751e8b465ee728b)
Start importing Assets/Animations/Jump (5).png using Guid(bb36975946d30b743bd8548d1b626888) Importer(815301076,1909f56bfc062723c751e8b465ee728b) [PhysX] Initialized MultithreadedTaskDispatcher with 2 workers.
[PhysX] Initialized MultithreadedTaskDispatcher with 2 workers.
 -> (artifact id: '80f8ef582d7d110b751043893f028d89') in 0.512055 seconds
Number of updated asset objects reloaded before import = 0
Number of asset objects unloaded after import = 3
========================================================================
Received Import Request.
  Time since last request: 0.004247 seconds.
  path: Assets/Animations/Dead (10).png
  artifactKey: Guid(2f827a0f901333a4482f31f1da364639) Importer(815301076,1909f56bfc062723c751e8b465ee728b)
Start importing Assets/Animations/Dead (10).png using Guid(2f827a0f901333a4482f31f1da364639) Importer(815301076,1909f56bfc062723c751e8b465ee728b) [PhysX] Initialized MultithreadedTaskDispatcher with 2 workers.
[PhysX] Initialized MultithreadedTaskDispatcher with 2 workers.
 -> (artifact id: '35edcde0019eadfb2bb57a1425f0de36') in 0.088364 seconds
Number of updated asset objects reloaded before import = 0
Number of asset objects unloaded after import = 3
========================================================================
Received Import Request.
  Time since last request: 0.010574 seconds.
  path: Assets/Animations/Dead (5).png
  artifactKey: Guid(58f875c2fe50e224d8e65cf715d23723) Importer(815301076,1909f56bfc062723c751e8b465ee728b)
Start importing Assets/Animations/Dead (5).png using Guid(58f875c2fe50e224d8e65cf715d23723) Importer(815301076,1909f56bfc062723c751e8b465ee728b) [PhysX] Initialized MultithreadedTaskDispatcher with 2 workers.
[PhysX] Initialized MultithreadedTaskDispatcher with 2 workers.
 -> (artifact id: 'd0444d0b2c2a4c425de7676670a15d78') in 0.076088 seconds
Number of updated asset objects reloaded before import = 0
Number of asset objects unloaded after import = 3
========================================================================
Received Import Request.
  Time since last request: 0.004505 seconds.
  path: Assets/Animations/Idle (5).png
  artifactKey: Guid(799baacc0418ed04a96207d48cf73f96) Importer(815301076,1909f56bfc062723c751e8b465ee728b)
Start importing Assets/Animations/Idle (5).png using Guid(799baacc0418ed04a96207d48cf73f96) Importer(815301076,1909f56bfc062723c751e8b465ee728b) [PhysX] Initialized MultithreadedTaskDispatcher with 2 workers.
[PhysX] Initialized MultithreadedTaskDispatcher with 2 workers.
 -> (artifact id: 'd3edffe1d1350cfb4ad676e9db84e9a9') in 0.278487 seconds
Number of updated asset objects reloaded before import = 0
Number of asset objects unloaded after import = 3
========================================================================
Received Import Request.
  Time since last request: 0.005096 seconds.
  path: Assets/Animations/Idle (10).png
  artifactKey: Guid(f5c89d6705db76740a02b6deaa34bddd) Importer(815301076,1909f56bfc062723c751e8b465ee728b)
Start importing Assets/Animations/Idle (10).png using Guid(f5c89d6705db76740a02b6deaa34bddd) Importer(815301076,1909f56bfc062723c751e8b465ee728b) [PhysX] Initialized MultithreadedTaskDispatcher with 2 workers.
[PhysX] Initialized MultithreadedTaskDispatcher with 2 workers.
 -> (artifact id: 'c5c713fc2d079918607ecbbf157613a1') in 0.131442 seconds
Number of updated asset objects reloaded before import = 0
Number of asset objects unloaded after import = 3
========================================================================
Received Import Request.
  Time since last request: 0.000034 seconds.
  path: Assets/Animations/Jump (1).png
  artifactKey: Guid(94e52e039b7c9824ea721a4ebbe057b9) Importer(815301076,1909f56bfc062723c751e8b465ee728b)
Start importing Assets/Animations/Jump (1).png using Guid(94e52e039b7c9824ea721a4ebbe057b9) Importer(815301076,1909f56bfc062723c751e8b465ee728b) [PhysX] Initialized MultithreadedTaskDispatcher with 2 workers.
[PhysX] Initialized MultithreadedTaskDispatcher with 2 workers.
 -> (artifact id: '25a5fc860d95b7ba9c02c47f24a48d1b') in 0.240550 seconds
Number of updated asset objects reloaded before import = 0
Number of asset objects unloaded after import = 3
========================================================================
Received Import Request.
  Time since last request: 0.006906 seconds.
  path: Assets/Animations/Jump (8).png
  artifactKey: Guid(d794ad215bb619d409031ca164e072bc) Importer(815301076,1909f56bfc062723c751e8b465ee728b)
Start importing Assets/Animations/Jump (8).png using Guid(d794ad215bb619d409031ca164e072bc) Importer(815301076,1909f56bfc062723c751e8b465ee728b) [PhysX] Initialized MultithreadedTaskDispatcher with 2 workers.
[PhysX] Initialized MultithreadedTaskDispatcher with 2 workers.
 -> (artifact id: '9b689289a262611a62d45a4983de2773') in 0.134702 seconds
Number of updated asset objects reloaded before import = 0
Number of asset objects unloaded after import = 3
========================================================================
Received Import Request.
  Time since last request: 0.003295 seconds.
  path: Assets/Animations/Dead (3).png
  artifactKey: Guid(a97a26da33418c14ba5fe463fa4644bb) Importer(815301076,1909f56bfc062723c751e8b465ee728b)
Start importing Assets/Animations/Dead (3).png using Guid(a97a26da33418c14ba5fe463fa4644bb) Importer(815301076,1909f56bfc062723c751e8b465ee728b) [PhysX] Initialized MultithreadedTaskDispatcher with 2 workers.
[PhysX] Initialized MultithreadedTaskDispatcher with 2 workers.
 -> (artifact id: 'a12ca6c18cc217c1bac67afb5dc58ef2') in 0.254522 seconds
Number of updated asset objects reloaded before import = 0
Number of asset objects unloaded after import = 3
========================================================================
Received Import Request.
  Time since last request: 0.000239 seconds.
  path: Assets/Animations/Jump (2).png
  artifactKey: Guid(b075a4b7f9afaac409ff98af5e323f11) Importer(815301076,1909f56bfc062723c751e8b465ee728b)
Start importing Assets/Animations/Jump (2).png using Guid(b075a4b7f9afaac409ff98af5e323f11) Importer(815301076,1909f56bfc062723c751e8b465ee728b) [PhysX] Initialized MultithreadedTaskDispatcher with 2 workers.
[PhysX] Initialized MultithreadedTaskDispatcher with 2 workers.
 -> (artifact id: '1e76658cabd07c6e37f73613e3bdac3f') in 0.175776 seconds
Number of updated asset objects reloaded before import = 0
Number of asset objects unloaded after import = 3
========================================================================
Received Import Request.
  Time since last request: 0.005023 seconds.
  path: Assets/Animations/Jump (9).png
  artifactKey: Guid(d01b6b8e4a29de04f9fd0fbc96904eec) Importer(815301076,1909f56bfc062723c751e8b465ee728b)
Start importing Assets/Animations/Jump (9).png using Guid(d01b6b8e4a29de04f9fd0fbc96904eec) Importer(815301076,1909f56bfc062723c751e8b465ee728b) [PhysX] Initialized MultithreadedTaskDispatcher with 2 workers.
[PhysX] Initialized MultithreadedTaskDispatcher with 2 workers.
 -> (artifact id: '4e02a38a3a17e3408b04bcd3c79a4a77') in 0.735196 seconds
Number of updated asset objects reloaded before import = 0
Number of asset objects unloaded after import = 3
========================================================================
Received Import Request.
  Time since last request: 0.007426 seconds.
  path: Assets/Animations/Idle (3).png
  artifactKey: Guid(9ba9a2ab5779099428a2f15b084b17a2) Importer(815301076,1909f56bfc062723c751e8b465ee728b)
Start importing Assets/Animations/Idle (3).png using Guid(9ba9a2ab5779099428a2f15b084b17a2) Importer(815301076,1909f56bfc062723c751e8b465ee728b) [PhysX] Initialized MultithreadedTaskDispatcher with 2 workers.
[PhysX] Initialized MultithreadedTaskDispatcher with 2 workers.
 -> (artifact id: 'dbc6861cf167be8c30cbea11f25fc425') in 0.324829 seconds
Number of updated asset objects reloaded before import = 0
Number of asset objects unloaded after import = 3
========================================================================
Received Import Request.
  Time since last request: 0.009711 seconds.
  path: Assets/Animations/Jump (4).png
  artifactKey: Guid(eca00eab2e472974986319914029d8c5) Importer(815301076,1909f56bfc062723c751e8b465ee728b)
Start importing Assets/Animations/Jump (4).png using Guid(eca00eab2e472974986319914029d8c5) Importer(815301076,1909f56bfc062723c751e8b465ee728b) [PhysX] Initialized MultithreadedTaskDispatcher with 2 workers.
[PhysX] Initialized MultithreadedTaskDispatcher with 2 workers.
 -> (artifact id: '04b56316c30868f079ba3b00f51286dd') in 0.545117 seconds
Number of updated asset objects reloaded before import = 0
Number of asset objects unloaded after import = 3
========================================================================
Received Import Request.
  Time since last request: 0.010781 seconds.
  path: Assets/Animations/Jump (12).png
  artifactKey: Guid(64e634ad496602c4ca0d9b7519b61231) Importer(815301076,1909f56bfc062723c751e8b465ee728b)
Start importing Assets/Animations/Jump (12).png using Guid(64e634ad496602c4ca0d9b7519b61231) Importer(815301076,1909f56bfc062723c751e8b465ee728b) [PhysX] Initialized MultithreadedTaskDispatcher with 2 workers.
[PhysX] Initialized MultithreadedTaskDispatcher with 2 workers.
 -> (artifact id: '747a4695631c3de6f7964172d48c34f7') in 0.508597 seconds
Number of updated asset objects reloaded before import = 0
Number of asset objects unloaded after import = 3
========================================================================
Received Import Request.
  Time since last request: 57.617019 seconds.
  path: Assets/Animations/_PlayerAnime.controller
  artifactKey: Guid(b7af22481948dc9498a2a47493211ed5) Importer(815301076,1909f56bfc062723c751e8b465ee728b)
Start importing Assets/Animations/_PlayerAnime.controller using Guid(b7af22481948dc9498a2a47493211ed5) Importer(815301076,1909f56bfc062723c751e8b465ee728b) [PhysX] Initialized MultithreadedTaskDispatcher with 2 workers.
 -> (artifact id: '70b188cfb767a43463ca1a78fd5eb674') in 0.005085 seconds
Number of updated asset objects reloaded before import = 0
Number of asset objects unloaded after import = 1
========================================================================
Received Import Request.
  Time since last request: 48.793515 seconds.
  path: Assets/Animations/Player.anime.anim
  artifactKey: Guid(d0a242832afd71c428279255085bd29d) Importer(815301076,1909f56bfc062723c751e8b465ee728b)
Start importing Assets/Animations/Player.anime.anim using Guid(d0a242832afd71c428279255085bd29d) Importer(815301076,1909f56bfc062723c751e8b465ee728b) [PhysX] Initialized MultithreadedTaskDispatcher with 2 workers.
 -> (artifact id: 'f21bfcd43414446cbdad3f78e1c4b781') in 0.005885 seconds
Number of updated asset objects reloaded before import = 0
Number of asset objects unloaded after import = 1
========================================================================
Received Import Request.
  Time since last request: 40.177943 seconds.
  path: Assets/Animations/Dead (1).controller
  artifactKey: Guid(26bbea55b6c387048a480659857b05ac) Importer(815301076,1909f56bfc062723c751e8b465ee728b)
Start importing Assets/Animations/Dead (1).controller using Guid(26bbea55b6c387048a480659857b05ac) Importer(815301076,1909f56bfc062723c751e8b465ee728b) [PhysX] Initialized MultithreadedTaskDispatcher with 2 workers.
 -> (artifact id: 'b5deb313cc0bf9d47c5ef186c0fd9ac4') in 0.002905 seconds
Number of updated asset objects reloaded before import = 0
Number of asset objects unloaded after import = 1
========================================================================
Received Import Request.
  Time since last request: 58.237872 seconds.
  path: Assets/Animations/Sprite.anim
  artifactKey: Guid(42d0597977d063e4092d9c3d412e88d4) Importer(815301076,1909f56bfc062723c751e8b465ee728b)
Start importing Assets/Animations/Sprite.anim using Guid(42d0597977d063e4092d9c3d412e88d4) Importer(815301076,1909f56bfc062723c751e8b465ee728b) [PhysX] Initialized MultithreadedTaskDispatcher with 2 workers.
 -> (artifact id: '97492f2aefb4b62113e85acb99860a66') in 0.002460 seconds
Number of updated asset objects reloaded before import = 0
Number of asset objects unloaded after import = 1
========================================================================
Received Import Request.
  Time since last request: 55558.349836 seconds.
  path: Assets/Gambar/Run/Player.png
  artifactKey: Guid(cb7feda12006816418ee1bbd21cd3da4) Importer(815301076,1909f56bfc062723c751e8b465ee728b)
Start importing Assets/Gambar/Run/Player.png using Guid(cb7feda12006816418ee1bbd21cd3da4) Importer(815301076,1909f56bfc062723c751e8b465ee728b) [PhysX] Initialized MultithreadedTaskDispatcher with 2 workers.
[PhysX] Initialized MultithreadedTaskDispatcher with 2 workers.
 -> (artifact id: 'f878d034e9b9016833ce74aa9b4c7ed0') in 2.090091 seconds
Number of updated asset objects reloaded before import = 0
Number of asset objects unloaded after import = 3
========================================================================
Received Import Request.
  Time since last request: 139.693778 seconds.
  path: Assets/Gambar/Run/Player.png
  artifactKey: Guid(cb7feda12006816418ee1bbd21cd3da4) Importer(815301076,1909f56bfc062723c751e8b465ee728b)
Start importing Assets/Gambar/Run/Player.png using Guid(cb7feda12006816418ee1bbd21cd3da4) Importer(815301076,1909f56bfc062723c751e8b465ee728b) [PhysX] Initialized MultithreadedTaskDispatcher with 2 workers.
[PhysX] Initialized MultithreadedTaskDispatcher with 2 workers.
 -> (artifact id: 'f6e532bfab51ae6d07994b971be2a116') in 0.185475 seconds
Number of updated asset objects reloaded before import = 0
Number of asset objects unloaded after import = 3
========================================================================
Received Import Request.
  Time since last request: 200.539793 seconds.
  path: Assets/Gambar/walk-Sheet.aseprite
  artifactKey: Guid(94b10c69fb55e0741b14f3dff482e9fd) Importer(815301076,1909f56bfc062723c751e8b465ee728b)
Start importing Assets/Gambar/walk-Sheet.aseprite using Guid(94b10c69fb55e0741b14f3dff482e9fd) Importer(815301076,1909f56bfc062723c751e8b465ee728b) [PhysX] Initialized MultithreadedTaskDispatcher with 2 workers.
[PhysX] Initialized MultithreadedTaskDispatcher with 2 workers.
[PhysX] Initialized MultithreadedTaskDispatcher with 2 workers.
 -> (artifact id: 'da8a44d42d152db6eed89b34be7da6ec') in 0.786365 seconds
Number of updated asset objects reloaded before import = 0
Number of asset objects unloaded after import = 7
========================================================================
Received Import Request.
  Time since last request: 0.000649 seconds.
  path: Assets/Gambar/walk-Sheet.png
  artifactKey: Guid(8e9ff70cf44d21b4fb3aab15b5343ba4) Importer(815301076,1909f56bfc062723c751e8b465ee728b)
Start importing Assets/Gambar/walk-Sheet.png using Guid(8e9ff70cf44d21b4fb3aab15b5343ba4) Importer(815301076,1909f56bfc062723c751e8b465ee728b) [PhysX] Initialized MultithreadedTaskDispatcher with 2 workers.
[PhysX] Initialized MultithreadedTaskDispatcher with 2 workers.
 -> (artifact id: '6c1530c41cc03795be9aa20c0c5c6287') in 0.089157 seconds
Number of updated asset objects reloaded before import = 0
Number of asset objects unloaded after import = 3
========================================================================
Received Import Request.
  Time since last request: 358.053766 seconds.
  path: Assets/all.png
  artifactKey: Guid(5f7a9cfa21b2efd458c1baf074d9f1fb) Importer(815301076,1909f56bfc062723c751e8b465ee728b)
Start importing Assets/all.png using Guid(5f7a9cfa21b2efd458c1baf074d9f1fb) Importer(815301076,1909f56bfc062723c751e8b465ee728b) [PhysX] Initialized MultithreadedTaskDispatcher with 2 workers.
[PhysX] Initialized MultithreadedTaskDispatcher with 2 workers.
 -> (artifact id: 'd942db08a40a46b07f727ecd5b5063b7') in 0.066803 seconds
Number of updated asset objects reloaded before import = 0
Number of asset objects unloaded after import = 3
========================================================================
Received Import Request.
  Time since last request: 19.922356 seconds.
  path: Assets/Snail.png
  artifactKey: Guid(5f7a9cfa21b2efd458c1baf074d9f1fb) Importer(815301076,1909f56bfc062723c751e8b465ee728b)
Start importing Assets/Snail.png using Guid(5f7a9cfa21b2efd458c1baf074d9f1fb) Importer(815301076,1909f56bfc062723c751e8b465ee728b) [PhysX] Initialized MultithreadedTaskDispatcher with 2 workers.
[PhysX] Initialized MultithreadedTaskDispatcher with 2 workers.
 -> (artifact id: '64bd285909a2c754103d81ba14633a2c') in 0.067366 seconds
Number of updated asset objects reloaded before import = 0
Number of asset objects unloaded after import = 3
========================================================================
Received Import Request.
  Time since last request: 32.024339 seconds.
  path: Assets/Gambar/all.png
  artifactKey: Guid(3d9e95eed64544e46871f9f4d07c1f1d) Importer(815301076,1909f56bfc062723c751e8b465ee728b)
Start importing Assets/Gambar/all.png using Guid(3d9e95eed64544e46871f9f4d07c1f1d) Importer(815301076,1909f56bfc062723c751e8b465ee728b) [PhysX] Initialized MultithreadedTaskDispatcher with 2 workers.
[PhysX] Initialized MultithreadedTaskDispatcher with 2 workers.
 -> (artifact id: 'f363d4af14208f87fc4d1d9f4d66d83a') in 0.095636 seconds
Number of updated asset objects reloaded before import = 0
Number of asset objects unloaded after import = 3
========================================================================
Received Import Request.
  Time since last request: 10.659711 seconds.
  path: Assets/Gambar/Snail.png
  artifactKey: Guid(3d9e95eed64544e46871f9f4d07c1f1d) Importer(815301076,1909f56bfc062723c751e8b465ee728b)
Start importing Assets/Gambar/Snail.png using Guid(3d9e95eed64544e46871f9f4d07c1f1d) Importer(815301076,1909f56bfc062723c751e8b465ee728b) [PhysX] Initialized MultithreadedTaskDispatcher with 2 workers.
[PhysX] Initialized MultithreadedTaskDispatcher with 2 workers.
 -> (artifact id: 'c7c9ffdb16557a7cb00b899e63e54a5c') in 0.137645 seconds
Number of updated asset objects reloaded before import = 0
Number of asset objects unloaded after import = 3
========================================================================
Received Import Request.
  Time since last request: 135.575395 seconds.
  path: Assets/Gambar/Snail.png
  artifactKey: Guid(3d9e95eed64544e46871f9f4d07c1f1d) Importer(815301076,1909f56bfc062723c751e8b465ee728b)
Start importing Assets/Gambar/Snail.png using Guid(3d9e95eed64544e46871f9f4d07c1f1d) Importer(815301076,1909f56bfc062723c751e8b465ee728b) [PhysX] Initialized MultithreadedTaskDispatcher with 2 workers.
[PhysX] Initialized MultithreadedTaskDispatcher with 2 workers.
 -> (artifact id: '8531bd92f5d9df15c6b80240bba6eb7d') in 0.083208 seconds
Number of updated asset objects reloaded before import = 0
Number of asset objects unloaded after import = 2
========================================================================
Received Import Request.
  Time since last request: 170.763712 seconds.
  path: Assets/Gambar/walk-Sheet.png
  artifactKey: Guid(8e9ff70cf44d21b4fb3aab15b5343ba4) Importer(815301076,1909f56bfc062723c751e8b465ee728b)
Start importing Assets/Gambar/walk-Sheet.png using Guid(8e9ff70cf44d21b4fb3aab15b5343ba4) Importer(815301076,1909f56bfc062723c751e8b465ee728b) [PhysX] Initialized MultithreadedTaskDispatcher with 2 workers.
[PhysX] Initialized MultithreadedTaskDispatcher with 2 workers.
 -> (artifact id: '02fbfe11e3a5b8cc450ef1ea254ebe40') in 0.040956 seconds
Number of updated asset objects reloaded before import = 0
Number of asset objects unloaded after import = 2
========================================================================
Received Import Request.
  Time since last request: 85.698591 seconds.
  path: Assets/Gambar/walk-Sheet.png
  artifactKey: Guid(8e9ff70cf44d21b4fb3aab15b5343ba4) Importer(815301076,1909f56bfc062723c751e8b465ee728b)
Start importing Assets/Gambar/walk-Sheet.png using Guid(8e9ff70cf44d21b4fb3aab15b5343ba4) Importer(815301076,1909f56bfc062723c751e8b465ee728b) [PhysX] Initialized MultithreadedTaskDispatcher with 2 workers.
[PhysX] Initialized MultithreadedTaskDispatcher with 2 workers.
 -> (artifact id: '89136eeb8d0543f073dbd280656859ff') in 0.200679 seconds
Number of updated asset objects reloaded before import = 0
Number of asset objects unloaded after import = 10
========================================================================
Received Import Request.
  Time since last request: 463.022885 seconds.
  path: Assets/Gambar/AnimationSnail.anim
  artifactKey: Guid(bc124149ed06703468a7002560468b83) Importer(815301076,1909f56bfc062723c751e8b465ee728b)
Start importing Assets/Gambar/AnimationSnail.anim using Guid(bc124149ed06703468a7002560468b83) Importer(815301076,1909f56bfc062723c751e8b465ee728b) [PhysX] Initialized MultithreadedTaskDispatcher with 2 workers.
 -> (artifact id: 'e366dcafefe7a9ce150a11885ee8874b') in 0.022655 seconds
Number of updated asset objects reloaded before import = 0
Number of asset objects unloaded after import = 1
========================================================================
Received Prepare
Caller must complete domain reload
Begin MonoManager ReloadAssembly
- Loaded All Assemblies, in 49.467 seconds
Native extension for WindowsStandalone target not found
Mono: successfully reloaded assembly
- Finished resetting the current domain, in  1.807 seconds
Domain Reload Profiling: 51268ms
	BeginReloadAssembly (41983ms)
		ExecutionOrderSort (0ms)
		DisableScriptedObjects (40477ms)
		BackupInstance (0ms)
		ReleaseScriptingObjects (0ms)
		CreateAndSetChildDomain (441ms)
	RebuildCommonClasses (573ms)
	RebuildNativeTypeToScriptingClass (30ms)
	initialDomainReloadingComplete (108ms)
	LoadAllAssembliesAndSetupDomain (6766ms)
		LoadAssemblies (7523ms)
		RebuildTransferFunctionScriptingTraits (0ms)
		AnalyzeDomain (50ms)
			TypeCache.Refresh (24ms)
				TypeCache.ScanAssembly (0ms)
			ScanForSourceGeneratedMonoScriptInfo (1ms)
			ResolveRequiredComponents (23ms)
	FinalizeReload (1808ms)
		ReleaseScriptCaches (0ms)
		RebuildScriptCaches (0ms)
		SetupLoadedEditorAssemblies (1237ms)
			LogAssemblyErrors (0ms)
			InitializePlatformSupportModulesInManaged (21ms)
			SetLoadedEditorAssemblies (10ms)
			RefreshPlugins (0ms)
			BeforeProcessingInitializeOnLoad (187ms)
			ProcessInitializeOnLoadAttributes (917ms)
			ProcessInitializeOnLoadMethodAttributes (82ms)
			AfterProcessingInitializeOnLoad (19ms)
			EditorAssembliesLoaded (1ms)
		ExecutionOrderSort2 (0ms)
		AwakeInstancesAfterBackupRestoration (47ms)
Refreshing native plugins compatible for Editor in 17.79 ms, found 4 plugins.
Preloading 0 native plugins for Editor in 0.00 ms.
Unloading 4170 Unused Serialized files (Serialized files now loaded: 0)
Unloading 25 unused Assets / (214.5 KB). Loaded Objects now: 4684.
Memory consumption went from 147.1 MB to 146.9 MB.
Total: 8.891400 ms (FindLiveObjects: 0.641400 ms CreateObjectMapping: 0.375100 ms MarkObjects: 7.568600 ms  DeleteObjects: 0.304300 ms)

Prepare: number of updated asset objects reloaded= 0
AssetImportParameters requested are different than current active one (requested -> active):
  custom:container-demuxer-ogg: 62fdf1f143b41e24485cea50d1cbac27 -> 
  custom:video-decoder-ogg-theora: a1e56fd34408186e4bbccfd4996cb3dc -> 
  custom:framework-win-MediaFoundation: 216162199b28c13a410421893ffa2e32 -> 
  custom:CustomObjectIndexerAttribute: 9a22284fe3817be447336de3de66b15e -> 
  custom:container-demuxer-webm: 4f35f7cbe854078d1ac9338744f61a02 -> 
  custom:container-muxer-webm: aa71ff27fc2769a1b78a27578f13a17b -> 
  custom:video-decoder-webm-vp8: 9c59270c3fd7afecdb556c50c9e8de78 -> 
  custom:SearchIndexIgnoredProperties: e643bd26f0fe6173181afceb89e7c659 -> 
  custom:AudioImporter_EditorPlatform: d09bf68614088b80899f8185d706f6e7 -> 
  custom:video-encoder-webm-vp8: eb34c28f22e8b96e1ab97ce403110664 -> 
  custom:audio-decoder-ogg-vorbis: bf7c407c2cedff20999df2af8eb42d56 -> 
  custom:audio-encoder-webm-vorbis: bf7c407c2cedff20999df2af8eb42d56 -> 
========================================================================
Received Import Request.
  Time since last request: 215.515103 seconds.
  path: Assets/Gambar/Idle/Idle (1).png
  artifactKey: Guid(d2bcdf11946075d439a7301bb4cf6e62) Importer(815301076,1909f56bfc062723c751e8b465ee728b)
Start importing Assets/Gambar/Idle/Idle (1).png using Guid(d2bcdf11946075d439a7301bb4cf6e62) Importer(815301076,1909f56bfc062723c751e8b465ee728b) [PhysX] Initialized MultithreadedTaskDispatcher with 2 workers.
[PhysX] Initialized MultithreadedTaskDispatcher with 2 workers.
 -> (artifact id: '881d5bdc827a585c0e07bcbd38b471eb') in 0.224853 seconds
Number of updated asset objects reloaded before import = 0
Number of asset objects unloaded after import = 2
========================================================================
Received Import Request.
  Time since last request: 27.818411 seconds.
  path: Assets/Gambar/Idle/Idle (2).png
  artifactKey: Guid(7f56e85c21c5dfc4b806cc96cae776e4) Importer(815301076,1909f56bfc062723c751e8b465ee728b)
Start importing Assets/Gambar/Idle/Idle (2).png using Guid(7f56e85c21c5dfc4b806cc96cae776e4) Importer(815301076,1909f56bfc062723c751e8b465ee728b) [PhysX] Initialized MultithreadedTaskDispatcher with 2 workers.
[PhysX] Initialized MultithreadedTaskDispatcher with 2 workers.
 -> (artifact id: 'ed6352876b5070c1b5d0eda22e62444b') in 0.036605 seconds
Number of updated asset objects reloaded before import = 0
Number of asset objects unloaded after import = 2
========================================================================
Received Import Request.
  Time since last request: 24.933537 seconds.
  path: Assets/Gambar/Idle/Idle (3).png
  artifactKey: Guid(f381a987de5e7f44eb29bc5c68fc692b) Importer(815301076,1909f56bfc062723c751e8b465ee728b)
Start importing Assets/Gambar/Idle/Idle (3).png using Guid(f381a987de5e7f44eb29bc5c68fc692b) Importer(815301076,1909f56bfc062723c751e8b465ee728b) [PhysX] Initialized MultithreadedTaskDispatcher with 2 workers.
[PhysX] Initialized MultithreadedTaskDispatcher with 2 workers.
 -> (artifact id: 'ed09f03b6f877826d6dbdd4200842ac1') in 0.055531 seconds
Number of updated asset objects reloaded before import = 0
Number of asset objects unloaded after import = 2
========================================================================
Received Import Request.
  Time since last request: 11.208956 seconds.
  path: Assets/Gambar/Idle/Idle (4).png
  artifactKey: Guid(92a43d7a9fb419748acd5332639414b0) Importer(815301076,1909f56bfc062723c751e8b465ee728b)
Start importing Assets/Gambar/Idle/Idle (4).png using Guid(92a43d7a9fb419748acd5332639414b0) Importer(815301076,1909f56bfc062723c751e8b465ee728b) [PhysX] Initialized MultithreadedTaskDispatcher with 2 workers.
[PhysX] Initialized MultithreadedTaskDispatcher with 2 workers.
 -> (artifact id: 'c3e95924ed4c22ace526dbee4bf63634') in 0.129318 seconds
Number of updated asset objects reloaded before import = 0
Number of asset objects unloaded after import = 2
========================================================================
Received Import Request.
  Time since last request: 53.371801 seconds.
  path: Assets/Gambar/Idle/Idle (5).png
  artifactKey: Guid(6ed1e36084536f84da96fba880c741bb) Importer(815301076,1909f56bfc062723c751e8b465ee728b)
Start importing Assets/Gambar/Idle/Idle (5).png using Guid(6ed1e36084536f84da96fba880c741bb) Importer(815301076,1909f56bfc062723c751e8b465ee728b) [PhysX] Initialized MultithreadedTaskDispatcher with 2 workers.
[PhysX] Initialized MultithreadedTaskDispatcher with 2 workers.
 -> (artifact id: 'c2f35ed615339ccff71f8506aec4d166') in 0.073271 seconds
Number of updated asset objects reloaded before import = 0
Number of asset objects unloaded after import = 2
========================================================================
Received Import Request.
  Time since last request: 10.146485 seconds.
  path: Assets/Gambar/Idle/Idle (6).png
  artifactKey: Guid(7ccb70cb833869d478eb5ae121799bb1) Importer(815301076,1909f56bfc062723c751e8b465ee728b)
Start importing Assets/Gambar/Idle/Idle (6).png using Guid(7ccb70cb833869d478eb5ae121799bb1) Importer(815301076,1909f56bfc062723c751e8b465ee728b) [PhysX] Initialized MultithreadedTaskDispatcher with 2 workers.
[PhysX] Initialized MultithreadedTaskDispatcher with 2 workers.
 -> (artifact id: 'ca07e5a3b25a6337587c7d2c865b978b') in 0.076040 seconds
Number of updated asset objects reloaded before import = 0
Number of asset objects unloaded after import = 2
========================================================================
Received Import Request.
  Time since last request: 12.155459 seconds.
  path: Assets/Gambar/Idle/Idle (7).png
  artifactKey: Guid(d4de7eefcdc7a2b44be2cd34eed25bfc) Importer(815301076,1909f56bfc062723c751e8b465ee728b)
Start importing Assets/Gambar/Idle/Idle (7).png using Guid(d4de7eefcdc7a2b44be2cd34eed25bfc) Importer(815301076,1909f56bfc062723c751e8b465ee728b) [PhysX] Initialized MultithreadedTaskDispatcher with 2 workers.
[PhysX] Initialized MultithreadedTaskDispatcher with 2 workers.
 -> (artifact id: '84ceebdb2a260bd9109f7f0513bf22a4') in 0.038969 seconds
Number of updated asset objects reloaded before import = 0
Number of asset objects unloaded after import = 2
========================================================================
Received Import Request.
  Time since last request: 20.574808 seconds.
  path: Assets/Gambar/Idle/Idle (8).png
  artifactKey: Guid(0ce6c7b0b44a62e4a8133d6af856b384) Importer(815301076,1909f56bfc062723c751e8b465ee728b)
Start importing Assets/Gambar/Idle/Idle (8).png using Guid(0ce6c7b0b44a62e4a8133d6af856b384) Importer(815301076,1909f56bfc062723c751e8b465ee728b) [PhysX] Initialized MultithreadedTaskDispatcher with 2 workers.
[PhysX] Initialized MultithreadedTaskDispatcher with 2 workers.
 -> (artifact id: 'fe289313e94db8dd125bdcb746300dab') in 0.049337 seconds
Number of updated asset objects reloaded before import = 0
Number of asset objects unloaded after import = 2
========================================================================
Received Import Request.
  Time since last request: 15.106096 seconds.
  path: Assets/Gambar/Idle/Idle (9).png
  artifactKey: Guid(11f3e436652447b4c816a252d02783ce) Importer(815301076,1909f56bfc062723c751e8b465ee728b)
Start importing Assets/Gambar/Idle/Idle (9).png using Guid(11f3e436652447b4c816a252d02783ce) Importer(815301076,1909f56bfc062723c751e8b465ee728b) [PhysX] Initialized MultithreadedTaskDispatcher with 2 workers.
[PhysX] Initialized MultithreadedTaskDispatcher with 2 workers.
 -> (artifact id: 'c0be27251cf6b12692b5ecde9cc57521') in 0.045262 seconds
Number of updated asset objects reloaded before import = 0
Number of asset objects unloaded after import = 2
========================================================================
Received Import Request.
  Time since last request: 12.454402 seconds.
  path: Assets/Gambar/Idle/Idle (10).png
  artifactKey: Guid(dec4ac7bf64187e4296ead3b2302f84a) Importer(815301076,1909f56bfc062723c751e8b465ee728b)
Start importing Assets/Gambar/Idle/Idle (10).png using Guid(dec4ac7bf64187e4296ead3b2302f84a) Importer(815301076,1909f56bfc062723c751e8b465ee728b) [PhysX] Initialized MultithreadedTaskDispatcher with 2 workers.
[PhysX] Initialized MultithreadedTaskDispatcher with 2 workers.
 -> (artifact id: 'ad2110e4f5db7e77709ccbc4f8c22ce5') in 0.037837 seconds
Number of updated asset objects reloaded before import = 0
Number of asset objects unloaded after import = 2
========================================================================
Received Import Request.
  Time since last request: 277.852271 seconds.
  path: Assets/Gambar/Idle/IdlePlayer.spriteatlasv2
  artifactKey: Guid(38050e7ebeec04044afb1028ca5b7acd) Importer(815301076,1909f56bfc062723c751e8b465ee728b)
Start importing Assets/Gambar/Idle/IdlePlayer.spriteatlasv2 using Guid(38050e7ebeec04044afb1028ca5b7acd) Importer(815301076,1909f56bfc062723c751e8b465ee728b) [PhysX] Initialized MultithreadedTaskDispatcher with 2 workers.
 -> (artifact id: 'dc74310b5581f47e77e44d25c6a46362') in 0.003164 seconds
Number of updated asset objects reloaded before import = 0
Number of asset objects unloaded after import = 2
========================================================================
Received Prepare
Refreshing native plugins compatible for Editor in 29.89 ms, found 4 plugins.
Preloading 0 native plugins for Editor in 0.00 ms.
Unloading 6 Unused Serialized files (Serialized files now loaded: 0)
Unloading 7 unused Assets / (197.3 KB). Loaded Objects now: 4684.
Memory consumption went from 82.4 MB to 82.2 MB.
Total: 7.023500 ms (FindLiveObjects: 0.646200 ms CreateObjectMapping: 0.408500 ms MarkObjects: 5.622400 ms  DeleteObjects: 0.344400 ms)

Prepare: number of updated asset objects reloaded= 0
AssetImportParameters requested are different than current active one (requested -> active):
  custom:container-demuxer-ogg: 62fdf1f143b41e24485cea50d1cbac27 -> 
  custom:video-decoder-ogg-theora: a1e56fd34408186e4bbccfd4996cb3dc -> 
  custom:2d/spriteatlas-import-mode: 03000000000000000000000000000000 -> 02000000000000000000000000000000
  custom:framework-win-MediaFoundation: 216162199b28c13a410421893ffa2e32 -> 
  custom:CustomObjectIndexerAttribute: 9a22284fe3817be447336de3de66b15e -> 
  custom:container-demuxer-webm: 4f35f7cbe854078d1ac9338744f61a02 -> 
  custom:container-muxer-webm: aa71ff27fc2769a1b78a27578f13a17b -> 
  custom:video-decoder-webm-vp8: 9c59270c3fd7afecdb556c50c9e8de78 -> 
  custom:SearchIndexIgnoredProperties: e643bd26f0fe6173181afceb89e7c659 -> 
  custom:AudioImporter_EditorPlatform: d09bf68614088b80899f8185d706f6e7 -> 
  custom:video-encoder-webm-vp8: eb34c28f22e8b96e1ab97ce403110664 -> 
  custom:audio-decoder-ogg-vorbis: bf7c407c2cedff20999df2af8eb42d56 -> 
  custom:audio-encoder-webm-vorbis: bf7c407c2cedff20999df2af8eb42d56 -> 
========================================================================
Received Import Request.
  Time since last request: 139.329822 seconds.
  path: Assets/Gambar/Idle/IdlePlayer.spriteatlasv2
  artifactKey: Guid(38050e7ebeec04044afb1028ca5b7acd) Importer(815301076,1909f56bfc062723c751e8b465ee728b)
Start importing Assets/Gambar/Idle/IdlePlayer.spriteatlasv2 using Guid(38050e7ebeec04044afb1028ca5b7acd) Importer(815301076,1909f56bfc062723c751e8b465ee728b) [PhysX] Initialized MultithreadedTaskDispatcher with 2 workers.
 -> (artifact id: '97723b366f6e56cf51827891318d6e6c') in 0.005541 seconds
Number of updated asset objects reloaded before import = 0
Number of asset objects unloaded after import = 2
========================================================================
Received Prepare
Refreshing native plugins compatible for Editor in 1368.75 ms, found 4 plugins.
Preloading 0 native plugins for Editor in 0.00 ms.
Unloading 6 Unused Serialized files (Serialized files now loaded: 0)
Unloading 7 unused Assets / (197.4 KB). Loaded Objects now: 4684.
Memory consumption went from 82.4 MB to 82.3 MB.
Total: 20.527500 ms (FindLiveObjects: 3.377800 ms CreateObjectMapping: 5.366400 ms MarkObjects: 11.498900 ms  DeleteObjects: 0.282200 ms)

Prepare: number of updated asset objects reloaded= 0
AssetImportParameters requested are different than current active one (requested -> active):
  custom:container-demuxer-ogg: 62fdf1f143b41e24485cea50d1cbac27 -> 
  custom:video-decoder-ogg-theora: a1e56fd34408186e4bbccfd4996cb3dc -> 
  custom:framework-win-MediaFoundation: 216162199b28c13a410421893ffa2e32 -> 
  custom:CustomObjectIndexerAttribute: 9a22284fe3817be447336de3de66b15e -> 
  custom:container-demuxer-webm: 4f35f7cbe854078d1ac9338744f61a02 -> 
  custom:container-muxer-webm: aa71ff27fc2769a1b78a27578f13a17b -> 
  custom:video-decoder-webm-vp8: 9c59270c3fd7afecdb556c50c9e8de78 -> 
  custom:SearchIndexIgnoredProperties: e643bd26f0fe6173181afceb89e7c659 -> 
  custom:AudioImporter_EditorPlatform: d09bf68614088b80899f8185d706f6e7 -> 
  custom:video-encoder-webm-vp8: eb34c28f22e8b96e1ab97ce403110664 -> 
  custom:audio-decoder-ogg-vorbis: bf7c407c2cedff20999df2af8eb42d56 -> 
  custom:audio-encoder-webm-vorbis: bf7c407c2cedff20999df2af8eb42d56 -> 
========================================================================
Received Import Request.
  Time since last request: 11.747356 seconds.
  path: Assets/Gambar/Idle/IdlePlayer.spriteatlasv2
  artifactKey: Guid(38050e7ebeec04044afb1028ca5b7acd) Importer(815301076,1909f56bfc062723c751e8b465ee728b)
Start importing Assets/Gambar/Idle/IdlePlayer.spriteatlasv2 using Guid(38050e7ebeec04044afb1028ca5b7acd) Importer(815301076,1909f56bfc062723c751e8b465ee728b) [PhysX] Initialized MultithreadedTaskDispatcher with 2 workers.
 -> (artifact id: 'dbe9584f699b626bff509956f92e8c9c') in 0.004905 seconds
Number of updated asset objects reloaded before import = 0
Number of asset objects unloaded after import = 2
========================================================================
Received Prepare
Refreshing native plugins compatible for Editor in 14.49 ms, found 4 plugins.
Preloading 0 native plugins for Editor in 0.00 ms.
Unloading 6 Unused Serialized files (Serialized files now loaded: 0)
Unloading 7 unused Assets / (197.2 KB). Loaded Objects now: 4684.
Memory consumption went from 82.4 MB to 82.3 MB.
Total: 26.627100 ms (FindLiveObjects: 4.756300 ms CreateObjectMapping: 1.946600 ms MarkObjects: 19.641000 ms  DeleteObjects: 0.281700 ms)

Prepare: number of updated asset objects reloaded= 0
AssetImportParameters requested are different than current active one (requested -> active):
  custom:container-demuxer-ogg: 62fdf1f143b41e24485cea50d1cbac27 -> 
  custom:video-decoder-ogg-theora: a1e56fd34408186e4bbccfd4996cb3dc -> 
  custom:2d/spriteatlas-import-mode: 03000000000000000000000000000000 -> 02000000000000000000000000000000
  custom:framework-win-MediaFoundation: 216162199b28c13a410421893ffa2e32 -> 
  custom:CustomObjectIndexerAttribute: 9a22284fe3817be447336de3de66b15e -> 
  custom:container-demuxer-webm: 4f35f7cbe854078d1ac9338744f61a02 -> 
  custom:container-muxer-webm: aa71ff27fc2769a1b78a27578f13a17b -> 
  custom:video-decoder-webm-vp8: 9c59270c3fd7afecdb556c50c9e8de78 -> 
  custom:SearchIndexIgnoredProperties: e643bd26f0fe6173181afceb89e7c659 -> 
  custom:AudioImporter_EditorPlatform: d09bf68614088b80899f8185d706f6e7 -> 
  custom:video-encoder-webm-vp8: eb34c28f22e8b96e1ab97ce403110664 -> 
  custom:audio-decoder-ogg-vorbis: bf7c407c2cedff20999df2af8eb42d56 -> 
  custom:audio-encoder-webm-vorbis: bf7c407c2cedff20999df2af8eb42d56 -> 
========================================================================
Received Import Request.
  Time since last request: 124.595758 seconds.
  path: Assets/Gambar/Idle/IdlePlayer.spriteatlasv2
  artifactKey: Guid(38050e7ebeec04044afb1028ca5b7acd) Importer(815301076,1909f56bfc062723c751e8b465ee728b)
Start importing Assets/Gambar/Idle/IdlePlayer.spriteatlasv2 using Guid(38050e7ebeec04044afb1028ca5b7acd) Importer(815301076,1909f56bfc062723c751e8b465ee728b) [PhysX] Initialized MultithreadedTaskDispatcher with 2 workers.
 -> (artifact id: '87d218e5e97a6aed4a0eeef127891749') in 0.004249 seconds
Number of updated asset objects reloaded before import = 0
Number of asset objects unloaded after import = 2
========================================================================
Received Prepare
Refreshing native plugins compatible for Editor in 251.87 ms, found 4 plugins.
Preloading 0 native plugins for Editor in 0.00 ms.
Unloading 6 Unused Serialized files (Serialized files now loaded: 0)
Unloading 7 unused Assets / (197.2 KB). Loaded Objects now: 4684.
Memory consumption went from 82.5 MB to 82.3 MB.
Total: 54.168600 ms (FindLiveObjects: 7.224000 ms CreateObjectMapping: 1.710700 ms MarkObjects: 38.850500 ms  DeleteObjects: 6.381100 ms)

Prepare: number of updated asset objects reloaded= 0
AssetImportParameters requested are different than current active one (requested -> active):
  custom:container-demuxer-ogg: 62fdf1f143b41e24485cea50d1cbac27 -> 
  custom:video-decoder-ogg-theora: a1e56fd34408186e4bbccfd4996cb3dc -> 
  custom:framework-win-MediaFoundation: 216162199b28c13a410421893ffa2e32 -> 
  custom:CustomObjectIndexerAttribute: 9a22284fe3817be447336de3de66b15e -> 
  custom:container-demuxer-webm: 4f35f7cbe854078d1ac9338744f61a02 -> 
  custom:container-muxer-webm: aa71ff27fc2769a1b78a27578f13a17b -> 
  custom:video-decoder-webm-vp8: 9c59270c3fd7afecdb556c50c9e8de78 -> 
  custom:SearchIndexIgnoredProperties: e643bd26f0fe6173181afceb89e7c659 -> 
  custom:AudioImporter_EditorPlatform: d09bf68614088b80899f8185d706f6e7 -> 
  custom:video-encoder-webm-vp8: eb34c28f22e8b96e1ab97ce403110664 -> 
  custom:audio-decoder-ogg-vorbis: bf7c407c2cedff20999df2af8eb42d56 -> 
  custom:audio-encoder-webm-vorbis: bf7c407c2cedff20999df2af8eb42d56 -> 
========================================================================
Received Import Request.
  Time since last request: 37.739127 seconds.
  path: Assets/Gambar/Idle/IdlePlayer.spriteatlasv2
  artifactKey: Guid(38050e7ebeec04044afb1028ca5b7acd) Importer(815301076,1909f56bfc062723c751e8b465ee728b)
Start importing Assets/Gambar/Idle/IdlePlayer.spriteatlasv2 using Guid(38050e7ebeec04044afb1028ca5b7acd) Importer(815301076,1909f56bfc062723c751e8b465ee728b) [PhysX] Initialized MultithreadedTaskDispatcher with 2 workers.
 -> (artifact id: '3e8b52009e5a8b11b3170258c5232f1f') in 0.033772 seconds
Number of updated asset objects reloaded before import = 0
Number of asset objects unloaded after import = 2
========================================================================
Received Import Request.
  Time since last request: 59.538347 seconds.
  path: Assets/Gambar/Idle/IdlePlayer 1.spriteatlasv2
  artifactKey: Guid(21d524035f5b2df4b9b4fed0d2f6700e) Importer(815301076,1909f56bfc062723c751e8b465ee728b)
Start importing Assets/Gambar/Idle/IdlePlayer 1.spriteatlasv2 using Guid(21d524035f5b2df4b9b4fed0d2f6700e) Importer(815301076,1909f56bfc062723c751e8b465ee728b) [PhysX] Initialized MultithreadedTaskDispatcher with 2 workers.
 -> (artifact id: 'ead579f1fc5c850cfd77d329699f6501') in 0.003397 seconds
Number of updated asset objects reloaded before import = 0
Number of asset objects unloaded after import = 2
========================================================================
Received Import Request.
  Time since last request: 6360.122968 seconds.
  path: Assets/Scrpts/EnemyPatrol.cs
  artifactKey: Guid(775b1768337d5b642941fbfd88be23b0) Importer(815301076,1909f56bfc062723c751e8b465ee728b)
Start importing Assets/Scrpts/EnemyPatrol.cs using Guid(775b1768337d5b642941fbfd88be23b0) Importer(815301076,1909f56bfc062723c751e8b465ee728b) [PhysX] Initialized MultithreadedTaskDispatcher with 2 workers.
 -> (artifact id: '4d222154fdf52b44dc9d893eaaa42da9') in 0.002097 seconds
Number of updated asset objects reloaded before import = 0
Number of asset objects unloaded after import = 0
========================================================================
Received Prepare
Caller must complete domain reload
Begin MonoManager ReloadAssembly
- Loaded All Assemblies, in  3.830 seconds
Native extension for WindowsStandalone target not found
Mono: successfully reloaded assembly
- Finished resetting the current domain, in 18.339 seconds
Domain Reload Profiling: 22150ms
	BeginReloadAssembly (1379ms)
		ExecutionOrderSort (0ms)
		DisableScriptedObjects (64ms)
		BackupInstance (0ms)
		ReleaseScriptingObjects (0ms)
		CreateAndSetChildDomain (612ms)
	RebuildCommonClasses (413ms)
	RebuildNativeTypeToScriptingClass (48ms)
	initialDomainReloadingComplete (144ms)
	LoadAllAssembliesAndSetupDomain (1827ms)
		LoadAssemblies (1870ms)
		RebuildTransferFunctionScriptingTraits (0ms)
		AnalyzeDomain (555ms)
			TypeCache.Refresh (50ms)
				TypeCache.ScanAssembly (3ms)
			ScanForSourceGeneratedMonoScriptInfo (349ms)
			ResolveRequiredComponents (29ms)
	FinalizeReload (18340ms)
		ReleaseScriptCaches (0ms)
		RebuildScriptCaches (0ms)
		SetupLoadedEditorAssemblies (1686ms)
			LogAssemblyErrors (0ms)
			InitializePlatformSupportModulesInManaged (34ms)
			SetLoadedEditorAssemblies (13ms)
			RefreshPlugins (0ms)
			BeforeProcessingInitializeOnLoad (346ms)
			ProcessInitializeOnLoadAttributes (1203ms)
			ProcessInitializeOnLoadMethodAttributes (68ms)
			AfterProcessingInitializeOnLoad (21ms)
			EditorAssembliesLoaded (1ms)
		ExecutionOrderSort2 (0ms)
		AwakeInstancesAfterBackupRestoration (35ms)
Refreshing native plugins compatible for Editor in 20.89 ms, found 4 plugins.
Preloading 0 native plugins for Editor in 0.00 ms.
Unloading 4171 Unused Serialized files (Serialized files now loaded: 0)
Unloading 25 unused Assets / (214.4 KB). Loaded Objects now: 4690.
Memory consumption went from 147.1 MB to 146.9 MB.
Total: 8.874800 ms (FindLiveObjects: 1.148800 ms CreateObjectMapping: 0.586200 ms MarkObjects: 6.795400 ms  DeleteObjects: 0.342300 ms)

Prepare: number of updated asset objects reloaded= 0
AssetImportParameters requested are different than current active one (requested -> active):
  custom:container-demuxer-ogg: 62fdf1f143b41e24485cea50d1cbac27 -> 
  custom:video-decoder-ogg-theora: a1e56fd34408186e4bbccfd4996cb3dc -> 
  custom:framework-win-MediaFoundation: 216162199b28c13a410421893ffa2e32 -> 
  custom:scripting/monoscript/fileName/EnemyPatrol.cs: cb3862bdca022c6895bfea2d333c4052 -> 
  custom:CustomObjectIndexerAttribute: 9a22284fe3817be447336de3de66b15e -> 
  custom:container-demuxer-webm: 4f35f7cbe854078d1ac9338744f61a02 -> 
  custom:container-muxer-webm: aa71ff27fc2769a1b78a27578f13a17b -> 
  custom:video-decoder-webm-vp8: 9c59270c3fd7afecdb556c50c9e8de78 -> 
  custom:SearchIndexIgnoredProperties: e643bd26f0fe6173181afceb89e7c659 -> 
  custom:AudioImporter_EditorPlatform: d09bf68614088b80899f8185d706f6e7 -> 
  custom:video-encoder-webm-vp8: eb34c28f22e8b96e1ab97ce403110664 -> 
  custom:audio-decoder-ogg-vorbis: bf7c407c2cedff20999df2af8eb42d56 -> 
  custom:audio-encoder-webm-vorbis: bf7c407c2cedff20999df2af8eb42d56 -> 
  custom:scripting/precompiled-assembly-types:Assembly-CSharp: 630d879788524dc0120466ca268ecc05 -> 73aa19288931f336944cebea50ea8521
========================================================================
Received Import Request.
  Time since last request: 190.795526 seconds.
  path: Assets/Scrpts/EnemyPatrol.cs
  artifactKey: Guid(775b1768337d5b642941fbfd88be23b0) Importer(815301076,1909f56bfc062723c751e8b465ee728b)
Start importing Assets/Scrpts/EnemyPatrol.cs using Guid(775b1768337d5b642941fbfd88be23b0) Importer(815301076,1909f56bfc062723c751e8b465ee728b) [PhysX] Initialized MultithreadedTaskDispatcher with 2 workers.
 -> (artifact id: 'b4e2cfa2aa5602f493c1f597b9e4ced3') in 0.005289 seconds
Number of updated asset objects reloaded before import = 0
Number of asset objects unloaded after import = 0
========================================================================
Received Prepare
Caller must complete domain reload
Begin MonoManager ReloadAssembly
- Loaded All Assemblies, in  7.635 seconds
Native extension for WindowsStandalone target not found
Mono: successfully reloaded assembly
- Finished resetting the current domain, in  3.693 seconds
Domain Reload Profiling: 11319ms
	BeginReloadAssembly (1369ms)
		ExecutionOrderSort (0ms)
		DisableScriptedObjects (36ms)
		BackupInstance (0ms)
		ReleaseScriptingObjects (0ms)
		CreateAndSetChildDomain (187ms)
	RebuildCommonClasses (71ms)
	RebuildNativeTypeToScriptingClass (29ms)
	initialDomainReloadingComplete (105ms)
	LoadAllAssembliesAndSetupDomain (6051ms)
		LoadAssemblies (7114ms)
		RebuildTransferFunctionScriptingTraits (0ms)
		AnalyzeDomain (32ms)
			TypeCache.Refresh (11ms)
				TypeCache.ScanAssembly (0ms)
			ScanForSourceGeneratedMonoScriptInfo (1ms)
			ResolveRequiredComponents (13ms)
	FinalizeReload (3693ms)
		ReleaseScriptCaches (0ms)
		RebuildScriptCaches (0ms)
		SetupLoadedEditorAssemblies (1091ms)
			LogAssemblyErrors (0ms)
			InitializePlatformSupportModulesInManaged (13ms)
			SetLoadedEditorAssemblies (6ms)
			RefreshPlugins (0ms)
			BeforeProcessingInitializeOnLoad (169ms)
			ProcessInitializeOnLoadAttributes (805ms)
			ProcessInitializeOnLoadMethodAttributes (63ms)
			AfterProcessingInitializeOnLoad (34ms)
			EditorAssembliesLoaded (1ms)
		ExecutionOrderSort2 (0ms)
		AwakeInstancesAfterBackupRestoration (32ms)
Refreshing native plugins compatible for Editor in 14.61 ms, found 4 plugins.
Preloading 0 native plugins for Editor in 0.00 ms.
Unloading 4171 Unused Serialized files (Serialized files now loaded: 0)
Unloading 25 unused Assets / (214.4 KB). Loaded Objects now: 4695.
Memory consumption went from 147.1 MB to 146.9 MB.
Total: 5.956900 ms (FindLiveObjects: 0.624100 ms CreateObjectMapping: 0.366700 ms MarkObjects: 4.636600 ms  DeleteObjects: 0.327100 ms)

Prepare: number of updated asset objects reloaded= 0
AssetImportParameters requested are different than current active one (requested -> active):
  custom:container-demuxer-ogg: 62fdf1f143b41e24485cea50d1cbac27 -> 
  custom:video-decoder-ogg-theora: a1e56fd34408186e4bbccfd4996cb3dc -> 
  custom:framework-win-MediaFoundation: 216162199b28c13a410421893ffa2e32 -> 
  custom:scripting/monoscript/fileName/EnemyPatrol.cs: cb3862bdca022c6895bfea2d333c4052 -> 
  custom:CustomObjectIndexerAttribute: 9a22284fe3817be447336de3de66b15e -> 
  custom:container-demuxer-webm: 4f35f7cbe854078d1ac9338744f61a02 -> 
  custom:container-muxer-webm: aa71ff27fc2769a1b78a27578f13a17b -> 
  custom:video-decoder-webm-vp8: 9c59270c3fd7afecdb556c50c9e8de78 -> 
  custom:SearchIndexIgnoredProperties: e643bd26f0fe6173181afceb89e7c659 -> 
  custom:AudioImporter_EditorPlatform: d09bf68614088b80899f8185d706f6e7 -> 
  custom:video-encoder-webm-vp8: eb34c28f22e8b96e1ab97ce403110664 -> 
  custom:audio-decoder-ogg-vorbis: bf7c407c2cedff20999df2af8eb42d56 -> 
  custom:audio-encoder-webm-vorbis: bf7c407c2cedff20999df2af8eb42d56 -> 
  custom:scripting/precompiled-assembly-types:Assembly-CSharp: 630d879788524dc0120466ca268ecc05 -> 73aa19288931f336944cebea50ea8521
========================================================================
Received Prepare
Caller must complete domain reload
Begin MonoManager ReloadAssembly
- Loaded All Assemblies, in  1.717 seconds
Native extension for WindowsStandalone target not found
Mono: successfully reloaded assembly
- Finished resetting the current domain, in  7.639 seconds
Domain Reload Profiling: 9348ms
	BeginReloadAssembly (462ms)
		ExecutionOrderSort (0ms)
		DisableScriptedObjects (35ms)
		BackupInstance (0ms)
		ReleaseScriptingObjects (0ms)
		CreateAndSetChildDomain (75ms)
	RebuildCommonClasses (76ms)
	RebuildNativeTypeToScriptingClass (24ms)
	initialDomainReloadingComplete (100ms)
	LoadAllAssembliesAndSetupDomain (1043ms)
		LoadAssemblies (1124ms)
		RebuildTransferFunctionScriptingTraits (0ms)
		AnalyzeDomain (195ms)
			TypeCache.Refresh (13ms)
				TypeCache.ScanAssembly (0ms)
			ScanForSourceGeneratedMonoScriptInfo (0ms)
			ResolveRequiredComponents (180ms)
	FinalizeReload (7641ms)
		ReleaseScriptCaches (0ms)
		RebuildScriptCaches (0ms)
		SetupLoadedEditorAssemblies (962ms)
			LogAssemblyErrors (0ms)
			InitializePlatformSupportModulesInManaged (16ms)
			SetLoadedEditorAssemblies (6ms)
			RefreshPlugins (0ms)
			BeforeProcessingInitializeOnLoad (183ms)
			ProcessInitializeOnLoadAttributes (677ms)
			ProcessInitializeOnLoadMethodAttributes (63ms)
			AfterProcessingInitializeOnLoad (16ms)
			EditorAssembliesLoaded (1ms)
		ExecutionOrderSort2 (0ms)
		AwakeInstancesAfterBackupRestoration (30ms)
Refreshing native plugins compatible for Editor in 13.48 ms, found 4 plugins.
Preloading 0 native plugins for Editor in 0.00 ms.
Unloading 4172 Unused Serialized files (Serialized files now loaded: 0)
Unloading 25 unused Assets / (214.3 KB). Loaded Objects now: 4700.
Memory consumption went from 147.4 MB to 147.2 MB.
Total: 5.721300 ms (FindLiveObjects: 0.702400 ms CreateObjectMapping: 0.389900 ms MarkObjects: 4.294700 ms  DeleteObjects: 0.332600 ms)

Prepare: number of updated asset objects reloaded= 0
AssetImportParameters requested are different than current active one (requested -> active):
  custom:container-demuxer-ogg: 62fdf1f143b41e24485cea50d1cbac27 -> 
  custom:video-decoder-ogg-theora: a1e56fd34408186e4bbccfd4996cb3dc -> 
  custom:framework-win-MediaFoundation: 216162199b28c13a410421893ffa2e32 -> 
  custom:scripting/monoscript/fileName/EnemyPatrol.cs: cb3862bdca022c6895bfea2d333c4052 -> 
  custom:CustomObjectIndexerAttribute: 9a22284fe3817be447336de3de66b15e -> 
  custom:container-demuxer-webm: 4f35f7cbe854078d1ac9338744f61a02 -> 
  custom:container-muxer-webm: aa71ff27fc2769a1b78a27578f13a17b -> 
  custom:video-decoder-webm-vp8: 9c59270c3fd7afecdb556c50c9e8de78 -> 
  custom:SearchIndexIgnoredProperties: e643bd26f0fe6173181afceb89e7c659 -> 
  custom:AudioImporter_EditorPlatform: d09bf68614088b80899f8185d706f6e7 -> 
  custom:video-encoder-webm-vp8: eb34c28f22e8b96e1ab97ce403110664 -> 
  custom:audio-decoder-ogg-vorbis: bf7c407c2cedff20999df2af8eb42d56 -> 
  custom:audio-encoder-webm-vorbis: bf7c407c2cedff20999df2af8eb42d56 -> 
  custom:scripting/precompiled-assembly-types:Assembly-CSharp: 630d879788524dc0120466ca268ecc05 -> 73aa19288931f336944cebea50ea8521
========================================================================
Received Prepare
Caller must complete domain reload
Begin MonoManager ReloadAssembly
- Loaded All Assemblies, in  6.929 seconds
Native extension for WindowsStandalone target not found
Mono: successfully reloaded assembly
- Finished resetting the current domain, in  2.853 seconds
Domain Reload Profiling: 9772ms
	BeginReloadAssembly (440ms)
		ExecutionOrderSort (0ms)
		DisableScriptedObjects (27ms)
		BackupInstance (0ms)
		ReleaseScriptingObjects (0ms)
		CreateAndSetChildDomain (83ms)
	RebuildCommonClasses (74ms)
	RebuildNativeTypeToScriptingClass (25ms)
	initialDomainReloadingComplete (79ms)
	LoadAllAssembliesAndSetupDomain (6299ms)
		LoadAssemblies (6551ms)
		RebuildTransferFunctionScriptingTraits (0ms)
		AnalyzeDomain (27ms)
			TypeCache.Refresh (11ms)
				TypeCache.ScanAssembly (0ms)
			ScanForSourceGeneratedMonoScriptInfo (0ms)
			ResolveRequiredComponents (14ms)
	FinalizeReload (2854ms)
		ReleaseScriptCaches (0ms)
		RebuildScriptCaches (0ms)
		SetupLoadedEditorAssemblies (882ms)
			LogAssemblyErrors (0ms)
			InitializePlatformSupportModulesInManaged (14ms)
			SetLoadedEditorAssemblies (5ms)
			RefreshPlugins (0ms)
			BeforeProcessingInitializeOnLoad (133ms)
			ProcessInitializeOnLoadAttributes (650ms)
			ProcessInitializeOnLoadMethodAttributes (62ms)
			AfterProcessingInitializeOnLoad (16ms)
			EditorAssembliesLoaded (1ms)
		ExecutionOrderSort2 (0ms)
		AwakeInstancesAfterBackupRestoration (35ms)
Refreshing native plugins compatible for Editor in 16.09 ms, found 4 plugins.
Preloading 0 native plugins for Editor in 0.00 ms.
Unloading 4172 Unused Serialized files (Serialized files now loaded: 0)
Unloading 25 unused Assets / (214.5 KB). Loaded Objects now: 4705.
Memory consumption went from 147.4 MB to 147.2 MB.
Total: 5.868300 ms (FindLiveObjects: 0.813000 ms CreateObjectMapping: 0.404200 ms MarkObjects: 4.315000 ms  DeleteObjects: 0.334500 ms)

Prepare: number of updated asset objects reloaded= 0
AssetImportParameters requested are different than current active one (requested -> active):
  custom:container-demuxer-ogg: 62fdf1f143b41e24485cea50d1cbac27 -> 
  custom:video-decoder-ogg-theora: a1e56fd34408186e4bbccfd4996cb3dc -> 
  custom:framework-win-MediaFoundation: 216162199b28c13a410421893ffa2e32 -> 
  custom:scripting/monoscript/fileName/EnemyPatrol.cs: cb3862bdca022c6895bfea2d333c4052 -> 
  custom:CustomObjectIndexerAttribute: 9a22284fe3817be447336de3de66b15e -> 
  custom:container-demuxer-webm: 4f35f7cbe854078d1ac9338744f61a02 -> 
  custom:container-muxer-webm: aa71ff27fc2769a1b78a27578f13a17b -> 
  custom:video-decoder-webm-vp8: 9c59270c3fd7afecdb556c50c9e8de78 -> 
  custom:SearchIndexIgnoredProperties: e643bd26f0fe6173181afceb89e7c659 -> 
  custom:AudioImporter_EditorPlatform: d09bf68614088b80899f8185d706f6e7 -> 
  custom:video-encoder-webm-vp8: eb34c28f22e8b96e1ab97ce403110664 -> 
  custom:audio-decoder-ogg-vorbis: bf7c407c2cedff20999df2af8eb42d56 -> 
  custom:audio-encoder-webm-vorbis: bf7c407c2cedff20999df2af8eb42d56 -> 
  custom:scripting/precompiled-assembly-types:Assembly-CSharp: 630d879788524dc0120466ca268ecc05 -> 73aa19288931f336944cebea50ea8521
========================================================================
Received Prepare
Caller must complete domain reload
Begin MonoManager ReloadAssembly
- Loaded All Assemblies, in  3.672 seconds
Native extension for WindowsStandalone target not found
Mono: successfully reloaded assembly
- Finished resetting the current domain, in 20.064 seconds
Domain Reload Profiling: 23716ms
	BeginReloadAssembly (434ms)
		ExecutionOrderSort (0ms)
		DisableScriptedObjects (25ms)
		BackupInstance (0ms)
		ReleaseScriptingObjects (0ms)
		CreateAndSetChildDomain (83ms)
	RebuildCommonClasses (74ms)
	RebuildNativeTypeToScriptingClass (27ms)
	initialDomainReloadingComplete (75ms)
	LoadAllAssembliesAndSetupDomain (3041ms)
		LoadAssemblies (3042ms)
		RebuildTransferFunctionScriptingTraits (0ms)
		AnalyzeDomain (259ms)
			TypeCache.Refresh (97ms)
				TypeCache.ScanAssembly (0ms)
			ScanForSourceGeneratedMonoScriptInfo (15ms)
			ResolveRequiredComponents (144ms)
	FinalizeReload (20065ms)
		ReleaseScriptCaches (0ms)
		RebuildScriptCaches (0ms)
		SetupLoadedEditorAssemblies (2950ms)
			LogAssemblyErrors (0ms)
			InitializePlatformSupportModulesInManaged (19ms)
			SetLoadedEditorAssemblies (11ms)
			RefreshPlugins (0ms)
			BeforeProcessingInitializeOnLoad (338ms)
			ProcessInitializeOnLoadAttributes (2065ms)
			ProcessInitializeOnLoadMethodAttributes (415ms)
			AfterProcessingInitializeOnLoad (87ms)
			EditorAssembliesLoaded (15ms)
		ExecutionOrderSort2 (0ms)
		AwakeInstancesAfterBackupRestoration (146ms)
Refreshing native plugins compatible for Editor in 20.77 ms, found 4 plugins.
Preloading 0 native plugins for Editor in 0.00 ms.
Unloading 4172 Unused Serialized files (Serialized files now loaded: 0)
Unloading 25 unused Assets / (214.4 KB). Loaded Objects now: 4710.
Memory consumption went from 147.4 MB to 147.2 MB.
Total: 9.453600 ms (FindLiveObjects: 0.643400 ms CreateObjectMapping: 0.369000 ms MarkObjects: 8.091600 ms  DeleteObjects: 0.346800 ms)

Prepare: number of updated asset objects reloaded= 0
AssetImportParameters requested are different than current active one (requested -> active):
  custom:container-demuxer-ogg: 62fdf1f143b41e24485cea50d1cbac27 -> 
  custom:video-decoder-ogg-theora: a1e56fd34408186e4bbccfd4996cb3dc -> 
  custom:framework-win-MediaFoundation: 216162199b28c13a410421893ffa2e32 -> 
  custom:scripting/monoscript/fileName/EnemyPatrol.cs: cb3862bdca022c6895bfea2d333c4052 -> 
  custom:CustomObjectIndexerAttribute: 9a22284fe3817be447336de3de66b15e -> 
  custom:container-demuxer-webm: 4f35f7cbe854078d1ac9338744f61a02 -> 
  custom:container-muxer-webm: aa71ff27fc2769a1b78a27578f13a17b -> 
  custom:video-decoder-webm-vp8: 9c59270c3fd7afecdb556c50c9e8de78 -> 
  custom:SearchIndexIgnoredProperties: e643bd26f0fe6173181afceb89e7c659 -> 
  custom:AudioImporter_EditorPlatform: d09bf68614088b80899f8185d706f6e7 -> 
  custom:video-encoder-webm-vp8: eb34c28f22e8b96e1ab97ce403110664 -> 
  custom:audio-decoder-ogg-vorbis: bf7c407c2cedff20999df2af8eb42d56 -> 
  custom:audio-encoder-webm-vorbis: bf7c407c2cedff20999df2af8eb42d56 -> 
  custom:scripting/precompiled-assembly-types:Assembly-CSharp: 630d879788524dc0120466ca268ecc05 -> 73aa19288931f336944cebea50ea8521
========================================================================
Received Prepare
Caller must complete domain reload
Begin MonoManager ReloadAssembly
- Loaded All Assemblies, in  5.939 seconds
Native extension for WindowsStandalone target not found
Mono: successfully reloaded assembly
- Finished resetting the current domain, in  4.479 seconds
Domain Reload Profiling: 10332ms
	BeginReloadAssembly (472ms)
		ExecutionOrderSort (0ms)
		DisableScriptedObjects (40ms)
		BackupInstance (0ms)
		ReleaseScriptingObjects (0ms)
		CreateAndSetChildDomain (103ms)
	RebuildCommonClasses (1019ms)
	RebuildNativeTypeToScriptingClass (112ms)
	initialDomainReloadingComplete (780ms)
	LoadAllAssembliesAndSetupDomain (3469ms)
		LoadAssemblies (3716ms)
		RebuildTransferFunctionScriptingTraits (0ms)
		AnalyzeDomain (30ms)
			TypeCache.Refresh (13ms)
				TypeCache.ScanAssembly (0ms)
			ScanForSourceGeneratedMonoScriptInfo (0ms)
			ResolveRequiredComponents (15ms)
	FinalizeReload (4481ms)
		ReleaseScriptCaches (0ms)
		RebuildScriptCaches (0ms)
		SetupLoadedEditorAssemblies (1368ms)
			LogAssemblyErrors (0ms)
			InitializePlatformSupportModulesInManaged (18ms)
			SetLoadedEditorAssemblies (14ms)
			RefreshPlugins (0ms)
			BeforeProcessingInitializeOnLoad (282ms)
			ProcessInitializeOnLoadAttributes (940ms)
			ProcessInitializeOnLoadMethodAttributes (92ms)
			AfterProcessingInitializeOnLoad (21ms)
			EditorAssembliesLoaded (1ms)
		ExecutionOrderSort2 (0ms)
		AwakeInstancesAfterBackupRestoration (48ms)
Refreshing native plugins compatible for Editor in 17.64 ms, found 4 plugins.
Preloading 0 native plugins for Editor in 0.00 ms.
Unloading 4172 Unused Serialized files (Serialized files now loaded: 0)
Unloading 25 unused Assets / (214.5 KB). Loaded Objects now: 4715.
Memory consumption went from 147.4 MB to 147.2 MB.
Total: 5.806000 ms (FindLiveObjects: 0.762200 ms CreateObjectMapping: 0.437000 ms MarkObjects: 4.173400 ms  DeleteObjects: 0.431800 ms)

Prepare: number of updated asset objects reloaded= 0
AssetImportParameters requested are different than current active one (requested -> active):
  custom:container-demuxer-ogg: 62fdf1f143b41e24485cea50d1cbac27 -> 
  custom:video-decoder-ogg-theora: a1e56fd34408186e4bbccfd4996cb3dc -> 
  custom:framework-win-MediaFoundation: 216162199b28c13a410421893ffa2e32 -> 
  custom:scripting/monoscript/fileName/EnemyPatrol.cs: cb3862bdca022c6895bfea2d333c4052 -> 
  custom:CustomObjectIndexerAttribute: 9a22284fe3817be447336de3de66b15e -> 
  custom:container-demuxer-webm: 4f35f7cbe854078d1ac9338744f61a02 -> 
  custom:container-muxer-webm: aa71ff27fc2769a1b78a27578f13a17b -> 
  custom:video-decoder-webm-vp8: 9c59270c3fd7afecdb556c50c9e8de78 -> 
  custom:SearchIndexIgnoredProperties: e643bd26f0fe6173181afceb89e7c659 -> 
  custom:AudioImporter_EditorPlatform: d09bf68614088b80899f8185d706f6e7 -> 
  custom:video-encoder-webm-vp8: eb34c28f22e8b96e1ab97ce403110664 -> 
  custom:audio-decoder-ogg-vorbis: bf7c407c2cedff20999df2af8eb42d56 -> 
  custom:audio-encoder-webm-vorbis: bf7c407c2cedff20999df2af8eb42d56 -> 
  custom:scripting/precompiled-assembly-types:Assembly-CSharp: 630d879788524dc0120466ca268ecc05 -> 73aa19288931f336944cebea50ea8521
========================================================================
Received Prepare
Caller must complete domain reload
Begin MonoManager ReloadAssembly
- Loaded All Assemblies, in  2.102 seconds
Native extension for WindowsStandalone target not found
Mono: successfully reloaded assembly
- Finished resetting the current domain, in  2.675 seconds
Domain Reload Profiling: 4768ms
	BeginReloadAssembly (411ms)
		ExecutionOrderSort (0ms)
		DisableScriptedObjects (31ms)
		BackupInstance (0ms)
		ReleaseScriptingObjects (0ms)
		CreateAndSetChildDomain (83ms)
	RebuildCommonClasses (133ms)
	RebuildNativeTypeToScriptingClass (84ms)
	initialDomainReloadingComplete (100ms)
	LoadAllAssembliesAndSetupDomain (1363ms)
		LoadAssemblies (1542ms)
		RebuildTransferFunctionScriptingTraits (0ms)
		AnalyzeDomain (62ms)
			TypeCache.Refresh (19ms)
				TypeCache.ScanAssembly (1ms)
			ScanForSourceGeneratedMonoScriptInfo (27ms)
			ResolveRequiredComponents (14ms)
	FinalizeReload (2676ms)
		ReleaseScriptCaches (0ms)
		RebuildScriptCaches (0ms)
		SetupLoadedEditorAssemblies (873ms)
			LogAssemblyErrors (0ms)
			InitializePlatformSupportModulesInManaged (13ms)
			SetLoadedEditorAssemblies (6ms)
			RefreshPlugins (0ms)
			BeforeProcessingInitializeOnLoad (159ms)
			ProcessInitializeOnLoadAttributes (613ms)
			ProcessInitializeOnLoadMethodAttributes (64ms)
			AfterProcessingInitializeOnLoad (16ms)
			EditorAssembliesLoaded (1ms)
		ExecutionOrderSort2 (0ms)
		AwakeInstancesAfterBackupRestoration (30ms)
Refreshing native plugins compatible for Editor in 14.25 ms, found 4 plugins.
Preloading 0 native plugins for Editor in 0.00 ms.
Unloading 4172 Unused Serialized files (Serialized files now loaded: 0)
Unloading 25 unused Assets / (214.4 KB). Loaded Objects now: 4720.
Memory consumption went from 147.4 MB to 147.2 MB.
Total: 5.834000 ms (FindLiveObjects: 0.622300 ms CreateObjectMapping: 0.384100 ms MarkObjects: 4.434700 ms  DeleteObjects: 0.391100 ms)

Prepare: number of updated asset objects reloaded= 0
AssetImportParameters requested are different than current active one (requested -> active):
  custom:container-demuxer-ogg: 62fdf1f143b41e24485cea50d1cbac27 -> 
  custom:video-decoder-ogg-theora: a1e56fd34408186e4bbccfd4996cb3dc -> 
  custom:framework-win-MediaFoundation: 216162199b28c13a410421893ffa2e32 -> 
  custom:scripting/monoscript/fileName/EnemyPatrol.cs: cb3862bdca022c6895bfea2d333c4052 -> 
  custom:CustomObjectIndexerAttribute: 9a22284fe3817be447336de3de66b15e -> 
  custom:container-demuxer-webm: 4f35f7cbe854078d1ac9338744f61a02 -> 
  custom:container-muxer-webm: aa71ff27fc2769a1b78a27578f13a17b -> 
  custom:video-decoder-webm-vp8: 9c59270c3fd7afecdb556c50c9e8de78 -> 
  custom:SearchIndexIgnoredProperties: e643bd26f0fe6173181afceb89e7c659 -> 
  custom:AudioImporter_EditorPlatform: d09bf68614088b80899f8185d706f6e7 -> 
  custom:video-encoder-webm-vp8: eb34c28f22e8b96e1ab97ce403110664 -> 
  custom:audio-decoder-ogg-vorbis: bf7c407c2cedff20999df2af8eb42d56 -> 
  custom:audio-encoder-webm-vorbis: bf7c407c2cedff20999df2af8eb42d56 -> 
  custom:scripting/precompiled-assembly-types:Assembly-CSharp: 630d879788524dc0120466ca268ecc05 -> 73aa19288931f336944cebea50ea8521
========================================================================
Received Prepare
Caller must complete domain reload
Begin MonoManager ReloadAssembly
- Loaded All Assemblies, in  1.540 seconds
Native extension for WindowsStandalone target not found
Mono: successfully reloaded assembly
- Finished resetting the current domain, in 14.153 seconds
Domain Reload Profiling: 15684ms
	BeginReloadAssembly (396ms)
		ExecutionOrderSort (0ms)
		DisableScriptedObjects (25ms)
		BackupInstance (0ms)
		ReleaseScriptingObjects (0ms)
		CreateAndSetChildDomain (64ms)
	RebuildCommonClasses (114ms)
	RebuildNativeTypeToScriptingClass (26ms)
	initialDomainReloadingComplete (78ms)
	LoadAllAssembliesAndSetupDomain (917ms)
		LoadAssemblies (1121ms)
		RebuildTransferFunctionScriptingTraits (0ms)
		AnalyzeDomain (37ms)
			TypeCache.Refresh (17ms)
				TypeCache.ScanAssembly (0ms)
			ScanForSourceGeneratedMonoScriptInfo (0ms)
			ResolveRequiredComponents (17ms)
	FinalizeReload (14154ms)
		ReleaseScriptCaches (0ms)
		RebuildScriptCaches (0ms)
		SetupLoadedEditorAssemblies (1392ms)
			LogAssemblyErrors (0ms)
			InitializePlatformSupportModulesInManaged (13ms)
			SetLoadedEditorAssemblies (7ms)
			RefreshPlugins (0ms)
			BeforeProcessingInitializeOnLoad (195ms)
			ProcessInitializeOnLoadAttributes (1093ms)
			ProcessInitializeOnLoadMethodAttributes (65ms)
			AfterProcessingInitializeOnLoad (18ms)
			EditorAssembliesLoaded (1ms)
		ExecutionOrderSort2 (0ms)
		AwakeInstancesAfterBackupRestoration (50ms)
Refreshing native plugins compatible for Editor in 14.66 ms, found 4 plugins.
Preloading 0 native plugins for Editor in 0.00 ms.
Unloading 4172 Unused Serialized files (Serialized files now loaded: 0)
Unloading 25 unused Assets / (214.4 KB). Loaded Objects now: 4725.
Memory consumption went from 147.4 MB to 147.2 MB.
Total: 5.821700 ms (FindLiveObjects: 0.656800 ms CreateObjectMapping: 0.364200 ms MarkObjects: 4.460100 ms  DeleteObjects: 0.338900 ms)

Prepare: number of updated asset objects reloaded= 0
AssetImportParameters requested are different than current active one (requested -> active):
  custom:container-demuxer-ogg: 62fdf1f143b41e24485cea50d1cbac27 -> 
  custom:video-decoder-ogg-theora: a1e56fd34408186e4bbccfd4996cb3dc -> 
  custom:framework-win-MediaFoundation: 216162199b28c13a410421893ffa2e32 -> 
  custom:scripting/monoscript/fileName/EnemyPatrol.cs: cb3862bdca022c6895bfea2d333c4052 -> 
  custom:CustomObjectIndexerAttribute: 9a22284fe3817be447336de3de66b15e -> 
  custom:container-demuxer-webm: 4f35f7cbe854078d1ac9338744f61a02 -> 
  custom:container-muxer-webm: aa71ff27fc2769a1b78a27578f13a17b -> 
  custom:video-decoder-webm-vp8: 9c59270c3fd7afecdb556c50c9e8de78 -> 
  custom:SearchIndexIgnoredProperties: e643bd26f0fe6173181afceb89e7c659 -> 
  custom:AudioImporter_EditorPlatform: d09bf68614088b80899f8185d706f6e7 -> 
  custom:video-encoder-webm-vp8: eb34c28f22e8b96e1ab97ce403110664 -> 
  custom:audio-decoder-ogg-vorbis: bf7c407c2cedff20999df2af8eb42d56 -> 
  custom:audio-encoder-webm-vorbis: bf7c407c2cedff20999df2af8eb42d56 -> 
  custom:scripting/precompiled-assembly-types:Assembly-CSharp: 630d879788524dc0120466ca268ecc05 -> 73aa19288931f336944cebea50ea8521
========================================================================
Received Prepare
Caller must complete domain reload
Begin MonoManager ReloadAssembly
- Loaded All Assemblies, in  5.109 seconds
Native extension for WindowsStandalone target not found
Mono: successfully reloaded assembly
- Finished resetting the current domain, in  3.721 seconds
Domain Reload Profiling: 8782ms
	BeginReloadAssembly (1621ms)
		ExecutionOrderSort (0ms)
		DisableScriptedObjects (24ms)
		BackupInstance (0ms)
		ReleaseScriptingObjects (0ms)
		CreateAndSetChildDomain (73ms)
	RebuildCommonClasses (397ms)
	RebuildNativeTypeToScriptingClass (117ms)
	initialDomainReloadingComplete (380ms)
	LoadAllAssembliesAndSetupDomain (2546ms)
		LoadAssemblies (3970ms)
		RebuildTransferFunctionScriptingTraits (0ms)
		AnalyzeDomain (31ms)
			TypeCache.Refresh (12ms)
				TypeCache.ScanAssembly (0ms)
			ScanForSourceGeneratedMonoScriptInfo (0ms)
			ResolveRequiredComponents (13ms)
	FinalizeReload (3722ms)
		ReleaseScriptCaches (0ms)
		RebuildScriptCaches (0ms)
		SetupLoadedEditorAssemblies (943ms)
			LogAssemblyErrors (0ms)
			InitializePlatformSupportModulesInManaged (13ms)
			SetLoadedEditorAssemblies (6ms)
			RefreshPlugins (0ms)
			BeforeProcessingInitializeOnLoad (160ms)
			ProcessInitializeOnLoadAttributes (679ms)
			ProcessInitializeOnLoadMethodAttributes (69ms)
			AfterProcessingInitializeOnLoad (16ms)
			EditorAssembliesLoaded (0ms)
		ExecutionOrderSort2 (0ms)
		AwakeInstancesAfterBackupRestoration (30ms)
Refreshing native plugins compatible for Editor in 15.16 ms, found 4 plugins.
Preloading 0 native plugins for Editor in 0.00 ms.
Unloading 4172 Unused Serialized files (Serialized files now loaded: 0)
Unloading 25 unused Assets / (214.5 KB). Loaded Objects now: 4730.
Memory consumption went from 147.4 MB to 147.2 MB.
Total: 5.900900 ms (FindLiveObjects: 0.713900 ms CreateObjectMapping: 0.588800 ms MarkObjects: 4.248100 ms  DeleteObjects: 0.348700 ms)

Prepare: number of updated asset objects reloaded= 0
AssetImportParameters requested are different than current active one (requested -> active):
  custom:container-demuxer-ogg: 62fdf1f143b41e24485cea50d1cbac27 -> 
  custom:video-decoder-ogg-theora: a1e56fd34408186e4bbccfd4996cb3dc -> 
  custom:framework-win-MediaFoundation: 216162199b28c13a410421893ffa2e32 -> 
  custom:scripting/monoscript/fileName/EnemyPatrol.cs: cb3862bdca022c6895bfea2d333c4052 -> 
  custom:CustomObjectIndexerAttribute: 9a22284fe3817be447336de3de66b15e -> 
  custom:container-demuxer-webm: 4f35f7cbe854078d1ac9338744f61a02 -> 
  custom:container-muxer-webm: aa71ff27fc2769a1b78a27578f13a17b -> 
  custom:video-decoder-webm-vp8: 9c59270c3fd7afecdb556c50c9e8de78 -> 
  custom:SearchIndexIgnoredProperties: e643bd26f0fe6173181afceb89e7c659 -> 
  custom:AudioImporter_EditorPlatform: d09bf68614088b80899f8185d706f6e7 -> 
  custom:video-encoder-webm-vp8: eb34c28f22e8b96e1ab97ce403110664 -> 
  custom:audio-decoder-ogg-vorbis: bf7c407c2cedff20999df2af8eb42d56 -> 
  custom:audio-encoder-webm-vorbis: bf7c407c2cedff20999df2af8eb42d56 -> 
  custom:scripting/precompiled-assembly-types:Assembly-CSharp: 630d879788524dc0120466ca268ecc05 -> 73aa19288931f336944cebea50ea8521
========================================================================
Received Prepare
Caller must complete domain reload
Begin MonoManager ReloadAssembly
- Loaded All Assemblies, in  4.426 seconds
Native extension for WindowsStandalone target not found
Mono: successfully reloaded assembly
- Finished resetting the current domain, in  5.812 seconds
Domain Reload Profiling: 10230ms
	BeginReloadAssembly (431ms)
		ExecutionOrderSort (0ms)
		DisableScriptedObjects (31ms)
		BackupInstance (0ms)
		ReleaseScriptingObjects (0ms)
		CreateAndSetChildDomain (122ms)
	RebuildCommonClasses (88ms)
	RebuildNativeTypeToScriptingClass (26ms)
	initialDomainReloadingComplete (78ms)
	LoadAllAssembliesAndSetupDomain (3793ms)
		LoadAssemblies (3908ms)
		RebuildTransferFunctionScriptingTraits (0ms)
		AnalyzeDomain (101ms)
			TypeCache.Refresh (35ms)
				TypeCache.ScanAssembly (0ms)
			ScanForSourceGeneratedMonoScriptInfo (10ms)
			ResolveRequiredComponents (43ms)
	FinalizeReload (5813ms)
		ReleaseScriptCaches (0ms)
		RebuildScriptCaches (0ms)
		SetupLoadedEditorAssemblies (981ms)
			LogAssemblyErrors (0ms)
			InitializePlatformSupportModulesInManaged (13ms)
			SetLoadedEditorAssemblies (6ms)
			RefreshPlugins (0ms)
			BeforeProcessingInitializeOnLoad (152ms)
			ProcessInitializeOnLoadAttributes (720ms)
			ProcessInitializeOnLoadMethodAttributes (74ms)
			AfterProcessingInitializeOnLoad (16ms)
			EditorAssembliesLoaded (1ms)
		ExecutionOrderSort2 (0ms)
		AwakeInstancesAfterBackupRestoration (29ms)
Refreshing native plugins compatible for Editor in 14.49 ms, found 4 plugins.
Preloading 0 native plugins for Editor in 0.00 ms.
Unloading 4172 Unused Serialized files (Serialized files now loaded: 0)
Unloading 25 unused Assets / (214.7 KB). Loaded Objects now: 4735.
Memory consumption went from 147.4 MB to 147.2 MB.
Total: 6.048400 ms (FindLiveObjects: 0.629000 ms CreateObjectMapping: 0.601300 ms MarkObjects: 4.476700 ms  DeleteObjects: 0.339400 ms)

Prepare: number of updated asset objects reloaded= 0
AssetImportParameters requested are different than current active one (requested -> active):
  custom:container-demuxer-ogg: 62fdf1f143b41e24485cea50d1cbac27 -> 
  custom:video-decoder-ogg-theora: a1e56fd34408186e4bbccfd4996cb3dc -> 
  custom:framework-win-MediaFoundation: 216162199b28c13a410421893ffa2e32 -> 
  custom:scripting/monoscript/fileName/EnemyPatrol.cs: cb3862bdca022c6895bfea2d333c4052 -> 
  custom:CustomObjectIndexerAttribute: 9a22284fe3817be447336de3de66b15e -> 
  custom:container-demuxer-webm: 4f35f7cbe854078d1ac9338744f61a02 -> 
  custom:container-muxer-webm: aa71ff27fc2769a1b78a27578f13a17b -> 
  custom:video-decoder-webm-vp8: 9c59270c3fd7afecdb556c50c9e8de78 -> 
  custom:SearchIndexIgnoredProperties: e643bd26f0fe6173181afceb89e7c659 -> 
  custom:AudioImporter_EditorPlatform: d09bf68614088b80899f8185d706f6e7 -> 
  custom:video-encoder-webm-vp8: eb34c28f22e8b96e1ab97ce403110664 -> 
  custom:audio-decoder-ogg-vorbis: bf7c407c2cedff20999df2af8eb42d56 -> 
  custom:audio-encoder-webm-vorbis: bf7c407c2cedff20999df2af8eb42d56 -> 
  custom:scripting/precompiled-assembly-types:Assembly-CSharp: 630d879788524dc0120466ca268ecc05 -> 73aa19288931f336944cebea50ea8521
========================================================================
Received Prepare
Caller must complete domain reload
Begin MonoManager ReloadAssembly
- Loaded All Assemblies, in  5.354 seconds
Native extension for WindowsStandalone target not found
Mono: successfully reloaded assembly
- Finished resetting the current domain, in  6.538 seconds
Domain Reload Profiling: 11847ms
	BeginReloadAssembly (837ms)
		ExecutionOrderSort (0ms)
		DisableScriptedObjects (26ms)
		BackupInstance (0ms)
		ReleaseScriptingObjects (0ms)
		CreateAndSetChildDomain (75ms)
	RebuildCommonClasses (773ms)
	RebuildNativeTypeToScriptingClass (102ms)
	initialDomainReloadingComplete (569ms)
	LoadAllAssembliesAndSetupDomain (3022ms)
		LoadAssemblies (3640ms)
		RebuildTransferFunctionScriptingTraits (0ms)
		AnalyzeDomain (66ms)
			TypeCache.Refresh (26ms)
				TypeCache.ScanAssembly (2ms)
			ScanForSourceGeneratedMonoScriptInfo (24ms)
			ResolveRequiredComponents (15ms)
	FinalizeReload (6543ms)
		ReleaseScriptCaches (0ms)
		RebuildScriptCaches (0ms)
		SetupLoadedEditorAssemblies (1719ms)
			LogAssemblyErrors (0ms)
			InitializePlatformSupportModulesInManaged (17ms)
			SetLoadedEditorAssemblies (6ms)
			RefreshPlugins (0ms)
			BeforeProcessingInitializeOnLoad (378ms)
			ProcessInitializeOnLoadAttributes (1040ms)
			ProcessInitializeOnLoadMethodAttributes (258ms)
			AfterProcessingInitializeOnLoad (19ms)
			EditorAssembliesLoaded (0ms)
		ExecutionOrderSort2 (0ms)
		AwakeInstancesAfterBackupRestoration (52ms)
Refreshing native plugins compatible for Editor in 26.55 ms, found 4 plugins.
Preloading 0 native plugins for Editor in 0.00 ms.
Unloading 4172 Unused Serialized files (Serialized files now loaded: 0)
Unloading 25 unused Assets / (214.4 KB). Loaded Objects now: 4740.
Memory consumption went from 147.4 MB to 147.2 MB.
Total: 8.174500 ms (FindLiveObjects: 0.832400 ms CreateObjectMapping: 0.501200 ms MarkObjects: 6.416600 ms  DeleteObjects: 0.422600 ms)

Prepare: number of updated asset objects reloaded= 0
AssetImportParameters requested are different than current active one (requested -> active):
  custom:container-demuxer-ogg: 62fdf1f143b41e24485cea50d1cbac27 -> 
  custom:video-decoder-ogg-theora: a1e56fd34408186e4bbccfd4996cb3dc -> 
  custom:framework-win-MediaFoundation: 216162199b28c13a410421893ffa2e32 -> 
  custom:scripting/monoscript/fileName/EnemyPatrol.cs: cb3862bdca022c6895bfea2d333c4052 -> 
  custom:CustomObjectIndexerAttribute: 9a22284fe3817be447336de3de66b15e -> 
  custom:container-demuxer-webm: 4f35f7cbe854078d1ac9338744f61a02 -> 
  custom:container-muxer-webm: aa71ff27fc2769a1b78a27578f13a17b -> 
  custom:video-decoder-webm-vp8: 9c59270c3fd7afecdb556c50c9e8de78 -> 
  custom:SearchIndexIgnoredProperties: e643bd26f0fe6173181afceb89e7c659 -> 
  custom:AudioImporter_EditorPlatform: d09bf68614088b80899f8185d706f6e7 -> 
  custom:video-encoder-webm-vp8: eb34c28f22e8b96e1ab97ce403110664 -> 
  custom:audio-decoder-ogg-vorbis: bf7c407c2cedff20999df2af8eb42d56 -> 
  custom:audio-encoder-webm-vorbis: bf7c407c2cedff20999df2af8eb42d56 -> 
  custom:scripting/precompiled-assembly-types:Assembly-CSharp: 630d879788524dc0120466ca268ecc05 -> 73aa19288931f336944cebea50ea8521
========================================================================
Received Prepare
Caller must complete domain reload
Begin MonoManager ReloadAssembly
- Loaded All Assemblies, in  2.418 seconds
Native extension for WindowsStandalone target not found
Mono: successfully reloaded assembly
- Finished resetting the current domain, in  4.657 seconds
Domain Reload Profiling: 7063ms
	BeginReloadAssembly (616ms)
		ExecutionOrderSort (0ms)
		DisableScriptedObjects (175ms)
		BackupInstance (0ms)
		ReleaseScriptingObjects (0ms)
		CreateAndSetChildDomain (68ms)
	RebuildCommonClasses (440ms)
	RebuildNativeTypeToScriptingClass (97ms)
	initialDomainReloadingComplete (86ms)
	LoadAllAssembliesAndSetupDomain (1166ms)
		LoadAssemblies (1382ms)
		RebuildTransferFunctionScriptingTraits (0ms)
		AnalyzeDomain (40ms)
			TypeCache.Refresh (17ms)
				TypeCache.ScanAssembly (0ms)
			ScanForSourceGeneratedMonoScriptInfo (1ms)
			ResolveRequiredComponents (20ms)
	FinalizeReload (4658ms)
		ReleaseScriptCaches (0ms)
		RebuildScriptCaches (0ms)
		SetupLoadedEditorAssemblies (1497ms)
			LogAssemblyErrors (0ms)
			InitializePlatformSupportModulesInManaged (16ms)
			SetLoadedEditorAssemblies (7ms)
			RefreshPlugins (0ms)
			BeforeProcessingInitializeOnLoad (242ms)
			ProcessInitializeOnLoadAttributes (1116ms)
			ProcessInitializeOnLoadMethodAttributes (92ms)
			AfterProcessingInitializeOnLoad (24ms)
			EditorAssembliesLoaded (1ms)
		ExecutionOrderSort2 (0ms)
		AwakeInstancesAfterBackupRestoration (42ms)
Refreshing native plugins compatible for Editor in 34.86 ms, found 4 plugins.
Preloading 0 native plugins for Editor in 0.00 ms.
Unloading 4172 Unused Serialized files (Serialized files now loaded: 0)
Unloading 25 unused Assets / (214.4 KB). Loaded Objects now: 4745.
Memory consumption went from 147.4 MB to 147.2 MB.
Total: 5.742700 ms (FindLiveObjects: 0.656700 ms CreateObjectMapping: 0.371900 ms MarkObjects: 4.377000 ms  DeleteObjects: 0.334800 ms)

Prepare: number of updated asset objects reloaded= 0
AssetImportParameters requested are different than current active one (requested -> active):
  custom:container-demuxer-ogg: 62fdf1f143b41e24485cea50d1cbac27 -> 
  custom:video-decoder-ogg-theora: a1e56fd34408186e4bbccfd4996cb3dc -> 
  custom:framework-win-MediaFoundation: 216162199b28c13a410421893ffa2e32 -> 
  custom:scripting/monoscript/fileName/EnemyPatrol.cs: cb3862bdca022c6895bfea2d333c4052 -> 
  custom:CustomObjectIndexerAttribute: 9a22284fe3817be447336de3de66b15e -> 
  custom:container-demuxer-webm: 4f35f7cbe854078d1ac9338744f61a02 -> 
  custom:container-muxer-webm: aa71ff27fc2769a1b78a27578f13a17b -> 
  custom:video-decoder-webm-vp8: 9c59270c3fd7afecdb556c50c9e8de78 -> 
  custom:SearchIndexIgnoredProperties: e643bd26f0fe6173181afceb89e7c659 -> 
  custom:AudioImporter_EditorPlatform: d09bf68614088b80899f8185d706f6e7 -> 
  custom:video-encoder-webm-vp8: eb34c28f22e8b96e1ab97ce403110664 -> 
  custom:audio-decoder-ogg-vorbis: bf7c407c2cedff20999df2af8eb42d56 -> 
  custom:audio-encoder-webm-vorbis: bf7c407c2cedff20999df2af8eb42d56 -> 
  custom:scripting/precompiled-assembly-types:Assembly-CSharp: 630d879788524dc0120466ca268ecc05 -> 73aa19288931f336944cebea50ea8521
========================================================================
Received Import Request.
  Time since last request: 1570.067873 seconds.
  path: Assets/Scrpts/EnemyPatrol.cs
  artifactKey: Guid(775b1768337d5b642941fbfd88be23b0) Importer(815301076,1909f56bfc062723c751e8b465ee728b)
Start importing Assets/Scrpts/EnemyPatrol.cs using Guid(775b1768337d5b642941fbfd88be23b0) Importer(815301076,1909f56bfc062723c751e8b465ee728b) [PhysX] Initialized MultithreadedTaskDispatcher with 2 workers.
 -> (artifact id: 'b6ce98a7480431c9538b5fdb2786c01a') in 0.004683 seconds
Number of updated asset objects reloaded before import = 0
Number of asset objects unloaded after import = 0
========================================================================
Received Prepare
Caller must complete domain reload
Begin MonoManager ReloadAssembly
- Loaded All Assemblies, in  1.465 seconds
Native extension for WindowsStandalone target not found
Mono: successfully reloaded assembly
- Finished resetting the current domain, in 16.710 seconds
Domain Reload Profiling: 18165ms
	BeginReloadAssembly (436ms)
		ExecutionOrderSort (0ms)
		DisableScriptedObjects (38ms)
		BackupInstance (0ms)
		ReleaseScriptingObjects (0ms)
		CreateAndSetChildDomain (76ms)
	RebuildCommonClasses (74ms)
	RebuildNativeTypeToScriptingClass (29ms)
	initialDomainReloadingComplete (74ms)
	LoadAllAssembliesAndSetupDomain (841ms)
		LoadAssemblies (989ms)
		RebuildTransferFunctionScriptingTraits (0ms)
		AnalyzeDomain (65ms)
			TypeCache.Refresh (37ms)
				TypeCache.ScanAssembly (0ms)
			ScanForSourceGeneratedMonoScriptInfo (0ms)
			ResolveRequiredComponents (26ms)
	FinalizeReload (16711ms)
		ReleaseScriptCaches (0ms)
		RebuildScriptCaches (0ms)
		SetupLoadedEditorAssemblies (4719ms)
			LogAssemblyErrors (0ms)
			InitializePlatformSupportModulesInManaged (68ms)
			SetLoadedEditorAssemblies (20ms)
			RefreshPlugins (0ms)
			BeforeProcessingInitializeOnLoad (759ms)
			ProcessInitializeOnLoadAttributes (3361ms)
			ProcessInitializeOnLoadMethodAttributes (487ms)
			AfterProcessingInitializeOnLoad (23ms)
			EditorAssembliesLoaded (0ms)
		ExecutionOrderSort2 (0ms)
		AwakeInstancesAfterBackupRestoration (70ms)
Refreshing native plugins compatible for Editor in 14.90 ms, found 4 plugins.
Preloading 0 native plugins for Editor in 0.00 ms.
Unloading 4171 Unused Serialized files (Serialized files now loaded: 0)
Unloading 25 unused Assets / (214.4 KB). Loaded Objects now: 4750.
Memory consumption went from 147.2 MB to 147.0 MB.
Total: 5.859600 ms (FindLiveObjects: 0.676000 ms CreateObjectMapping: 0.355100 ms MarkObjects: 4.493300 ms  DeleteObjects: 0.333200 ms)

Prepare: number of updated asset objects reloaded= 0
AssetImportParameters requested are different than current active one (requested -> active):
  custom:container-demuxer-ogg: 62fdf1f143b41e24485cea50d1cbac27 -> 
  custom:video-decoder-ogg-theora: a1e56fd34408186e4bbccfd4996cb3dc -> 
  custom:framework-win-MediaFoundation: 216162199b28c13a410421893ffa2e32 -> 
  custom:scripting/monoscript/fileName/EnemyPatrol.cs: cb3862bdca022c6895bfea2d333c4052 -> 
  custom:CustomObjectIndexerAttribute: 9a22284fe3817be447336de3de66b15e -> 
  custom:container-demuxer-webm: 4f35f7cbe854078d1ac9338744f61a02 -> 
  custom:container-muxer-webm: aa71ff27fc2769a1b78a27578f13a17b -> 
  custom:video-decoder-webm-vp8: 9c59270c3fd7afecdb556c50c9e8de78 -> 
  custom:SearchIndexIgnoredProperties: e643bd26f0fe6173181afceb89e7c659 -> 
  custom:AudioImporter_EditorPlatform: d09bf68614088b80899f8185d706f6e7 -> 
  custom:video-encoder-webm-vp8: eb34c28f22e8b96e1ab97ce403110664 -> 
  custom:audio-decoder-ogg-vorbis: bf7c407c2cedff20999df2af8eb42d56 -> 
  custom:audio-encoder-webm-vorbis: bf7c407c2cedff20999df2af8eb42d56 -> 
  custom:scripting/precompiled-assembly-types:Assembly-CSharp: 630d879788524dc0120466ca268ecc05 -> 73aa19288931f336944cebea50ea8521
========================================================================
Received Prepare
Caller must complete domain reload
Begin MonoManager ReloadAssembly
- Loaded All Assemblies, in 13.798 seconds
Native extension for WindowsStandalone target not found
Mono: successfully reloaded assembly
- Finished resetting the current domain, in  4.853 seconds
Domain Reload Profiling: 18598ms
	BeginReloadAssembly (2057ms)
		ExecutionOrderSort (0ms)
		DisableScriptedObjects (224ms)
		BackupInstance (0ms)
		ReleaseScriptingObjects (0ms)
		CreateAndSetChildDomain (332ms)
	RebuildCommonClasses (390ms)
	RebuildNativeTypeToScriptingClass (319ms)
	initialDomainReloadingComplete (1086ms)
	LoadAllAssembliesAndSetupDomain (9892ms)
		LoadAssemblies (11097ms)
		RebuildTransferFunctionScriptingTraits (0ms)
		AnalyzeDomain (86ms)
			TypeCache.Refresh (63ms)
				TypeCache.ScanAssembly (0ms)
			ScanForSourceGeneratedMonoScriptInfo (0ms)
			ResolveRequiredComponents (19ms)
	FinalizeReload (4854ms)
		ReleaseScriptCaches (0ms)
		RebuildScriptCaches (0ms)
		SetupLoadedEditorAssemblies (1385ms)
			LogAssemblyErrors (0ms)
			InitializePlatformSupportModulesInManaged (15ms)
			SetLoadedEditorAssemblies (13ms)
			RefreshPlugins (0ms)
			BeforeProcessingInitializeOnLoad (224ms)
			ProcessInitializeOnLoadAttributes (1031ms)
			ProcessInitializeOnLoadMethodAttributes (78ms)
			AfterProcessingInitializeOnLoad (23ms)
			EditorAssembliesLoaded (1ms)
		ExecutionOrderSort2 (0ms)
		AwakeInstancesAfterBackupRestoration (36ms)
Refreshing native plugins compatible for Editor in 21.60 ms, found 4 plugins.
Preloading 0 native plugins for Editor in 0.00 ms.
Unloading 4172 Unused Serialized files (Serialized files now loaded: 0)
Unloading 25 unused Assets / (214.4 KB). Loaded Objects now: 4755.
Memory consumption went from 147.4 MB to 147.2 MB.
Total: 23.192100 ms (FindLiveObjects: 0.670000 ms CreateObjectMapping: 0.601900 ms MarkObjects: 21.551800 ms  DeleteObjects: 0.366500 ms)

Prepare: number of updated asset objects reloaded= 0
AssetImportParameters requested are different than current active one (requested -> active):
  custom:container-demuxer-ogg: 62fdf1f143b41e24485cea50d1cbac27 -> 
  custom:video-decoder-ogg-theora: a1e56fd34408186e4bbccfd4996cb3dc -> 
  custom:framework-win-MediaFoundation: 216162199b28c13a410421893ffa2e32 -> 
  custom:scripting/monoscript/fileName/EnemyPatrol.cs: cb3862bdca022c6895bfea2d333c4052 -> 
  custom:CustomObjectIndexerAttribute: 9a22284fe3817be447336de3de66b15e -> 
  custom:container-demuxer-webm: 4f35f7cbe854078d1ac9338744f61a02 -> 
  custom:container-muxer-webm: aa71ff27fc2769a1b78a27578f13a17b -> 
  custom:video-decoder-webm-vp8: 9c59270c3fd7afecdb556c50c9e8de78 -> 
  custom:SearchIndexIgnoredProperties: e643bd26f0fe6173181afceb89e7c659 -> 
  custom:AudioImporter_EditorPlatform: d09bf68614088b80899f8185d706f6e7 -> 
  custom:video-encoder-webm-vp8: eb34c28f22e8b96e1ab97ce403110664 -> 
  custom:audio-decoder-ogg-vorbis: bf7c407c2cedff20999df2af8eb42d56 -> 
  custom:audio-encoder-webm-vorbis: bf7c407c2cedff20999df2af8eb42d56 -> 
  custom:scripting/precompiled-assembly-types:Assembly-CSharp: 630d879788524dc0120466ca268ecc05 -> 73aa19288931f336944cebea50ea8521
========================================================================
Received Prepare
Caller must complete domain reload
Begin MonoManager ReloadAssembly
- Loaded All Assemblies, in  8.333 seconds
Native extension for WindowsStandalone target not found
Mono: successfully reloaded assembly
- Finished resetting the current domain, in 18.341 seconds
Domain Reload Profiling: 26661ms
	BeginReloadAssembly (721ms)
		ExecutionOrderSort (0ms)
		DisableScriptedObjects (31ms)
		BackupInstance (0ms)
		ReleaseScriptingObjects (0ms)
		CreateAndSetChildDomain (78ms)
	RebuildCommonClasses (170ms)
	RebuildNativeTypeToScriptingClass (26ms)
	initialDomainReloadingComplete (156ms)
	LoadAllAssembliesAndSetupDomain (7246ms)
		LoadAssemblies (7757ms)
		RebuildTransferFunctionScriptingTraits (0ms)
		AnalyzeDomain (40ms)
			TypeCache.Refresh (16ms)
				TypeCache.ScanAssembly (0ms)
			ScanForSourceGeneratedMonoScriptInfo (1ms)
			ResolveRequiredComponents (20ms)
	FinalizeReload (18342ms)
		ReleaseScriptCaches (0ms)
		RebuildScriptCaches (0ms)
		SetupLoadedEditorAssemblies (1218ms)
			LogAssemblyErrors (0ms)
			InitializePlatformSupportModulesInManaged (14ms)
			SetLoadedEditorAssemblies (9ms)
			RefreshPlugins (0ms)
			BeforeProcessingInitializeOnLoad (162ms)
			ProcessInitializeOnLoadAttributes (958ms)
			ProcessInitializeOnLoadMethodAttributes (60ms)
			AfterProcessingInitializeOnLoad (15ms)
			EditorAssembliesLoaded (1ms)
		ExecutionOrderSort2 (0ms)
		AwakeInstancesAfterBackupRestoration (49ms)
Refreshing native plugins compatible for Editor in 81.93 ms, found 4 plugins.
Preloading 0 native plugins for Editor in 0.00 ms.
Unloading 4172 Unused Serialized files (Serialized files now loaded: 0)
Unloading 25 unused Assets / (214.4 KB). Loaded Objects now: 4760.
Memory consumption went from 147.5 MB to 147.2 MB.
Total: 6.504200 ms (FindLiveObjects: 0.714800 ms CreateObjectMapping: 0.453800 ms MarkObjects: 4.993100 ms  DeleteObjects: 0.340200 ms)

Prepare: number of updated asset objects reloaded= 0
AssetImportParameters requested are different than current active one (requested -> active):
  custom:container-demuxer-ogg: 62fdf1f143b41e24485cea50d1cbac27 -> 
  custom:video-decoder-ogg-theora: a1e56fd34408186e4bbccfd4996cb3dc -> 
  custom:framework-win-MediaFoundation: 216162199b28c13a410421893ffa2e32 -> 
  custom:scripting/monoscript/fileName/EnemyPatrol.cs: cb3862bdca022c6895bfea2d333c4052 -> 
  custom:CustomObjectIndexerAttribute: 9a22284fe3817be447336de3de66b15e -> 
  custom:container-demuxer-webm: 4f35f7cbe854078d1ac9338744f61a02 -> 
  custom:container-muxer-webm: aa71ff27fc2769a1b78a27578f13a17b -> 
  custom:video-decoder-webm-vp8: 9c59270c3fd7afecdb556c50c9e8de78 -> 
  custom:SearchIndexIgnoredProperties: e643bd26f0fe6173181afceb89e7c659 -> 
  custom:AudioImporter_EditorPlatform: d09bf68614088b80899f8185d706f6e7 -> 
  custom:video-encoder-webm-vp8: eb34c28f22e8b96e1ab97ce403110664 -> 
  custom:audio-decoder-ogg-vorbis: bf7c407c2cedff20999df2af8eb42d56 -> 
  custom:audio-encoder-webm-vorbis: bf7c407c2cedff20999df2af8eb42d56 -> 
  custom:scripting/precompiled-assembly-types:Assembly-CSharp: 630d879788524dc0120466ca268ecc05 -> 73aa19288931f336944cebea50ea8521
========================================================================
Received Prepare
Caller must complete domain reload
Begin MonoManager ReloadAssembly
- Loaded All Assemblies, in  2.568 seconds
Native extension for WindowsStandalone target not found
Mono: successfully reloaded assembly
- Finished resetting the current domain, in  4.267 seconds
Domain Reload Profiling: 6828ms
	BeginReloadAssembly (1582ms)
		ExecutionOrderSort (0ms)
		DisableScriptedObjects (32ms)
		BackupInstance (0ms)
		ReleaseScriptingObjects (0ms)
		CreateAndSetChildDomain (228ms)
	RebuildCommonClasses (63ms)
	RebuildNativeTypeToScriptingClass (24ms)
	initialDomainReloadingComplete (64ms)
	LoadAllAssembliesAndSetupDomain (827ms)
		LoadAssemblies (1916ms)
		RebuildTransferFunctionScriptingTraits (0ms)
		AnalyzeDomain (30ms)
			TypeCache.Refresh (17ms)
				TypeCache.ScanAssembly (0ms)
			ScanForSourceGeneratedMonoScriptInfo (0ms)
			ResolveRequiredComponents (12ms)
	FinalizeReload (4268ms)
		ReleaseScriptCaches (0ms)
		RebuildScriptCaches (0ms)
		SetupLoadedEditorAssemblies (1271ms)
			LogAssemblyErrors (0ms)
			InitializePlatformSupportModulesInManaged (20ms)
			SetLoadedEditorAssemblies (7ms)
			RefreshPlugins (0ms)
			BeforeProcessingInitializeOnLoad (234ms)
			ProcessInitializeOnLoadAttributes (895ms)
			ProcessInitializeOnLoadMethodAttributes (89ms)
			AfterProcessingInitializeOnLoad (26ms)
			EditorAssembliesLoaded (1ms)
		ExecutionOrderSort2 (0ms)
		AwakeInstancesAfterBackupRestoration (42ms)
Refreshing native plugins compatible for Editor in 19.49 ms, found 4 plugins.
Preloading 0 native plugins for Editor in 0.00 ms.
Unloading 4172 Unused Serialized files (Serialized files now loaded: 0)
Unloading 25 unused Assets / (214.5 KB). Loaded Objects now: 4765.
Memory consumption went from 147.5 MB to 147.3 MB.
Total: 7.355400 ms (FindLiveObjects: 0.664700 ms CreateObjectMapping: 0.385200 ms MarkObjects: 5.952200 ms  DeleteObjects: 0.350800 ms)

Prepare: number of updated asset objects reloaded= 0
AssetImportParameters requested are different than current active one (requested -> active):
  custom:container-demuxer-ogg: 62fdf1f143b41e24485cea50d1cbac27 -> 
  custom:video-decoder-ogg-theora: a1e56fd34408186e4bbccfd4996cb3dc -> 
  custom:framework-win-MediaFoundation: 216162199b28c13a410421893ffa2e32 -> 
  custom:scripting/monoscript/fileName/EnemyPatrol.cs: cb3862bdca022c6895bfea2d333c4052 -> 
  custom:CustomObjectIndexerAttribute: 9a22284fe3817be447336de3de66b15e -> 
  custom:container-demuxer-webm: 4f35f7cbe854078d1ac9338744f61a02 -> 
  custom:container-muxer-webm: aa71ff27fc2769a1b78a27578f13a17b -> 
  custom:video-decoder-webm-vp8: 9c59270c3fd7afecdb556c50c9e8de78 -> 
  custom:SearchIndexIgnoredProperties: e643bd26f0fe6173181afceb89e7c659 -> 
  custom:AudioImporter_EditorPlatform: d09bf68614088b80899f8185d706f6e7 -> 
  custom:video-encoder-webm-vp8: eb34c28f22e8b96e1ab97ce403110664 -> 
  custom:audio-decoder-ogg-vorbis: bf7c407c2cedff20999df2af8eb42d56 -> 
  custom:audio-encoder-webm-vorbis: bf7c407c2cedff20999df2af8eb42d56 -> 
  custom:scripting/precompiled-assembly-types:Assembly-CSharp: 630d879788524dc0120466ca268ecc05 -> 73aa19288931f336944cebea50ea8521
========================================================================
Received Import Request.
  Time since last request: 504.819979 seconds.
  path: ProjectSettings/TagManager.asset
  artifactKey: Guid(00000000000000003000000000000000) Importer(815301076,1909f56bfc062723c751e8b465ee728b)
Start importing ProjectSettings/TagManager.asset using Guid(00000000000000003000000000000000) Importer(815301076,1909f56bfc062723c751e8b465ee728b) [PhysX] Initialized MultithreadedTaskDispatcher with 2 workers.
 -> (artifact id: 'abda2b85e4a70bd8dec0a3bdc84a4764') in 0.039450 seconds
Number of updated asset objects reloaded before import = 0
Number of asset objects unloaded after import = 0
========================================================================
Received Prepare
Caller must complete domain reload
Begin MonoManager ReloadAssembly
- Loaded All Assemblies, in  5.301 seconds
Native extension for WindowsStandalone target not found
Mono: successfully reloaded assembly
- Finished resetting the current domain, in 13.139 seconds
Domain Reload Profiling: 18428ms
	BeginReloadAssembly (452ms)
		ExecutionOrderSort (0ms)
		DisableScriptedObjects (25ms)
		BackupInstance (0ms)
		ReleaseScriptingObjects (0ms)
		CreateAndSetChildDomain (125ms)
	RebuildCommonClasses (76ms)
	RebuildNativeTypeToScriptingClass (25ms)
	initialDomainReloadingComplete (134ms)
	LoadAllAssembliesAndSetupDomain (4601ms)
		LoadAssemblies (4659ms)
		RebuildTransferFunctionScriptingTraits (0ms)
		AnalyzeDomain (177ms)
			TypeCache.Refresh (111ms)
				TypeCache.ScanAssembly (0ms)
			ScanForSourceGeneratedMonoScriptInfo (1ms)
			ResolveRequiredComponents (63ms)
	FinalizeReload (13140ms)
		ReleaseScriptCaches (0ms)
		RebuildScriptCaches (0ms)
		SetupLoadedEditorAssemblies (1846ms)
			LogAssemblyErrors (0ms)
			InitializePlatformSupportModulesInManaged (72ms)
			SetLoadedEditorAssemblies (19ms)
			RefreshPlugins (0ms)
			BeforeProcessingInitializeOnLoad (205ms)
			ProcessInitializeOnLoadAttributes (982ms)
			ProcessInitializeOnLoadMethodAttributes (477ms)
			AfterProcessingInitializeOnLoad (91ms)
			EditorAssembliesLoaded (1ms)
		ExecutionOrderSort2 (0ms)
		AwakeInstancesAfterBackupRestoration (132ms)
Refreshing native plugins compatible for Editor in 15.32 ms, found 4 plugins.
Preloading 0 native plugins for Editor in 0.00 ms.
Unloading 4171 Unused Serialized files (Serialized files now loaded: 0)
Unloading 25 unused Assets / (214.6 KB). Loaded Objects now: 4770.
Memory consumption went from 147.2 MB to 147.0 MB.
Total: 5.744200 ms (FindLiveObjects: 0.674900 ms CreateObjectMapping: 0.375600 ms MarkObjects: 4.355900 ms  DeleteObjects: 0.335900 ms)

Prepare: number of updated asset objects reloaded= 0
AssetImportParameters requested are different than current active one (requested -> active):
  custom:container-demuxer-ogg: 62fdf1f143b41e24485cea50d1cbac27 -> 
  custom:video-decoder-ogg-theora: a1e56fd34408186e4bbccfd4996cb3dc -> 
  custom:framework-win-MediaFoundation: 216162199b28c13a410421893ffa2e32 -> 
  custom:scripting/monoscript/fileName/EnemyPatrol.cs: cb3862bdca022c6895bfea2d333c4052 -> 
  custom:CustomObjectIndexerAttribute: 9a22284fe3817be447336de3de66b15e -> 
  custom:container-demuxer-webm: 4f35f7cbe854078d1ac9338744f61a02 -> 
  custom:container-muxer-webm: aa71ff27fc2769a1b78a27578f13a17b -> 
  custom:video-decoder-webm-vp8: 9c59270c3fd7afecdb556c50c9e8de78 -> 
  custom:SearchIndexIgnoredProperties: e643bd26f0fe6173181afceb89e7c659 -> 
  custom:AudioImporter_EditorPlatform: d09bf68614088b80899f8185d706f6e7 -> 
  custom:video-encoder-webm-vp8: eb34c28f22e8b96e1ab97ce403110664 -> 
  custom:audio-decoder-ogg-vorbis: bf7c407c2cedff20999df2af8eb42d56 -> 
  custom:audio-encoder-webm-vorbis: bf7c407c2cedff20999df2af8eb42d56 -> 
  custom:scripting/precompiled-assembly-types:Assembly-CSharp: 630d879788524dc0120466ca268ecc05 -> 73aa19288931f336944cebea50ea8521
========================================================================
Received Prepare
Caller must complete domain reload
Begin MonoManager ReloadAssembly
- Loaded All Assemblies, in  4.848 seconds
Native extension for WindowsStandalone target not found
Mono: successfully reloaded assembly
- Finished resetting the current domain, in  9.602 seconds
Domain Reload Profiling: 14438ms
	BeginReloadAssembly (458ms)
		ExecutionOrderSort (0ms)
		DisableScriptedObjects (26ms)
		BackupInstance (0ms)
		ReleaseScriptingObjects (0ms)
		CreateAndSetChildDomain (65ms)
	RebuildCommonClasses (85ms)
	RebuildNativeTypeToScriptingClass (27ms)
	initialDomainReloadingComplete (97ms)
	LoadAllAssembliesAndSetupDomain (4168ms)
		LoadAssemblies (4354ms)
		RebuildTransferFunctionScriptingTraits (0ms)
		AnalyzeDomain (88ms)
			TypeCache.Refresh (34ms)
				TypeCache.ScanAssembly (0ms)
			ScanForSourceGeneratedMonoScriptInfo (1ms)
			ResolveRequiredComponents (52ms)
	FinalizeReload (9603ms)
		ReleaseScriptCaches (0ms)
		RebuildScriptCaches (0ms)
		SetupLoadedEditorAssemblies (1134ms)
			LogAssemblyErrors (0ms)
			InitializePlatformSupportModulesInManaged (13ms)
			SetLoadedEditorAssemblies (9ms)
			RefreshPlugins (0ms)
			BeforeProcessingInitializeOnLoad (160ms)
			ProcessInitializeOnLoadAttributes (815ms)
			ProcessInitializeOnLoadMethodAttributes (117ms)
			AfterProcessingInitializeOnLoad (20ms)
			EditorAssembliesLoaded (0ms)
		ExecutionOrderSort2 (0ms)
		AwakeInstancesAfterBackupRestoration (53ms)
Refreshing native plugins compatible for Editor in 19.03 ms, found 4 plugins.
Preloading 0 native plugins for Editor in 0.00 ms.
Unloading 4172 Unused Serialized files (Serialized files now loaded: 0)
Unloading 25 unused Assets / (214.5 KB). Loaded Objects now: 4775.
Memory consumption went from 147.5 MB to 147.3 MB.
Total: 5.825300 ms (FindLiveObjects: 0.669600 ms CreateObjectMapping: 0.364900 ms MarkObjects: 4.314700 ms  DeleteObjects: 0.474300 ms)

Prepare: number of updated asset objects reloaded= 0
AssetImportParameters requested are different than current active one (requested -> active):
  custom:container-demuxer-ogg: 62fdf1f143b41e24485cea50d1cbac27 -> 
  custom:video-decoder-ogg-theora: a1e56fd34408186e4bbccfd4996cb3dc -> 
  custom:framework-win-MediaFoundation: 216162199b28c13a410421893ffa2e32 -> 
  custom:scripting/monoscript/fileName/EnemyPatrol.cs: cb3862bdca022c6895bfea2d333c4052 -> 
  custom:CustomObjectIndexerAttribute: 9a22284fe3817be447336de3de66b15e -> 
  custom:container-demuxer-webm: 4f35f7cbe854078d1ac9338744f61a02 -> 
  custom:container-muxer-webm: aa71ff27fc2769a1b78a27578f13a17b -> 
  custom:video-decoder-webm-vp8: 9c59270c3fd7afecdb556c50c9e8de78 -> 
  custom:SearchIndexIgnoredProperties: e643bd26f0fe6173181afceb89e7c659 -> 
  custom:AudioImporter_EditorPlatform: d09bf68614088b80899f8185d706f6e7 -> 
  custom:video-encoder-webm-vp8: eb34c28f22e8b96e1ab97ce403110664 -> 
  custom:audio-decoder-ogg-vorbis: bf7c407c2cedff20999df2af8eb42d56 -> 
  custom:audio-encoder-webm-vorbis: bf7c407c2cedff20999df2af8eb42d56 -> 
  custom:scripting/precompiled-assembly-types:Assembly-CSharp: 630d879788524dc0120466ca268ecc05 -> 73aa19288931f336944cebea50ea8521
========================================================================
Received Prepare
Caller must complete domain reload
Begin MonoManager ReloadAssembly
- Loaded All Assemblies, in  7.569 seconds
Native extension for WindowsStandalone target not found
Mono: successfully reloaded assembly
- Finished resetting the current domain, in  9.135 seconds
Domain Reload Profiling: 16687ms
	BeginReloadAssembly (528ms)
		ExecutionOrderSort (0ms)
		DisableScriptedObjects (27ms)
		BackupInstance (0ms)
		ReleaseScriptingObjects (0ms)
		CreateAndSetChildDomain (100ms)
	RebuildCommonClasses (77ms)
	RebuildNativeTypeToScriptingClass (25ms)
	initialDomainReloadingComplete (78ms)
	LoadAllAssembliesAndSetupDomain (6843ms)
		LoadAssemblies (7082ms)
		RebuildTransferFunctionScriptingTraits (0ms)
		AnalyzeDomain (99ms)
			TypeCache.Refresh (35ms)
				TypeCache.ScanAssembly (0ms)
			ScanForSourceGeneratedMonoScriptInfo (0ms)
			ResolveRequiredComponents (53ms)
	FinalizeReload (9136ms)
		ReleaseScriptCaches (0ms)
		RebuildScriptCaches (0ms)
		SetupLoadedEditorAssemblies (1091ms)
			LogAssemblyErrors (0ms)
			InitializePlatformSupportModulesInManaged (17ms)
			SetLoadedEditorAssemblies (10ms)
			RefreshPlugins (0ms)
			BeforeProcessingInitializeOnLoad (175ms)
			ProcessInitializeOnLoadAttributes (703ms)
			ProcessInitializeOnLoadMethodAttributes (143ms)
			AfterProcessingInitializeOnLoad (43ms)
			EditorAssembliesLoaded (0ms)
		ExecutionOrderSort2 (0ms)
		AwakeInstancesAfterBackupRestoration (33ms)
Refreshing native plugins compatible for Editor in 14.49 ms, found 4 plugins.
Preloading 0 native plugins for Editor in 0.00 ms.
Unloading 4172 Unused Serialized files (Serialized files now loaded: 0)
Unloading 25 unused Assets / (214.7 KB). Loaded Objects now: 4780.
Memory consumption went from 147.5 MB to 147.3 MB.
Total: 5.774000 ms (FindLiveObjects: 0.743600 ms CreateObjectMapping: 0.411500 ms MarkObjects: 4.284100 ms  DeleteObjects: 0.333000 ms)

Prepare: number of updated asset objects reloaded= 0
AssetImportParameters requested are different than current active one (requested -> active):
  custom:container-demuxer-ogg: 62fdf1f143b41e24485cea50d1cbac27 -> 
  custom:video-decoder-ogg-theora: a1e56fd34408186e4bbccfd4996cb3dc -> 
  custom:framework-win-MediaFoundation: 216162199b28c13a410421893ffa2e32 -> 
  custom:scripting/monoscript/fileName/EnemyPatrol.cs: cb3862bdca022c6895bfea2d333c4052 -> 
  custom:CustomObjectIndexerAttribute: 9a22284fe3817be447336de3de66b15e -> 
  custom:container-demuxer-webm: 4f35f7cbe854078d1ac9338744f61a02 -> 
  custom:container-muxer-webm: aa71ff27fc2769a1b78a27578f13a17b -> 
  custom:video-decoder-webm-vp8: 9c59270c3fd7afecdb556c50c9e8de78 -> 
  custom:SearchIndexIgnoredProperties: e643bd26f0fe6173181afceb89e7c659 -> 
  custom:AudioImporter_EditorPlatform: d09bf68614088b80899f8185d706f6e7 -> 
  custom:video-encoder-webm-vp8: eb34c28f22e8b96e1ab97ce403110664 -> 
  custom:audio-decoder-ogg-vorbis: bf7c407c2cedff20999df2af8eb42d56 -> 
  custom:audio-encoder-webm-vorbis: bf7c407c2cedff20999df2af8eb42d56 -> 
  custom:scripting/precompiled-assembly-types:Assembly-CSharp: 630d879788524dc0120466ca268ecc05 -> 73aa19288931f336944cebea50ea8521
========================================================================
Received Prepare
Caller must complete domain reload
Begin MonoManager ReloadAssembly
- Loaded All Assemblies, in  2.002 seconds
Native extension for WindowsStandalone target not found
Mono: successfully reloaded assembly
- Finished resetting the current domain, in 12.902 seconds
Domain Reload Profiling: 14849ms
	BeginReloadAssembly (445ms)
		ExecutionOrderSort (0ms)
		DisableScriptedObjects (25ms)
		BackupInstance (0ms)
		ReleaseScriptingObjects (0ms)
		CreateAndSetChildDomain (102ms)
	RebuildCommonClasses (85ms)
	RebuildNativeTypeToScriptingClass (25ms)
	initialDomainReloadingComplete (78ms)
	LoadAllAssembliesAndSetupDomain (1312ms)
		LoadAssemblies (1460ms)
		RebuildTransferFunctionScriptingTraits (0ms)
		AnalyzeDomain (81ms)
			TypeCache.Refresh (23ms)
				TypeCache.ScanAssembly (0ms)
			ScanForSourceGeneratedMonoScriptInfo (0ms)
			ResolveRequiredComponents (56ms)
	FinalizeReload (12903ms)
		ReleaseScriptCaches (0ms)
		RebuildScriptCaches (0ms)
		SetupLoadedEditorAssemblies (1306ms)
			LogAssemblyErrors (0ms)
			InitializePlatformSupportModulesInManaged (14ms)
			SetLoadedEditorAssemblies (7ms)
			RefreshPlugins (0ms)
			BeforeProcessingInitializeOnLoad (150ms)
			ProcessInitializeOnLoadAttributes (1029ms)
			ProcessInitializeOnLoadMethodAttributes (85ms)
			AfterProcessingInitializeOnLoad (19ms)
			EditorAssembliesLoaded (1ms)
		ExecutionOrderSort2 (0ms)
		AwakeInstancesAfterBackupRestoration (79ms)
Refreshing native plugins compatible for Editor in 19.75 ms, found 4 plugins.
Preloading 0 native plugins for Editor in 0.00 ms.
Unloading 4172 Unused Serialized files (Serialized files now loaded: 0)
Unloading 25 unused Assets / (214.4 KB). Loaded Objects now: 4785.
Memory consumption went from 147.5 MB to 147.3 MB.
Total: 5.903500 ms (FindLiveObjects: 0.817700 ms CreateObjectMapping: 0.467700 ms MarkObjects: 4.239700 ms  DeleteObjects: 0.376300 ms)

Prepare: number of updated asset objects reloaded= 0
AssetImportParameters requested are different than current active one (requested -> active):
  custom:container-demuxer-ogg: 62fdf1f143b41e24485cea50d1cbac27 -> 
  custom:video-decoder-ogg-theora: a1e56fd34408186e4bbccfd4996cb3dc -> 
  custom:framework-win-MediaFoundation: 216162199b28c13a410421893ffa2e32 -> 
  custom:scripting/monoscript/fileName/EnemyPatrol.cs: cb3862bdca022c6895bfea2d333c4052 -> 
  custom:CustomObjectIndexerAttribute: 9a22284fe3817be447336de3de66b15e -> 
  custom:container-demuxer-webm: 4f35f7cbe854078d1ac9338744f61a02 -> 
  custom:container-muxer-webm: aa71ff27fc2769a1b78a27578f13a17b -> 
  custom:video-decoder-webm-vp8: 9c59270c3fd7afecdb556c50c9e8de78 -> 
  custom:SearchIndexIgnoredProperties: e643bd26f0fe6173181afceb89e7c659 -> 
  custom:AudioImporter_EditorPlatform: d09bf68614088b80899f8185d706f6e7 -> 
  custom:video-encoder-webm-vp8: eb34c28f22e8b96e1ab97ce403110664 -> 
  custom:audio-decoder-ogg-vorbis: bf7c407c2cedff20999df2af8eb42d56 -> 
  custom:audio-encoder-webm-vorbis: bf7c407c2cedff20999df2af8eb42d56 -> 
  custom:scripting/precompiled-assembly-types:Assembly-CSharp: 630d879788524dc0120466ca268ecc05 -> 73aa19288931f336944cebea50ea8521
========================================================================
Received Prepare
Caller must complete domain reload
Begin MonoManager ReloadAssembly
- Loaded All Assemblies, in  5.249 seconds
Native extension for WindowsStandalone target not found
Mono: successfully reloaded assembly
- Finished resetting the current domain, in 17.518 seconds
Domain Reload Profiling: 22769ms
	BeginReloadAssembly (451ms)
		ExecutionOrderSort (0ms)
		DisableScriptedObjects (36ms)
		BackupInstance (0ms)
		ReleaseScriptingObjects (0ms)
		CreateAndSetChildDomain (110ms)
	RebuildCommonClasses (76ms)
	RebuildNativeTypeToScriptingClass (37ms)
	initialDomainReloadingComplete (129ms)
	LoadAllAssembliesAndSetupDomain (4546ms)
		LoadAssemblies (4548ms)
		RebuildTransferFunctionScriptingTraits (0ms)
		AnalyzeDomain (231ms)
			TypeCache.Refresh (54ms)
				TypeCache.ScanAssembly (0ms)
			ScanForSourceGeneratedMonoScriptInfo (0ms)
			ResolveRequiredComponents (175ms)
	FinalizeReload (17529ms)
		ReleaseScriptCaches (0ms)
		RebuildScriptCaches (0ms)
		SetupLoadedEditorAssemblies (4784ms)
			LogAssemblyErrors (0ms)
			InitializePlatformSupportModulesInManaged (66ms)
			SetLoadedEditorAssemblies (20ms)
			RefreshPlugins (0ms)
			BeforeProcessingInitializeOnLoad (800ms)
			ProcessInitializeOnLoadAttributes (3404ms)
			ProcessInitializeOnLoadMethodAttributes (318ms)
			AfterProcessingInitializeOnLoad (174ms)
			EditorAssembliesLoaded (1ms)
		ExecutionOrderSort2 (0ms)
		AwakeInstancesAfterBackupRestoration (138ms)
Refreshing native plugins compatible for Editor in 19.40 ms, found 4 plugins.
Preloading 0 native plugins for Editor in 0.00 ms.
Unloading 4172 Unused Serialized files (Serialized files now loaded: 0)
Unloading 25 unused Assets / (214.7 KB). Loaded Objects now: 4790.
Memory consumption went from 147.5 MB to 147.3 MB.
Total: 9.506300 ms (FindLiveObjects: 1.155100 ms CreateObjectMapping: 2.194800 ms MarkObjects: 5.753000 ms  DeleteObjects: 0.400900 ms)

Prepare: number of updated asset objects reloaded= 0
AssetImportParameters requested are different than current active one (requested -> active):
  custom:container-demuxer-ogg: 62fdf1f143b41e24485cea50d1cbac27 -> 
  custom:video-decoder-ogg-theora: a1e56fd34408186e4bbccfd4996cb3dc -> 
  custom:framework-win-MediaFoundation: 216162199b28c13a410421893ffa2e32 -> 
  custom:scripting/monoscript/fileName/EnemyPatrol.cs: cb3862bdca022c6895bfea2d333c4052 -> 
  custom:CustomObjectIndexerAttribute: 9a22284fe3817be447336de3de66b15e -> 
  custom:container-demuxer-webm: 4f35f7cbe854078d1ac9338744f61a02 -> 
  custom:container-muxer-webm: aa71ff27fc2769a1b78a27578f13a17b -> 
  custom:video-decoder-webm-vp8: 9c59270c3fd7afecdb556c50c9e8de78 -> 
  custom:SearchIndexIgnoredProperties: e643bd26f0fe6173181afceb89e7c659 -> 
  custom:AudioImporter_EditorPlatform: d09bf68614088b80899f8185d706f6e7 -> 
  custom:video-encoder-webm-vp8: eb34c28f22e8b96e1ab97ce403110664 -> 
  custom:audio-decoder-ogg-vorbis: bf7c407c2cedff20999df2af8eb42d56 -> 
  custom:audio-encoder-webm-vorbis: bf7c407c2cedff20999df2af8eb42d56 -> 
  custom:scripting/precompiled-assembly-types:Assembly-CSharp: 630d879788524dc0120466ca268ecc05 -> 73aa19288931f336944cebea50ea8521
========================================================================
Received Prepare
Caller must complete domain reload
Begin MonoManager ReloadAssembly
- Loaded All Assemblies, in  7.167 seconds
Native extension for WindowsStandalone target not found
Mono: successfully reloaded assembly
- Finished resetting the current domain, in 23.776 seconds
Domain Reload Profiling: 30929ms
	BeginReloadAssembly (444ms)
		ExecutionOrderSort (0ms)
		DisableScriptedObjects (39ms)
		BackupInstance (0ms)
		ReleaseScriptingObjects (0ms)
		CreateAndSetChildDomain (64ms)
	RebuildCommonClasses (82ms)
	RebuildNativeTypeToScriptingClass (28ms)
	initialDomainReloadingComplete (81ms)
	LoadAllAssembliesAndSetupDomain (6517ms)
		LoadAssemblies (5506ms)
		RebuildTransferFunctionScriptingTraits (0ms)
		AnalyzeDomain (1261ms)
			TypeCache.Refresh (486ms)
				TypeCache.ScanAssembly (0ms)
			ScanForSourceGeneratedMonoScriptInfo (0ms)
			ResolveRequiredComponents (773ms)
	FinalizeReload (23777ms)
		ReleaseScriptCaches (0ms)
		RebuildScriptCaches (0ms)
		SetupLoadedEditorAssemblies (893ms)
			LogAssemblyErrors (0ms)
			InitializePlatformSupportModulesInManaged (15ms)
			SetLoadedEditorAssemblies (6ms)
			RefreshPlugins (0ms)
			BeforeProcessingInitializeOnLoad (137ms)
			ProcessInitializeOnLoadAttributes (633ms)
			ProcessInitializeOnLoadMethodAttributes (84ms)
			AfterProcessingInitializeOnLoad (16ms)
			EditorAssembliesLoaded (1ms)
		ExecutionOrderSort2 (0ms)
		AwakeInstancesAfterBackupRestoration (29ms)
Refreshing native plugins compatible for Editor in 14.43 ms, found 4 plugins.
Preloading 0 native plugins for Editor in 0.00 ms.
Unloading 4172 Unused Serialized files (Serialized files now loaded: 0)
Unloading 25 unused Assets / (214.5 KB). Loaded Objects now: 4795.
Memory consumption went from 147.5 MB to 147.3 MB.
Total: 6.553200 ms (FindLiveObjects: 1.027900 ms CreateObjectMapping: 0.578800 ms MarkObjects: 4.618900 ms  DeleteObjects: 0.325900 ms)

Prepare: number of updated asset objects reloaded= 0
AssetImportParameters requested are different than current active one (requested -> active):
  custom:container-demuxer-ogg: 62fdf1f143b41e24485cea50d1cbac27 -> 
  custom:video-decoder-ogg-theora: a1e56fd34408186e4bbccfd4996cb3dc -> 
  custom:framework-win-MediaFoundation: 216162199b28c13a410421893ffa2e32 -> 
  custom:scripting/monoscript/fileName/EnemyPatrol.cs: cb3862bdca022c6895bfea2d333c4052 -> 
  custom:CustomObjectIndexerAttribute: 9a22284fe3817be447336de3de66b15e -> 
  custom:container-demuxer-webm: 4f35f7cbe854078d1ac9338744f61a02 -> 
  custom:container-muxer-webm: aa71ff27fc2769a1b78a27578f13a17b -> 
  custom:video-decoder-webm-vp8: 9c59270c3fd7afecdb556c50c9e8de78 -> 
  custom:SearchIndexIgnoredProperties: e643bd26f0fe6173181afceb89e7c659 -> 
  custom:AudioImporter_EditorPlatform: d09bf68614088b80899f8185d706f6e7 -> 
  custom:video-encoder-webm-vp8: eb34c28f22e8b96e1ab97ce403110664 -> 
  custom:audio-decoder-ogg-vorbis: bf7c407c2cedff20999df2af8eb42d56 -> 
  custom:audio-encoder-webm-vorbis: bf7c407c2cedff20999df2af8eb42d56 -> 
  custom:scripting/precompiled-assembly-types:Assembly-CSharp: 630d879788524dc0120466ca268ecc05 -> 73aa19288931f336944cebea50ea8521
========================================================================
Received Prepare
Caller must complete domain reload
Begin MonoManager ReloadAssembly
- Loaded All Assemblies, in 13.071 seconds
Native extension for WindowsStandalone target not found
Mono: successfully reloaded assembly
- Finished resetting the current domain, in 110.968 seconds
Domain Reload Profiling: 124030ms
	BeginReloadAssembly (429ms)
		ExecutionOrderSort (0ms)
		DisableScriptedObjects (38ms)
		BackupInstance (0ms)
		ReleaseScriptingObjects (0ms)
		CreateAndSetChildDomain (66ms)
	RebuildCommonClasses (82ms)
	RebuildNativeTypeToScriptingClass (35ms)
	initialDomainReloadingComplete (80ms)
	LoadAllAssembliesAndSetupDomain (12434ms)
		LoadAssemblies (12426ms)
		RebuildTransferFunctionScriptingTraits (0ms)
		AnalyzeDomain (274ms)
			TypeCache.Refresh (127ms)
				TypeCache.ScanAssembly (0ms)
			ScanForSourceGeneratedMonoScriptInfo (0ms)
			ResolveRequiredComponents (135ms)
	FinalizeReload (110969ms)
		ReleaseScriptCaches (0ms)
		RebuildScriptCaches (0ms)
		SetupLoadedEditorAssemblies (27467ms)
			LogAssemblyErrors (0ms)
			InitializePlatformSupportModulesInManaged (644ms)
			SetLoadedEditorAssemblies (324ms)
			RefreshPlugins (0ms)
			BeforeProcessingInitializeOnLoad (4542ms)
			ProcessInitializeOnLoadAttributes (21835ms)
			ProcessInitializeOnLoadMethodAttributes (96ms)
			AfterProcessingInitializeOnLoad (25ms)
			EditorAssembliesLoaded (1ms)
		ExecutionOrderSort2 (0ms)
		AwakeInstancesAfterBackupRestoration (53ms)
Refreshing native plugins compatible for Editor in 15.72 ms, found 4 plugins.
Preloading 0 native plugins for Editor in 0.00 ms.
Unloading 4172 Unused Serialized files (Serialized files now loaded: 0)
Unloading 25 unused Assets / (214.6 KB). Loaded Objects now: 4800.
Memory consumption went from 147.5 MB to 147.3 MB.
Total: 6.439200 ms (FindLiveObjects: 0.871400 ms CreateObjectMapping: 0.461700 ms MarkObjects: 4.759700 ms  DeleteObjects: 0.344800 ms)

Prepare: number of updated asset objects reloaded= 0
AssetImportParameters requested are different than current active one (requested -> active):
  custom:container-demuxer-ogg: 62fdf1f143b41e24485cea50d1cbac27 -> 
  custom:video-decoder-ogg-theora: a1e56fd34408186e4bbccfd4996cb3dc -> 
  custom:framework-win-MediaFoundation: 216162199b28c13a410421893ffa2e32 -> 
  custom:scripting/monoscript/fileName/EnemyPatrol.cs: cb3862bdca022c6895bfea2d333c4052 -> 
  custom:CustomObjectIndexerAttribute: 9a22284fe3817be447336de3de66b15e -> 
  custom:container-demuxer-webm: 4f35f7cbe854078d1ac9338744f61a02 -> 
  custom:container-muxer-webm: aa71ff27fc2769a1b78a27578f13a17b -> 
  custom:video-decoder-webm-vp8: 9c59270c3fd7afecdb556c50c9e8de78 -> 
  custom:SearchIndexIgnoredProperties: e643bd26f0fe6173181afceb89e7c659 -> 
  custom:AudioImporter_EditorPlatform: d09bf68614088b80899f8185d706f6e7 -> 
  custom:video-encoder-webm-vp8: eb34c28f22e8b96e1ab97ce403110664 -> 
  custom:audio-decoder-ogg-vorbis: bf7c407c2cedff20999df2af8eb42d56 -> 
  custom:audio-encoder-webm-vorbis: bf7c407c2cedff20999df2af8eb42d56 -> 
  custom:scripting/precompiled-assembly-types:Assembly-CSharp: 630d879788524dc0120466ca268ecc05 -> 73aa19288931f336944cebea50ea8521
========================================================================
Received Prepare
Caller must complete domain reload
Begin MonoManager ReloadAssembly
- Loaded All Assemblies, in  5.568 seconds
Native extension for WindowsStandalone target not found
Mono: successfully reloaded assembly
- Finished resetting the current domain, in  5.799 seconds
Domain Reload Profiling: 11303ms
	BeginReloadAssembly (571ms)
		ExecutionOrderSort (0ms)
		DisableScriptedObjects (41ms)
		BackupInstance (0ms)
		ReleaseScriptingObjects (0ms)
		CreateAndSetChildDomain (158ms)
	RebuildCommonClasses (169ms)
	RebuildNativeTypeToScriptingClass (26ms)
	initialDomainReloadingComplete (909ms)
	LoadAllAssembliesAndSetupDomain (3826ms)
		LoadAssemblies (3893ms)
		RebuildTransferFunctionScriptingTraits (0ms)
		AnalyzeDomain (243ms)
			TypeCache.Refresh (34ms)
				TypeCache.ScanAssembly (0ms)
			ScanForSourceGeneratedMonoScriptInfo (0ms)
			ResolveRequiredComponents (205ms)
	FinalizeReload (5801ms)
		ReleaseScriptCaches (0ms)
		RebuildScriptCaches (0ms)
		SetupLoadedEditorAssemblies (2003ms)
			LogAssemblyErrors (0ms)
			InitializePlatformSupportModulesInManaged (14ms)
			SetLoadedEditorAssemblies (6ms)
			RefreshPlugins (0ms)
			BeforeProcessingInitializeOnLoad (693ms)
			ProcessInitializeOnLoadAttributes (1136ms)
			ProcessInitializeOnLoadMethodAttributes (134ms)
			AfterProcessingInitializeOnLoad (19ms)
			EditorAssembliesLoaded (1ms)
		ExecutionOrderSort2 (0ms)
		AwakeInstancesAfterBackupRestoration (45ms)
Refreshing native plugins compatible for Editor in 88.99 ms, found 4 plugins.
Preloading 0 native plugins for Editor in 0.00 ms.
Unloading 4172 Unused Serialized files (Serialized files now loaded: 0)
Unloading 25 unused Assets / (214.3 KB). Loaded Objects now: 4805.
Memory consumption went from 147.5 MB to 147.3 MB.
Total: 1221.109800 ms (FindLiveObjects: 1.715600 ms CreateObjectMapping: 1194.473400 ms MarkObjects: 24.372300 ms  DeleteObjects: 0.544500 ms)

Prepare: number of updated asset objects reloaded= 0
AssetImportParameters requested are different than current active one (requested -> active):
  custom:container-demuxer-ogg: 62fdf1f143b41e24485cea50d1cbac27 -> 
  custom:video-decoder-ogg-theora: a1e56fd34408186e4bbccfd4996cb3dc -> 
  custom:framework-win-MediaFoundation: 216162199b28c13a410421893ffa2e32 -> 
  custom:scripting/monoscript/fileName/EnemyPatrol.cs: cb3862bdca022c6895bfea2d333c4052 -> 
  custom:CustomObjectIndexerAttribute: 9a22284fe3817be447336de3de66b15e -> 
  custom:container-demuxer-webm: 4f35f7cbe854078d1ac9338744f61a02 -> 
  custom:container-muxer-webm: aa71ff27fc2769a1b78a27578f13a17b -> 
  custom:video-decoder-webm-vp8: 9c59270c3fd7afecdb556c50c9e8de78 -> 
  custom:SearchIndexIgnoredProperties: e643bd26f0fe6173181afceb89e7c659 -> 
  custom:AudioImporter_EditorPlatform: d09bf68614088b80899f8185d706f6e7 -> 
  custom:video-encoder-webm-vp8: eb34c28f22e8b96e1ab97ce403110664 -> 
  custom:audio-decoder-ogg-vorbis: bf7c407c2cedff20999df2af8eb42d56 -> 
  custom:audio-encoder-webm-vorbis: bf7c407c2cedff20999df2af8eb42d56 -> 
  custom:scripting/precompiled-assembly-types:Assembly-CSharp: 630d879788524dc0120466ca268ecc05 -> 73aa19288931f336944cebea50ea8521
========================================================================
Received Prepare
Caller must complete domain reload
Begin MonoManager ReloadAssembly
- Loaded All Assemblies, in 12.729 seconds
Native extension for WindowsStandalone target not found
Mono: successfully reloaded assembly
- Finished resetting the current domain, in 11.490 seconds
Domain Reload Profiling: 24207ms
	BeginReloadAssembly (9801ms)
		ExecutionOrderSort (0ms)
		DisableScriptedObjects (141ms)
		BackupInstance (0ms)
		ReleaseScriptingObjects (0ms)
		CreateAndSetChildDomain (300ms)
	RebuildCommonClasses (586ms)
	RebuildNativeTypeToScriptingClass (296ms)
	initialDomainReloadingComplete (94ms)
	LoadAllAssembliesAndSetupDomain (1938ms)
		LoadAssemblies (10694ms)
		RebuildTransferFunctionScriptingTraits (0ms)
		AnalyzeDomain (64ms)
			TypeCache.Refresh (18ms)
				TypeCache.ScanAssembly (0ms)
			ScanForSourceGeneratedMonoScriptInfo (0ms)
			ResolveRequiredComponents (37ms)
	FinalizeReload (11492ms)
		ReleaseScriptCaches (0ms)
		RebuildScriptCaches (0ms)
		SetupLoadedEditorAssemblies (5737ms)
			LogAssemblyErrors (0ms)
			InitializePlatformSupportModulesInManaged (153ms)
			SetLoadedEditorAssemblies (11ms)
			RefreshPlugins (0ms)
			BeforeProcessingInitializeOnLoad (1436ms)
			ProcessInitializeOnLoadAttributes (4012ms)
			ProcessInitializeOnLoadMethodAttributes (99ms)
			AfterProcessingInitializeOnLoad (24ms)
			EditorAssembliesLoaded (1ms)
		ExecutionOrderSort2 (0ms)
		AwakeInstancesAfterBackupRestoration (34ms)
Refreshing native plugins compatible for Editor in 14.81 ms, found 4 plugins.
Preloading 0 native plugins for Editor in 0.00 ms.
Unloading 4172 Unused Serialized files (Serialized files now loaded: 0)
Unloading 25 unused Assets / (214.5 KB). Loaded Objects now: 4810.
Memory consumption went from 147.5 MB to 147.3 MB.
Total: 6.307200 ms (FindLiveObjects: 0.854400 ms CreateObjectMapping: 0.605800 ms MarkObjects: 4.511300 ms  DeleteObjects: 0.334000 ms)

Prepare: number of updated asset objects reloaded= 0
AssetImportParameters requested are different than current active one (requested -> active):
  custom:container-demuxer-ogg: 62fdf1f143b41e24485cea50d1cbac27 -> 
  custom:video-decoder-ogg-theora: a1e56fd34408186e4bbccfd4996cb3dc -> 
  custom:framework-win-MediaFoundation: 216162199b28c13a410421893ffa2e32 -> 
  custom:scripting/monoscript/fileName/EnemyPatrol.cs: cb3862bdca022c6895bfea2d333c4052 -> 
  custom:CustomObjectIndexerAttribute: 9a22284fe3817be447336de3de66b15e -> 
  custom:container-demuxer-webm: 4f35f7cbe854078d1ac9338744f61a02 -> 
  custom:container-muxer-webm: aa71ff27fc2769a1b78a27578f13a17b -> 
  custom:video-decoder-webm-vp8: 9c59270c3fd7afecdb556c50c9e8de78 -> 
  custom:SearchIndexIgnoredProperties: e643bd26f0fe6173181afceb89e7c659 -> 
  custom:AudioImporter_EditorPlatform: d09bf68614088b80899f8185d706f6e7 -> 
  custom:video-encoder-webm-vp8: eb34c28f22e8b96e1ab97ce403110664 -> 
  custom:audio-decoder-ogg-vorbis: bf7c407c2cedff20999df2af8eb42d56 -> 
  custom:audio-encoder-webm-vorbis: bf7c407c2cedff20999df2af8eb42d56 -> 
  custom:scripting/precompiled-assembly-types:Assembly-CSharp: 630d879788524dc0120466ca268ecc05 -> 73aa19288931f336944cebea50ea8521
========================================================================
Received Prepare
Caller must complete domain reload
Begin MonoManager ReloadAssembly
- Loaded All Assemblies, in 12.523 seconds
Native extension for WindowsStandalone target not found
Mono: successfully reloaded assembly
- Finished resetting the current domain, in  4.704 seconds
Domain Reload Profiling: 17219ms
	BeginReloadAssembly (444ms)
		ExecutionOrderSort (0ms)
		DisableScriptedObjects (29ms)
		BackupInstance (0ms)
		ReleaseScriptingObjects (0ms)
		CreateAndSetChildDomain (69ms)
	RebuildCommonClasses (71ms)
	RebuildNativeTypeToScriptingClass (31ms)
	initialDomainReloadingComplete (81ms)
	LoadAllAssembliesAndSetupDomain (11887ms)
		LoadAssemblies (12132ms)
		RebuildTransferFunctionScriptingTraits (0ms)
		AnalyzeDomain (32ms)
			TypeCache.Refresh (13ms)
				TypeCache.ScanAssembly (0ms)
			ScanForSourceGeneratedMonoScriptInfo (0ms)
			ResolveRequiredComponents (16ms)
	FinalizeReload (4705ms)
		ReleaseScriptCaches (0ms)
		RebuildScriptCaches (0ms)
		SetupLoadedEditorAssemblies (1366ms)
			LogAssemblyErrors (0ms)
			InitializePlatformSupportModulesInManaged (15ms)
			SetLoadedEditorAssemblies (6ms)
			RefreshPlugins (0ms)
			BeforeProcessingInitializeOnLoad (173ms)
			ProcessInitializeOnLoadAttributes (1080ms)
			ProcessInitializeOnLoadMethodAttributes (72ms)
			AfterProcessingInitializeOnLoad (19ms)
			EditorAssembliesLoaded (0ms)
		ExecutionOrderSort2 (0ms)
		AwakeInstancesAfterBackupRestoration (87ms)
Refreshing native plugins compatible for Editor in 23.25 ms, found 4 plugins.
Preloading 0 native plugins for Editor in 0.00 ms.
Unloading 4172 Unused Serialized files (Serialized files now loaded: 0)
Unloading 25 unused Assets / (214.6 KB). Loaded Objects now: 4815.
Memory consumption went from 147.5 MB to 147.3 MB.
Total: 523.972500 ms (FindLiveObjects: 0.855900 ms CreateObjectMapping: 1.667400 ms MarkObjects: 509.055500 ms  DeleteObjects: 12.389000 ms)

Prepare: number of updated asset objects reloaded= 0
AssetImportParameters requested are different than current active one (requested -> active):
  custom:container-demuxer-ogg: 62fdf1f143b41e24485cea50d1cbac27 -> 
  custom:video-decoder-ogg-theora: a1e56fd34408186e4bbccfd4996cb3dc -> 
  custom:framework-win-MediaFoundation: 216162199b28c13a410421893ffa2e32 -> 
  custom:scripting/monoscript/fileName/EnemyPatrol.cs: cb3862bdca022c6895bfea2d333c4052 -> 
  custom:CustomObjectIndexerAttribute: 9a22284fe3817be447336de3de66b15e -> 
  custom:container-demuxer-webm: 4f35f7cbe854078d1ac9338744f61a02 -> 
  custom:container-muxer-webm: aa71ff27fc2769a1b78a27578f13a17b -> 
  custom:video-decoder-webm-vp8: 9c59270c3fd7afecdb556c50c9e8de78 -> 
  custom:SearchIndexIgnoredProperties: e643bd26f0fe6173181afceb89e7c659 -> 
  custom:AudioImporter_EditorPlatform: d09bf68614088b80899f8185d706f6e7 -> 
  custom:video-encoder-webm-vp8: eb34c28f22e8b96e1ab97ce403110664 -> 
  custom:audio-decoder-ogg-vorbis: bf7c407c2cedff20999df2af8eb42d56 -> 
  custom:audio-encoder-webm-vorbis: bf7c407c2cedff20999df2af8eb42d56 -> 
  custom:scripting/precompiled-assembly-types:Assembly-CSharp: 630d879788524dc0120466ca268ecc05 -> 73aa19288931f336944cebea50ea8521
========================================================================
Received Prepare
Caller must complete domain reload
Begin MonoManager ReloadAssembly
- Loaded All Assemblies, in 73.619 seconds
Native extension for WindowsStandalone target not found
Mono: successfully reloaded assembly
- Finished resetting the current domain, in 176.226 seconds
Domain Reload Profiling: 249437ms
	BeginReloadAssembly (45150ms)
		ExecutionOrderSort (0ms)
		DisableScriptedObjects (404ms)
		BackupInstance (0ms)
		ReleaseScriptingObjects (0ms)
		CreateAndSetChildDomain (22278ms)
	RebuildCommonClasses (2625ms)
	RebuildNativeTypeToScriptingClass (885ms)
	initialDomainReloadingComplete (2190ms)
	LoadAllAssembliesAndSetupDomain (22360ms)
		LoadAssemblies (38987ms)
		RebuildTransferFunctionScriptingTraits (0ms)
		AnalyzeDomain (4758ms)
			TypeCache.Refresh (15ms)
				TypeCache.ScanAssembly (0ms)
			ScanForSourceGeneratedMonoScriptInfo (0ms)
			ResolveRequiredComponents (4740ms)
	FinalizeReload (176228ms)
		ReleaseScriptCaches (0ms)
		RebuildScriptCaches (0ms)
		SetupLoadedEditorAssemblies (1878ms)
			LogAssemblyErrors (0ms)
			InitializePlatformSupportModulesInManaged (27ms)
			SetLoadedEditorAssemblies (38ms)
			RefreshPlugins (0ms)
			BeforeProcessingInitializeOnLoad (387ms)
			ProcessInitializeOnLoadAttributes (1290ms)
			ProcessInitializeOnLoadMethodAttributes (110ms)
			AfterProcessingInitializeOnLoad (24ms)
			EditorAssembliesLoaded (1ms)
		ExecutionOrderSort2 (1ms)
		AwakeInstancesAfterBackupRestoration (43ms)
Refreshing native plugins compatible for Editor in 32.60 ms, found 4 plugins.
Preloading 0 native plugins for Editor in 0.00 ms.
Unloading 4172 Unused Serialized files (Serialized files now loaded: 0)
Unloading 25 unused Assets / (214.5 KB). Loaded Objects now: 4820.
Memory consumption went from 147.5 MB to 147.3 MB.
Total: 9.218200 ms (FindLiveObjects: 1.470200 ms CreateObjectMapping: 0.554100 ms MarkObjects: 6.754900 ms  DeleteObjects: 0.436200 ms)

Prepare: number of updated asset objects reloaded= 0
AssetImportParameters requested are different than current active one (requested -> active):
  custom:container-demuxer-ogg: 62fdf1f143b41e24485cea50d1cbac27 -> 
  custom:video-decoder-ogg-theora: a1e56fd34408186e4bbccfd4996cb3dc -> 
  custom:framework-win-MediaFoundation: 216162199b28c13a410421893ffa2e32 -> 
  custom:scripting/monoscript/fileName/EnemyPatrol.cs: cb3862bdca022c6895bfea2d333c4052 -> 
  custom:CustomObjectIndexerAttribute: 9a22284fe3817be447336de3de66b15e -> 
  custom:container-demuxer-webm: 4f35f7cbe854078d1ac9338744f61a02 -> 
  custom:container-muxer-webm: aa71ff27fc2769a1b78a27578f13a17b -> 
  custom:video-decoder-webm-vp8: 9c59270c3fd7afecdb556c50c9e8de78 -> 
  custom:SearchIndexIgnoredProperties: e643bd26f0fe6173181afceb89e7c659 -> 
  custom:AudioImporter_EditorPlatform: d09bf68614088b80899f8185d706f6e7 -> 
  custom:video-encoder-webm-vp8: eb34c28f22e8b96e1ab97ce403110664 -> 
  custom:audio-decoder-ogg-vorbis: bf7c407c2cedff20999df2af8eb42d56 -> 
  custom:audio-encoder-webm-vorbis: bf7c407c2cedff20999df2af8eb42d56 -> 
  custom:scripting/precompiled-assembly-types:Assembly-CSharp: 630d879788524dc0120466ca268ecc05 -> 73aa19288931f336944cebea50ea8521
========================================================================
Received Prepare
Caller must complete domain reload
Begin MonoManager ReloadAssembly
- Loaded All Assemblies, in  5.861 seconds
Native extension for WindowsStandalone target not found
Mono: successfully reloaded assembly
- Finished resetting the current domain, in  4.036 seconds
Domain Reload Profiling: 9724ms
	BeginReloadAssembly (428ms)
		ExecutionOrderSort (0ms)
		DisableScriptedObjects (28ms)
		BackupInstance (0ms)
		ReleaseScriptingObjects (0ms)
		CreateAndSetChildDomain (80ms)
	RebuildCommonClasses (92ms)
	RebuildNativeTypeToScriptingClass (58ms)
	initialDomainReloadingComplete (1388ms)
	LoadAllAssembliesAndSetupDomain (3720ms)
		LoadAssemblies (3919ms)
		RebuildTransferFunctionScriptingTraits (0ms)
		AnalyzeDomain (34ms)
			TypeCache.Refresh (12ms)
				TypeCache.ScanAssembly (0ms)
			ScanForSourceGeneratedMonoScriptInfo (0ms)
			ResolveRequiredComponents (20ms)
	FinalizeReload (4037ms)
		ReleaseScriptCaches (0ms)
		RebuildScriptCaches (0ms)
		SetupLoadedEditorAssemblies (1058ms)
			LogAssemblyErrors (0ms)
			InitializePlatformSupportModulesInManaged (15ms)
			SetLoadedEditorAssemblies (11ms)
			RefreshPlugins (0ms)
			BeforeProcessingInitializeOnLoad (179ms)
			ProcessInitializeOnLoadAttributes (758ms)
			ProcessInitializeOnLoadMethodAttributes (77ms)
			AfterProcessingInitializeOnLoad (18ms)
			EditorAssembliesLoaded (1ms)
		ExecutionOrderSort2 (1ms)
		AwakeInstancesAfterBackupRestoration (33ms)
Refreshing native plugins compatible for Editor in 17.07 ms, found 4 plugins.
Preloading 0 native plugins for Editor in 0.00 ms.
Unloading 4172 Unused Serialized files (Serialized files now loaded: 0)
Unloading 25 unused Assets / (214.5 KB). Loaded Objects now: 4825.
Memory consumption went from 147.5 MB to 147.3 MB.
Total: 6.329900 ms (FindLiveObjects: 0.643300 ms CreateObjectMapping: 0.358700 ms MarkObjects: 4.705300 ms  DeleteObjects: 0.620600 ms)

Prepare: number of updated asset objects reloaded= 0
AssetImportParameters requested are different than current active one (requested -> active):
  custom:container-demuxer-ogg: 62fdf1f143b41e24485cea50d1cbac27 -> 
  custom:video-decoder-ogg-theora: a1e56fd34408186e4bbccfd4996cb3dc -> 
  custom:framework-win-MediaFoundation: 216162199b28c13a410421893ffa2e32 -> 
  custom:scripting/monoscript/fileName/EnemyPatrol.cs: cb3862bdca022c6895bfea2d333c4052 -> 
  custom:CustomObjectIndexerAttribute: 9a22284fe3817be447336de3de66b15e -> 
  custom:container-demuxer-webm: 4f35f7cbe854078d1ac9338744f61a02 -> 
  custom:container-muxer-webm: aa71ff27fc2769a1b78a27578f13a17b -> 
  custom:video-decoder-webm-vp8: 9c59270c3fd7afecdb556c50c9e8de78 -> 
  custom:SearchIndexIgnoredProperties: e643bd26f0fe6173181afceb89e7c659 -> 
  custom:AudioImporter_EditorPlatform: d09bf68614088b80899f8185d706f6e7 -> 
  custom:video-encoder-webm-vp8: eb34c28f22e8b96e1ab97ce403110664 -> 
  custom:audio-decoder-ogg-vorbis: bf7c407c2cedff20999df2af8eb42d56 -> 
  custom:audio-encoder-webm-vorbis: bf7c407c2cedff20999df2af8eb42d56 -> 
  custom:scripting/precompiled-assembly-types:Assembly-CSharp: 630d879788524dc0120466ca268ecc05 -> 73aa19288931f336944cebea50ea8521
========================================================================
Received Prepare
Caller must complete domain reload
Begin MonoManager ReloadAssembly
- Loaded All Assemblies, in  2.877 seconds
Native extension for WindowsStandalone target not found
Mono: successfully reloaded assembly
- Finished resetting the current domain, in 12.486 seconds
Domain Reload Profiling: 15354ms
	BeginReloadAssembly (439ms)
		ExecutionOrderSort (0ms)
		DisableScriptedObjects (25ms)
		BackupInstance (0ms)
		ReleaseScriptingObjects (0ms)
		CreateAndSetChildDomain (79ms)
	RebuildCommonClasses (82ms)
	RebuildNativeTypeToScriptingClass (25ms)
	initialDomainReloadingComplete (86ms)
	LoadAllAssembliesAndSetupDomain (2234ms)
		LoadAssemblies (2307ms)
		RebuildTransferFunctionScriptingTraits (0ms)
		AnalyzeDomain (205ms)
			TypeCache.Refresh (34ms)
				TypeCache.ScanAssembly (0ms)
			ScanForSourceGeneratedMonoScriptInfo (1ms)
			ResolveRequiredComponents (57ms)
	FinalizeReload (12487ms)
		ReleaseScriptCaches (0ms)
		RebuildScriptCaches (0ms)
		SetupLoadedEditorAssemblies (1223ms)
			LogAssemblyErrors (0ms)
			InitializePlatformSupportModulesInManaged (37ms)
			SetLoadedEditorAssemblies (16ms)
			RefreshPlugins (0ms)
			BeforeProcessingInitializeOnLoad (317ms)
			ProcessInitializeOnLoadAttributes (771ms)
			ProcessInitializeOnLoadMethodAttributes (66ms)
			AfterProcessingInitializeOnLoad (16ms)
			EditorAssembliesLoaded (0ms)
		ExecutionOrderSort2 (0ms)
		AwakeInstancesAfterBackupRestoration (30ms)
Refreshing native plugins compatible for Editor in 16.51 ms, found 4 plugins.
Preloading 0 native plugins for Editor in 0.00 ms.
Unloading 4172 Unused Serialized files (Serialized files now loaded: 0)
Unloading 25 unused Assets / (214.7 KB). Loaded Objects now: 4830.
Memory consumption went from 147.5 MB to 147.3 MB.
Total: 7.254400 ms (FindLiveObjects: 0.637900 ms CreateObjectMapping: 1.225100 ms MarkObjects: 5.039400 ms  DeleteObjects: 0.349600 ms)

Prepare: number of updated asset objects reloaded= 0
AssetImportParameters requested are different than current active one (requested -> active):
  custom:container-demuxer-ogg: 62fdf1f143b41e24485cea50d1cbac27 -> 
  custom:video-decoder-ogg-theora: a1e56fd34408186e4bbccfd4996cb3dc -> 
  custom:framework-win-MediaFoundation: 216162199b28c13a410421893ffa2e32 -> 
  custom:scripting/monoscript/fileName/EnemyPatrol.cs: cb3862bdca022c6895bfea2d333c4052 -> 
  custom:CustomObjectIndexerAttribute: 9a22284fe3817be447336de3de66b15e -> 
  custom:container-demuxer-webm: 4f35f7cbe854078d1ac9338744f61a02 -> 
  custom:container-muxer-webm: aa71ff27fc2769a1b78a27578f13a17b -> 
  custom:video-decoder-webm-vp8: 9c59270c3fd7afecdb556c50c9e8de78 -> 
  custom:SearchIndexIgnoredProperties: e643bd26f0fe6173181afceb89e7c659 -> 
  custom:AudioImporter_EditorPlatform: d09bf68614088b80899f8185d706f6e7 -> 
  custom:video-encoder-webm-vp8: eb34c28f22e8b96e1ab97ce403110664 -> 
  custom:audio-decoder-ogg-vorbis: bf7c407c2cedff20999df2af8eb42d56 -> 
  custom:audio-encoder-webm-vorbis: bf7c407c2cedff20999df2af8eb42d56 -> 
  custom:scripting/precompiled-assembly-types:Assembly-CSharp: 630d879788524dc0120466ca268ecc05 -> 73aa19288931f336944cebea50ea8521
========================================================================
Received Prepare
Caller must complete domain reload
Begin MonoManager ReloadAssembly
- Loaded All Assemblies, in  1.609 seconds
Native extension for WindowsStandalone target not found
Mono: successfully reloaded assembly
- Finished resetting the current domain, in  3.368 seconds
Domain Reload Profiling: 4969ms
	BeginReloadAssembly (556ms)
		ExecutionOrderSort (0ms)
		DisableScriptedObjects (59ms)
		BackupInstance (0ms)
		ReleaseScriptingObjects (0ms)
		CreateAndSetChildDomain (192ms)
	RebuildCommonClasses (119ms)
	RebuildNativeTypeToScriptingClass (81ms)
	initialDomainReloadingComplete (72ms)
	LoadAllAssembliesAndSetupDomain (773ms)
		LoadAssemblies (993ms)
		RebuildTransferFunctionScriptingTraits (0ms)
		AnalyzeDomain (28ms)
			TypeCache.Refresh (12ms)
				TypeCache.ScanAssembly (0ms)
			ScanForSourceGeneratedMonoScriptInfo (0ms)
			ResolveRequiredComponents (14ms)
	FinalizeReload (3369ms)
		ReleaseScriptCaches (0ms)
		RebuildScriptCaches (0ms)
		SetupLoadedEditorAssemblies (1052ms)
			LogAssemblyErrors (0ms)
			InitializePlatformSupportModulesInManaged (15ms)
			SetLoadedEditorAssemblies (10ms)
			RefreshPlugins (0ms)
			BeforeProcessingInitializeOnLoad (167ms)
			ProcessInitializeOnLoadAttributes (767ms)
			ProcessInitializeOnLoadMethodAttributes (73ms)
			AfterProcessingInitializeOnLoad (18ms)
			EditorAssembliesLoaded (1ms)
		ExecutionOrderSort2 (0ms)
		AwakeInstancesAfterBackupRestoration (42ms)
Refreshing native plugins compatible for Editor in 15.84 ms, found 4 plugins.
Preloading 0 native plugins for Editor in 0.00 ms.
Unloading 4172 Unused Serialized files (Serialized files now loaded: 0)
Unloading 25 unused Assets / (214.5 KB). Loaded Objects now: 4835.
Memory consumption went from 147.5 MB to 147.3 MB.
Total: 26.187600 ms (FindLiveObjects: 0.646300 ms CreateObjectMapping: 19.781000 ms MarkObjects: 5.176500 ms  DeleteObjects: 0.581900 ms)

Prepare: number of updated asset objects reloaded= 0
AssetImportParameters requested are different than current active one (requested -> active):
  custom:container-demuxer-ogg: 62fdf1f143b41e24485cea50d1cbac27 -> 
  custom:video-decoder-ogg-theora: a1e56fd34408186e4bbccfd4996cb3dc -> 
  custom:framework-win-MediaFoundation: 216162199b28c13a410421893ffa2e32 -> 
  custom:scripting/monoscript/fileName/EnemyPatrol.cs: cb3862bdca022c6895bfea2d333c4052 -> 
  custom:CustomObjectIndexerAttribute: 9a22284fe3817be447336de3de66b15e -> 
  custom:container-demuxer-webm: 4f35f7cbe854078d1ac9338744f61a02 -> 
  custom:container-muxer-webm: aa71ff27fc2769a1b78a27578f13a17b -> 
  custom:video-decoder-webm-vp8: 9c59270c3fd7afecdb556c50c9e8de78 -> 
  custom:SearchIndexIgnoredProperties: e643bd26f0fe6173181afceb89e7c659 -> 
  custom:AudioImporter_EditorPlatform: d09bf68614088b80899f8185d706f6e7 -> 
  custom:video-encoder-webm-vp8: eb34c28f22e8b96e1ab97ce403110664 -> 
  custom:audio-decoder-ogg-vorbis: bf7c407c2cedff20999df2af8eb42d56 -> 
  custom:audio-encoder-webm-vorbis: bf7c407c2cedff20999df2af8eb42d56 -> 
  custom:scripting/precompiled-assembly-types:Assembly-CSharp: 630d879788524dc0120466ca268ecc05 -> 73aa19288931f336944cebea50ea8521
========================================================================
Received Prepare
Caller must complete domain reload
Begin MonoManager ReloadAssembly
- Loaded All Assemblies, in  1.444 seconds
Native extension for WindowsStandalone target not found
Mono: successfully reloaded assembly
- Finished resetting the current domain, in 15.431 seconds
Domain Reload Profiling: 16866ms
	BeginReloadAssembly (411ms)
		ExecutionOrderSort (0ms)
		DisableScriptedObjects (38ms)
		BackupInstance (0ms)
		ReleaseScriptingObjects (0ms)
		CreateAndSetChildDomain (77ms)
	RebuildCommonClasses (111ms)
	RebuildNativeTypeToScriptingClass (28ms)
	initialDomainReloadingComplete (79ms)
	LoadAllAssembliesAndSetupDomain (805ms)
		LoadAssemblies (993ms)
		RebuildTransferFunctionScriptingTraits (0ms)
		AnalyzeDomain (55ms)
			TypeCache.Refresh (20ms)
				TypeCache.ScanAssembly (0ms)
			ScanForSourceGeneratedMonoScriptInfo (0ms)
			ResolveRequiredComponents (31ms)
	FinalizeReload (15432ms)
		ReleaseScriptCaches (0ms)
		RebuildScriptCaches (0ms)
		SetupLoadedEditorAssemblies (1167ms)
			LogAssemblyErrors (0ms)
			InitializePlatformSupportModulesInManaged (15ms)
			SetLoadedEditorAssemblies (10ms)
			RefreshPlugins (0ms)
			BeforeProcessingInitializeOnLoad (267ms)
			ProcessInitializeOnLoadAttributes (794ms)
			ProcessInitializeOnLoadMethodAttributes (66ms)
			AfterProcessingInitializeOnLoad (16ms)
			EditorAssembliesLoaded (1ms)
		ExecutionOrderSort2 (0ms)
		AwakeInstancesAfterBackupRestoration (31ms)
Refreshing native plugins compatible for Editor in 18.36 ms, found 4 plugins.
Preloading 0 native plugins for Editor in 0.00 ms.
Unloading 4172 Unused Serialized files (Serialized files now loaded: 0)
Unloading 25 unused Assets / (214.4 KB). Loaded Objects now: 4840.
Memory consumption went from 147.5 MB to 147.3 MB.
Total: 9.626800 ms (FindLiveObjects: 0.701800 ms CreateObjectMapping: 0.645600 ms MarkObjects: 7.926900 ms  DeleteObjects: 0.350300 ms)

Prepare: number of updated asset objects reloaded= 0
AssetImportParameters requested are different than current active one (requested -> active):
  custom:container-demuxer-ogg: 62fdf1f143b41e24485cea50d1cbac27 -> 
  custom:video-decoder-ogg-theora: a1e56fd34408186e4bbccfd4996cb3dc -> 
  custom:framework-win-MediaFoundation: 216162199b28c13a410421893ffa2e32 -> 
  custom:scripting/monoscript/fileName/EnemyPatrol.cs: cb3862bdca022c6895bfea2d333c4052 -> 
  custom:CustomObjectIndexerAttribute: 9a22284fe3817be447336de3de66b15e -> 
  custom:container-demuxer-webm: 4f35f7cbe854078d1ac9338744f61a02 -> 
  custom:container-muxer-webm: aa71ff27fc2769a1b78a27578f13a17b -> 
  custom:video-decoder-webm-vp8: 9c59270c3fd7afecdb556c50c9e8de78 -> 
  custom:SearchIndexIgnoredProperties: e643bd26f0fe6173181afceb89e7c659 -> 
  custom:AudioImporter_EditorPlatform: d09bf68614088b80899f8185d706f6e7 -> 
  custom:video-encoder-webm-vp8: eb34c28f22e8b96e1ab97ce403110664 -> 
  custom:audio-decoder-ogg-vorbis: bf7c407c2cedff20999df2af8eb42d56 -> 
  custom:audio-encoder-webm-vorbis: bf7c407c2cedff20999df2af8eb42d56 -> 
  custom:scripting/precompiled-assembly-types:Assembly-CSharp: 630d879788524dc0120466ca268ecc05 -> 73aa19288931f336944cebea50ea8521
========================================================================
Received Prepare
Caller must complete domain reload
Begin MonoManager ReloadAssembly
- Loaded All Assemblies, in  5.299 seconds
Native extension for WindowsStandalone target not found
Mono: successfully reloaded assembly
- Finished resetting the current domain, in  3.126 seconds
Domain Reload Profiling: 8413ms
	BeginReloadAssembly (444ms)
		ExecutionOrderSort (0ms)
		DisableScriptedObjects (41ms)
		BackupInstance (0ms)
		ReleaseScriptingObjects (0ms)
		CreateAndSetChildDomain (104ms)
	RebuildCommonClasses (78ms)
	RebuildNativeTypeToScriptingClass (25ms)
	initialDomainReloadingComplete (139ms)
	LoadAllAssembliesAndSetupDomain (4600ms)
		LoadAssemblies (4704ms)
		RebuildTransferFunctionScriptingTraits (0ms)
		AnalyzeDomain (106ms)
			TypeCache.Refresh (27ms)
				TypeCache.ScanAssembly (0ms)
			ScanForSourceGeneratedMonoScriptInfo (0ms)
			ResolveRequiredComponents (76ms)
	FinalizeReload (3127ms)
		ReleaseScriptCaches (0ms)
		RebuildScriptCaches (0ms)
		SetupLoadedEditorAssemblies (1168ms)
			LogAssemblyErrors (0ms)
			InitializePlatformSupportModulesInManaged (76ms)
			SetLoadedEditorAssemblies (14ms)
			RefreshPlugins (0ms)
			BeforeProcessingInitializeOnLoad (184ms)
			ProcessInitializeOnLoadAttributes (660ms)
			ProcessInitializeOnLoadMethodAttributes (149ms)
			AfterProcessingInitializeOnLoad (85ms)
			EditorAssembliesLoaded (1ms)
		ExecutionOrderSort2 (0ms)
		AwakeInstancesAfterBackupRestoration (31ms)
Refreshing native plugins compatible for Editor in 19.21 ms, found 4 plugins.
Preloading 0 native plugins for Editor in 0.00 ms.
Unloading 4172 Unused Serialized files (Serialized files now loaded: 0)
Unloading 25 unused Assets / (214.5 KB). Loaded Objects now: 4845.
Memory consumption went from 147.6 MB to 147.3 MB.
Total: 7.480800 ms (FindLiveObjects: 0.674900 ms CreateObjectMapping: 0.364900 ms MarkObjects: 6.107300 ms  DeleteObjects: 0.331400 ms)

Prepare: number of updated asset objects reloaded= 0
AssetImportParameters requested are different than current active one (requested -> active):
  custom:container-demuxer-ogg: 62fdf1f143b41e24485cea50d1cbac27 -> 
  custom:video-decoder-ogg-theora: a1e56fd34408186e4bbccfd4996cb3dc -> 
  custom:framework-win-MediaFoundation: 216162199b28c13a410421893ffa2e32 -> 
  custom:scripting/monoscript/fileName/EnemyPatrol.cs: cb3862bdca022c6895bfea2d333c4052 -> 
  custom:CustomObjectIndexerAttribute: 9a22284fe3817be447336de3de66b15e -> 
  custom:container-demuxer-webm: 4f35f7cbe854078d1ac9338744f61a02 -> 
  custom:container-muxer-webm: aa71ff27fc2769a1b78a27578f13a17b -> 
  custom:video-decoder-webm-vp8: 9c59270c3fd7afecdb556c50c9e8de78 -> 
  custom:SearchIndexIgnoredProperties: e643bd26f0fe6173181afceb89e7c659 -> 
  custom:AudioImporter_EditorPlatform: d09bf68614088b80899f8185d706f6e7 -> 
  custom:video-encoder-webm-vp8: eb34c28f22e8b96e1ab97ce403110664 -> 
  custom:audio-decoder-ogg-vorbis: bf7c407c2cedff20999df2af8eb42d56 -> 
  custom:audio-encoder-webm-vorbis: bf7c407c2cedff20999df2af8eb42d56 -> 
  custom:scripting/precompiled-assembly-types:Assembly-CSharp: 630d879788524dc0120466ca268ecc05 -> 73aa19288931f336944cebea50ea8521
========================================================================
Received Prepare
Caller must complete domain reload
Begin MonoManager ReloadAssembly
- Loaded All Assemblies, in  1.752 seconds
Native extension for WindowsStandalone target not found
Mono: successfully reloaded assembly
- Finished resetting the current domain, in 11.724 seconds
Domain Reload Profiling: 13468ms
	BeginReloadAssembly (450ms)
		ExecutionOrderSort (0ms)
		DisableScriptedObjects (25ms)
		BackupInstance (0ms)
		ReleaseScriptingObjects (0ms)
		CreateAndSetChildDomain (86ms)
	RebuildCommonClasses (75ms)
	RebuildNativeTypeToScriptingClass (28ms)
	initialDomainReloadingComplete (76ms)
	LoadAllAssembliesAndSetupDomain (1112ms)
		LoadAssemblies (1342ms)
		RebuildTransferFunctionScriptingTraits (0ms)
		AnalyzeDomain (52ms)
			TypeCache.Refresh (23ms)
				TypeCache.ScanAssembly (0ms)
			ScanForSourceGeneratedMonoScriptInfo (0ms)
			ResolveRequiredComponents (26ms)
	FinalizeReload (11725ms)
		ReleaseScriptCaches (0ms)
		RebuildScriptCaches (0ms)
		SetupLoadedEditorAssemblies (1270ms)
			LogAssemblyErrors (0ms)
			InitializePlatformSupportModulesInManaged (37ms)
			SetLoadedEditorAssemblies (14ms)
			RefreshPlugins (0ms)
			BeforeProcessingInitializeOnLoad (184ms)
			ProcessInitializeOnLoadAttributes (952ms)
			ProcessInitializeOnLoadMethodAttributes (67ms)
			AfterProcessingInitializeOnLoad (16ms)
			EditorAssembliesLoaded (1ms)
		ExecutionOrderSort2 (0ms)
		AwakeInstancesAfterBackupRestoration (31ms)
Refreshing native plugins compatible for Editor in 16.38 ms, found 4 plugins.
Preloading 0 native plugins for Editor in 0.00 ms.
Unloading 4172 Unused Serialized files (Serialized files now loaded: 0)
Unloading 25 unused Assets / (214.8 KB). Loaded Objects now: 4850.
Memory consumption went from 147.6 MB to 147.4 MB.
Total: 6.258700 ms (FindLiveObjects: 0.659000 ms CreateObjectMapping: 0.359100 ms MarkObjects: 4.908500 ms  DeleteObjects: 0.330600 ms)

Prepare: number of updated asset objects reloaded= 0
AssetImportParameters requested are different than current active one (requested -> active):
  custom:container-demuxer-ogg: 62fdf1f143b41e24485cea50d1cbac27 -> 
  custom:video-decoder-ogg-theora: a1e56fd34408186e4bbccfd4996cb3dc -> 
  custom:framework-win-MediaFoundation: 216162199b28c13a410421893ffa2e32 -> 
  custom:scripting/monoscript/fileName/EnemyPatrol.cs: cb3862bdca022c6895bfea2d333c4052 -> 
  custom:CustomObjectIndexerAttribute: 9a22284fe3817be447336de3de66b15e -> 
  custom:container-demuxer-webm: 4f35f7cbe854078d1ac9338744f61a02 -> 
  custom:container-muxer-webm: aa71ff27fc2769a1b78a27578f13a17b -> 
  custom:video-decoder-webm-vp8: 9c59270c3fd7afecdb556c50c9e8de78 -> 
  custom:SearchIndexIgnoredProperties: e643bd26f0fe6173181afceb89e7c659 -> 
  custom:AudioImporter_EditorPlatform: d09bf68614088b80899f8185d706f6e7 -> 
  custom:video-encoder-webm-vp8: eb34c28f22e8b96e1ab97ce403110664 -> 
  custom:audio-decoder-ogg-vorbis: bf7c407c2cedff20999df2af8eb42d56 -> 
  custom:audio-encoder-webm-vorbis: bf7c407c2cedff20999df2af8eb42d56 -> 
  custom:scripting/precompiled-assembly-types:Assembly-CSharp: 630d879788524dc0120466ca268ecc05 -> 73aa19288931f336944cebea50ea8521
========================================================================
Received Prepare
Caller must complete domain reload
Begin MonoManager ReloadAssembly
- Loaded All Assemblies, in  5.433 seconds
Native extension for WindowsStandalone target not found
Mono: successfully reloaded assembly
- Finished resetting the current domain, in  6.426 seconds
Domain Reload Profiling: 11841ms
	BeginReloadAssembly (451ms)
		ExecutionOrderSort (0ms)
		DisableScriptedObjects (66ms)
		BackupInstance (0ms)
		ReleaseScriptingObjects (0ms)
		CreateAndSetChildDomain (77ms)
	RebuildCommonClasses (113ms)
	RebuildNativeTypeToScriptingClass (27ms)
	initialDomainReloadingComplete (94ms)
	LoadAllAssembliesAndSetupDomain (4729ms)
		LoadAssemblies (4864ms)
		RebuildTransferFunctionScriptingTraits (0ms)
		AnalyzeDomain (103ms)
			TypeCache.Refresh (34ms)
				TypeCache.ScanAssembly (0ms)
			ScanForSourceGeneratedMonoScriptInfo (0ms)
			ResolveRequiredComponents (55ms)
	FinalizeReload (6427ms)
		ReleaseScriptCaches (0ms)
		RebuildScriptCaches (0ms)
		SetupLoadedEditorAssemblies (2424ms)
			LogAssemblyErrors (0ms)
			InitializePlatformSupportModulesInManaged (18ms)
			SetLoadedEditorAssemblies (11ms)
			RefreshPlugins (0ms)
			BeforeProcessingInitializeOnLoad (648ms)
			ProcessInitializeOnLoadAttributes (1668ms)
			ProcessInitializeOnLoadMethodAttributes (64ms)
			AfterProcessingInitializeOnLoad (15ms)
			EditorAssembliesLoaded (1ms)
		ExecutionOrderSort2 (0ms)
		AwakeInstancesAfterBackupRestoration (31ms)
Refreshing native plugins compatible for Editor in 15.09 ms, found 4 plugins.
Preloading 0 native plugins for Editor in 0.00 ms.
Unloading 4172 Unused Serialized files (Serialized files now loaded: 0)
Unloading 25 unused Assets / (214.5 KB). Loaded Objects now: 4855.
Memory consumption went from 147.6 MB to 147.4 MB.
Total: 7.067200 ms (FindLiveObjects: 0.787100 ms CreateObjectMapping: 0.480500 ms MarkObjects: 5.464800 ms  DeleteObjects: 0.332800 ms)

Prepare: number of updated asset objects reloaded= 0
AssetImportParameters requested are different than current active one (requested -> active):
  custom:container-demuxer-ogg: 62fdf1f143b41e24485cea50d1cbac27 -> 
  custom:video-decoder-ogg-theora: a1e56fd34408186e4bbccfd4996cb3dc -> 
  custom:framework-win-MediaFoundation: 216162199b28c13a410421893ffa2e32 -> 
  custom:scripting/monoscript/fileName/EnemyPatrol.cs: cb3862bdca022c6895bfea2d333c4052 -> 
  custom:CustomObjectIndexerAttribute: 9a22284fe3817be447336de3de66b15e -> 
  custom:container-demuxer-webm: 4f35f7cbe854078d1ac9338744f61a02 -> 
  custom:container-muxer-webm: aa71ff27fc2769a1b78a27578f13a17b -> 
  custom:video-decoder-webm-vp8: 9c59270c3fd7afecdb556c50c9e8de78 -> 
  custom:SearchIndexIgnoredProperties: e643bd26f0fe6173181afceb89e7c659 -> 
  custom:AudioImporter_EditorPlatform: d09bf68614088b80899f8185d706f6e7 -> 
  custom:video-encoder-webm-vp8: eb34c28f22e8b96e1ab97ce403110664 -> 
  custom:audio-decoder-ogg-vorbis: bf7c407c2cedff20999df2af8eb42d56 -> 
  custom:audio-encoder-webm-vorbis: bf7c407c2cedff20999df2af8eb42d56 -> 
  custom:scripting/precompiled-assembly-types:Assembly-CSharp: 630d879788524dc0120466ca268ecc05 -> 73aa19288931f336944cebea50ea8521
========================================================================
Received Prepare
Caller must complete domain reload
Begin MonoManager ReloadAssembly
- Loaded All Assemblies, in  2.042 seconds
Native extension for WindowsStandalone target not found
Mono: successfully reloaded assembly
- Finished resetting the current domain, in 24.647 seconds
Domain Reload Profiling: 26679ms
	BeginReloadAssembly (436ms)
		ExecutionOrderSort (0ms)
		DisableScriptedObjects (27ms)
		BackupInstance (0ms)
		ReleaseScriptingObjects (0ms)
		CreateAndSetChildDomain (69ms)
	RebuildCommonClasses (82ms)
	RebuildNativeTypeToScriptingClass (28ms)
	initialDomainReloadingComplete (79ms)
	LoadAllAssembliesAndSetupDomain (1406ms)
		LoadAssemblies (1590ms)
		RebuildTransferFunctionScriptingTraits (0ms)
		AnalyzeDomain (85ms)
			TypeCache.Refresh (34ms)
				TypeCache.ScanAssembly (0ms)
			ScanForSourceGeneratedMonoScriptInfo (1ms)
			ResolveRequiredComponents (48ms)
	FinalizeReload (24648ms)
		ReleaseScriptCaches (0ms)
		RebuildScriptCaches (0ms)
		SetupLoadedEditorAssemblies (3203ms)
			LogAssemblyErrors (0ms)
			InitializePlatformSupportModulesInManaged (22ms)
			SetLoadedEditorAssemblies (14ms)
			RefreshPlugins (0ms)
			BeforeProcessingInitializeOnLoad (858ms)
			ProcessInitializeOnLoadAttributes (1969ms)
			ProcessInitializeOnLoadMethodAttributes (318ms)
			AfterProcessingInitializeOnLoad (19ms)
			EditorAssembliesLoaded (1ms)
		ExecutionOrderSort2 (0ms)
		AwakeInstancesAfterBackupRestoration (38ms)
Refreshing native plugins compatible for Editor in 17.78 ms, found 4 plugins.
Preloading 0 native plugins for Editor in 0.00 ms.
Unloading 4172 Unused Serialized files (Serialized files now loaded: 0)
Unloading 25 unused Assets / (214.5 KB). Loaded Objects now: 4860.
Memory consumption went from 147.6 MB to 147.4 MB.
Total: 6.305100 ms (FindLiveObjects: 0.713600 ms CreateObjectMapping: 0.405500 ms MarkObjects: 4.783900 ms  DeleteObjects: 0.399900 ms)

Prepare: number of updated asset objects reloaded= 0
AssetImportParameters requested are different than current active one (requested -> active):
  custom:container-demuxer-ogg: 62fdf1f143b41e24485cea50d1cbac27 -> 
  custom:video-decoder-ogg-theora: a1e56fd34408186e4bbccfd4996cb3dc -> 
  custom:framework-win-MediaFoundation: 216162199b28c13a410421893ffa2e32 -> 
  custom:scripting/monoscript/fileName/EnemyPatrol.cs: cb3862bdca022c6895bfea2d333c4052 -> 
  custom:CustomObjectIndexerAttribute: 9a22284fe3817be447336de3de66b15e -> 
  custom:container-demuxer-webm: 4f35f7cbe854078d1ac9338744f61a02 -> 
  custom:container-muxer-webm: aa71ff27fc2769a1b78a27578f13a17b -> 
  custom:video-decoder-webm-vp8: 9c59270c3fd7afecdb556c50c9e8de78 -> 
  custom:SearchIndexIgnoredProperties: e643bd26f0fe6173181afceb89e7c659 -> 
  custom:AudioImporter_EditorPlatform: d09bf68614088b80899f8185d706f6e7 -> 
  custom:video-encoder-webm-vp8: eb34c28f22e8b96e1ab97ce403110664 -> 
  custom:audio-decoder-ogg-vorbis: bf7c407c2cedff20999df2af8eb42d56 -> 
  custom:audio-encoder-webm-vorbis: bf7c407c2cedff20999df2af8eb42d56 -> 
  custom:scripting/precompiled-assembly-types:Assembly-CSharp: 630d879788524dc0120466ca268ecc05 -> 73aa19288931f336944cebea50ea8521
========================================================================
Received Prepare
Caller must complete domain reload
Begin MonoManager ReloadAssembly
- Loaded All Assemblies, in  9.800 seconds
Native extension for WindowsStandalone target not found
Mono: successfully reloaded assembly
- Finished resetting the current domain, in  3.961 seconds
Domain Reload Profiling: 13452ms
	BeginReloadAssembly (2100ms)
		ExecutionOrderSort (0ms)
		DisableScriptedObjects (26ms)
		BackupInstance (0ms)
		ReleaseScriptingObjects (1ms)
		CreateAndSetChildDomain (81ms)
	RebuildCommonClasses (1596ms)
	RebuildNativeTypeToScriptingClass (318ms)
	initialDomainReloadingComplete (1774ms)
	LoadAllAssembliesAndSetupDomain (3701ms)
		LoadAssemblies (5595ms)
		RebuildTransferFunctionScriptingTraits (0ms)
		AnalyzeDomain (31ms)
			TypeCache.Refresh (13ms)
				TypeCache.ScanAssembly (0ms)
			ScanForSourceGeneratedMonoScriptInfo (0ms)
			ResolveRequiredComponents (15ms)
	FinalizeReload (3962ms)
		ReleaseScriptCaches (0ms)
		RebuildScriptCaches (0ms)
		SetupLoadedEditorAssemblies (1167ms)
			LogAssemblyErrors (0ms)
			InitializePlatformSupportModulesInManaged (14ms)
			SetLoadedEditorAssemblies (9ms)
			RefreshPlugins (0ms)
			BeforeProcessingInitializeOnLoad (150ms)
			ProcessInitializeOnLoadAttributes (911ms)
			ProcessInitializeOnLoadMethodAttributes (65ms)
			AfterProcessingInitializeOnLoad (18ms)
			EditorAssembliesLoaded (0ms)
		ExecutionOrderSort2 (0ms)
		AwakeInstancesAfterBackupRestoration (33ms)
Refreshing native plugins compatible for Editor in 21.03 ms, found 4 plugins.
Preloading 0 native plugins for Editor in 0.00 ms.
Unloading 4172 Unused Serialized files (Serialized files now loaded: 0)
Unloading 25 unused Assets / (214.5 KB). Loaded Objects now: 4865.
Memory consumption went from 147.6 MB to 147.4 MB.
Total: 7.185300 ms (FindLiveObjects: 0.671500 ms CreateObjectMapping: 0.588300 ms MarkObjects: 5.576500 ms  DeleteObjects: 0.346800 ms)

Prepare: number of updated asset objects reloaded= 0
AssetImportParameters requested are different than current active one (requested -> active):
  custom:container-demuxer-ogg: 62fdf1f143b41e24485cea50d1cbac27 -> 
  custom:video-decoder-ogg-theora: a1e56fd34408186e4bbccfd4996cb3dc -> 
  custom:framework-win-MediaFoundation: 216162199b28c13a410421893ffa2e32 -> 
  custom:scripting/monoscript/fileName/EnemyPatrol.cs: cb3862bdca022c6895bfea2d333c4052 -> 
  custom:CustomObjectIndexerAttribute: 9a22284fe3817be447336de3de66b15e -> 
  custom:container-demuxer-webm: 4f35f7cbe854078d1ac9338744f61a02 -> 
  custom:container-muxer-webm: aa71ff27fc2769a1b78a27578f13a17b -> 
  custom:video-decoder-webm-vp8: 9c59270c3fd7afecdb556c50c9e8de78 -> 
  custom:SearchIndexIgnoredProperties: e643bd26f0fe6173181afceb89e7c659 -> 
  custom:AudioImporter_EditorPlatform: d09bf68614088b80899f8185d706f6e7 -> 
  custom:video-encoder-webm-vp8: eb34c28f22e8b96e1ab97ce403110664 -> 
  custom:audio-decoder-ogg-vorbis: bf7c407c2cedff20999df2af8eb42d56 -> 
  custom:audio-encoder-webm-vorbis: bf7c407c2cedff20999df2af8eb42d56 -> 
  custom:scripting/precompiled-assembly-types:Assembly-CSharp: 630d879788524dc0120466ca268ecc05 -> 73aa19288931f336944cebea50ea8521
========================================================================
Received Prepare
Caller must complete domain reload
Begin MonoManager ReloadAssembly
- Loaded All Assemblies, in  1.500 seconds
Native extension for WindowsStandalone target not found
Mono: successfully reloaded assembly
- Finished resetting the current domain, in  7.829 seconds
Domain Reload Profiling: 9320ms
	BeginReloadAssembly (455ms)
		ExecutionOrderSort (0ms)
		DisableScriptedObjects (45ms)
		BackupInstance (0ms)
		ReleaseScriptingObjects (0ms)
		CreateAndSetChildDomain (70ms)
	RebuildCommonClasses (78ms)
	RebuildNativeTypeToScriptingClass (26ms)
	initialDomainReloadingComplete (84ms)
	LoadAllAssembliesAndSetupDomain (847ms)
		LoadAssemblies (1047ms)
		RebuildTransferFunctionScriptingTraits (0ms)
		AnalyzeDomain (60ms)
			TypeCache.Refresh (44ms)
				TypeCache.ScanAssembly (0ms)
			ScanForSourceGeneratedMonoScriptInfo (0ms)
			ResolveRequiredComponents (14ms)
	FinalizeReload (7830ms)
		ReleaseScriptCaches (0ms)
		RebuildScriptCaches (0ms)
		SetupLoadedEditorAssemblies (1225ms)
			LogAssemblyErrors (0ms)
			InitializePlatformSupportModulesInManaged (38ms)
			SetLoadedEditorAssemblies (9ms)
			RefreshPlugins (0ms)
			BeforeProcessingInitializeOnLoad (152ms)
			ProcessInitializeOnLoadAttributes (937ms)
			ProcessInitializeOnLoadMethodAttributes (66ms)
			AfterProcessingInitializeOnLoad (22ms)
			EditorAssembliesLoaded (1ms)
		ExecutionOrderSort2 (0ms)
		AwakeInstancesAfterBackupRestoration (38ms)
Refreshing native plugins compatible for Editor in 24.52 ms, found 4 plugins.
Preloading 0 native plugins for Editor in 0.00 ms.
Unloading 4172 Unused Serialized files (Serialized files now loaded: 0)
Unloading 25 unused Assets / (214.7 KB). Loaded Objects now: 4870.
Memory consumption went from 147.6 MB to 147.4 MB.
Total: 20.685700 ms (FindLiveObjects: 0.747300 ms CreateObjectMapping: 1.037900 ms MarkObjects: 18.386000 ms  DeleteObjects: 0.512500 ms)

Prepare: number of updated asset objects reloaded= 0
AssetImportParameters requested are different than current active one (requested -> active):
  custom:container-demuxer-ogg: 62fdf1f143b41e24485cea50d1cbac27 -> 
  custom:video-decoder-ogg-theora: a1e56fd34408186e4bbccfd4996cb3dc -> 
  custom:framework-win-MediaFoundation: 216162199b28c13a410421893ffa2e32 -> 
  custom:scripting/monoscript/fileName/EnemyPatrol.cs: cb3862bdca022c6895bfea2d333c4052 -> 
  custom:CustomObjectIndexerAttribute: 9a22284fe3817be447336de3de66b15e -> 
  custom:container-demuxer-webm: 4f35f7cbe854078d1ac9338744f61a02 -> 
  custom:container-muxer-webm: aa71ff27fc2769a1b78a27578f13a17b -> 
  custom:video-decoder-webm-vp8: 9c59270c3fd7afecdb556c50c9e8de78 -> 
  custom:SearchIndexIgnoredProperties: e643bd26f0fe6173181afceb89e7c659 -> 
  custom:AudioImporter_EditorPlatform: d09bf68614088b80899f8185d706f6e7 -> 
  custom:video-encoder-webm-vp8: eb34c28f22e8b96e1ab97ce403110664 -> 
  custom:audio-decoder-ogg-vorbis: bf7c407c2cedff20999df2af8eb42d56 -> 
  custom:audio-encoder-webm-vorbis: bf7c407c2cedff20999df2af8eb42d56 -> 
  custom:scripting/precompiled-assembly-types:Assembly-CSharp: 630d879788524dc0120466ca268ecc05 -> 73aa19288931f336944cebea50ea8521
========================================================================
Received Prepare
Caller must complete domain reload
Begin MonoManager ReloadAssembly
- Loaded All Assemblies, in 17.787 seconds
Native extension for WindowsStandalone target not found
Mono: successfully reloaded assembly
- Finished resetting the current domain, in  6.272 seconds
Domain Reload Profiling: 24046ms
	BeginReloadAssembly (679ms)
		ExecutionOrderSort (0ms)
		DisableScriptedObjects (269ms)
		BackupInstance (0ms)
		ReleaseScriptingObjects (0ms)
		CreateAndSetChildDomain (68ms)
	RebuildCommonClasses (79ms)
	RebuildNativeTypeToScriptingClass (30ms)
	initialDomainReloadingComplete (79ms)
	LoadAllAssembliesAndSetupDomain (16906ms)
		LoadAssemblies (7080ms)
		RebuildTransferFunctionScriptingTraits (0ms)
		AnalyzeDomain (10085ms)
			TypeCache.Refresh (948ms)
				TypeCache.ScanAssembly (0ms)
			ScanForSourceGeneratedMonoScriptInfo (12ms)
			ResolveRequiredComponents (9121ms)
	FinalizeReload (6273ms)
		ReleaseScriptCaches (0ms)
		RebuildScriptCaches (0ms)
		SetupLoadedEditorAssemblies (2374ms)
			LogAssemblyErrors (0ms)
			InitializePlatformSupportModulesInManaged (16ms)
			SetLoadedEditorAssemblies (29ms)
			RefreshPlugins (0ms)
			BeforeProcessingInitializeOnLoad (1046ms)
			ProcessInitializeOnLoadAttributes (882ms)
			ProcessInitializeOnLoadMethodAttributes (282ms)
			AfterProcessingInitializeOnLoad (102ms)
			EditorAssembliesLoaded (17ms)
		ExecutionOrderSort2 (0ms)
		AwakeInstancesAfterBackupRestoration (171ms)
Refreshing native plugins compatible for Editor in 13.63 ms, found 4 plugins.
Preloading 0 native plugins for Editor in 0.00 ms.
Unloading 4172 Unused Serialized files (Serialized files now loaded: 0)
Unloading 25 unused Assets / (214.6 KB). Loaded Objects now: 4875.
Memory consumption went from 147.6 MB to 147.4 MB.
Total: 5.891000 ms (FindLiveObjects: 0.840500 ms CreateObjectMapping: 0.560900 ms MarkObjects: 4.067400 ms  DeleteObjects: 0.419800 ms)

Prepare: number of updated asset objects reloaded= 0
AssetImportParameters requested are different than current active one (requested -> active):
  custom:container-demuxer-ogg: 62fdf1f143b41e24485cea50d1cbac27 -> 
  custom:video-decoder-ogg-theora: a1e56fd34408186e4bbccfd4996cb3dc -> 
  custom:framework-win-MediaFoundation: 216162199b28c13a410421893ffa2e32 -> 
  custom:scripting/monoscript/fileName/EnemyPatrol.cs: cb3862bdca022c6895bfea2d333c4052 -> 
  custom:CustomObjectIndexerAttribute: 9a22284fe3817be447336de3de66b15e -> 
  custom:container-demuxer-webm: 4f35f7cbe854078d1ac9338744f61a02 -> 
  custom:container-muxer-webm: aa71ff27fc2769a1b78a27578f13a17b -> 
  custom:video-decoder-webm-vp8: 9c59270c3fd7afecdb556c50c9e8de78 -> 
  custom:SearchIndexIgnoredProperties: e643bd26f0fe6173181afceb89e7c659 -> 
  custom:AudioImporter_EditorPlatform: d09bf68614088b80899f8185d706f6e7 -> 
  custom:video-encoder-webm-vp8: eb34c28f22e8b96e1ab97ce403110664 -> 
  custom:audio-decoder-ogg-vorbis: bf7c407c2cedff20999df2af8eb42d56 -> 
  custom:audio-encoder-webm-vorbis: bf7c407c2cedff20999df2af8eb42d56 -> 
  custom:scripting/precompiled-assembly-types:Assembly-CSharp: 630d879788524dc0120466ca268ecc05 -> 73aa19288931f336944cebea50ea8521
========================================================================
Received Prepare
Caller must complete domain reload
Begin MonoManager ReloadAssembly
- Loaded All Assemblies, in  3.630 seconds
Native extension for WindowsStandalone target not found
Mono: successfully reloaded assembly
- Finished resetting the current domain, in 17.061 seconds
Domain Reload Profiling: 20693ms
	BeginReloadAssembly (420ms)
		ExecutionOrderSort (0ms)
		DisableScriptedObjects (25ms)
		BackupInstance (0ms)
		ReleaseScriptingObjects (0ms)
		CreateAndSetChildDomain (94ms)
	RebuildCommonClasses (120ms)
	RebuildNativeTypeToScriptingClass (26ms)
	initialDomainReloadingComplete (79ms)
	LoadAllAssembliesAndSetupDomain (2986ms)
		LoadAssemblies (3011ms)
		RebuildTransferFunctionScriptingTraits (0ms)
		AnalyzeDomain (180ms)
			TypeCache.Refresh (119ms)
				TypeCache.ScanAssembly (0ms)
			ScanForSourceGeneratedMonoScriptInfo (0ms)
			ResolveRequiredComponents (56ms)
	FinalizeReload (17062ms)
		ReleaseScriptCaches (0ms)
		RebuildScriptCaches (0ms)
		SetupLoadedEditorAssemblies (1064ms)
			LogAssemblyErrors (0ms)
			InitializePlatformSupportModulesInManaged (16ms)
			SetLoadedEditorAssemblies (10ms)
			RefreshPlugins (0ms)
			BeforeProcessingInitializeOnLoad (220ms)
			ProcessInitializeOnLoadAttributes (736ms)
			ProcessInitializeOnLoadMethodAttributes (66ms)
			AfterProcessingInitializeOnLoad (16ms)
			EditorAssembliesLoaded (1ms)
		ExecutionOrderSort2 (0ms)
		AwakeInstancesAfterBackupRestoration (31ms)
Refreshing native plugins compatible for Editor in 40.61 ms, found 4 plugins.
Preloading 0 native plugins for Editor in 0.00 ms.
Unloading 4172 Unused Serialized files (Serialized files now loaded: 0)
Unloading 25 unused Assets / (214.4 KB). Loaded Objects now: 4880.
Memory consumption went from 147.6 MB to 147.4 MB.
Total: 6.210600 ms (FindLiveObjects: 0.983200 ms CreateObjectMapping: 0.447000 ms MarkObjects: 4.443200 ms  DeleteObjects: 0.335400 ms)

Prepare: number of updated asset objects reloaded= 0
AssetImportParameters requested are different than current active one (requested -> active):
  custom:container-demuxer-ogg: 62fdf1f143b41e24485cea50d1cbac27 -> 
  custom:video-decoder-ogg-theora: a1e56fd34408186e4bbccfd4996cb3dc -> 
  custom:framework-win-MediaFoundation: 216162199b28c13a410421893ffa2e32 -> 
  custom:scripting/monoscript/fileName/EnemyPatrol.cs: cb3862bdca022c6895bfea2d333c4052 -> 
  custom:CustomObjectIndexerAttribute: 9a22284fe3817be447336de3de66b15e -> 
  custom:container-demuxer-webm: 4f35f7cbe854078d1ac9338744f61a02 -> 
  custom:container-muxer-webm: aa71ff27fc2769a1b78a27578f13a17b -> 
  custom:video-decoder-webm-vp8: 9c59270c3fd7afecdb556c50c9e8de78 -> 
  custom:SearchIndexIgnoredProperties: e643bd26f0fe6173181afceb89e7c659 -> 
  custom:AudioImporter_EditorPlatform: d09bf68614088b80899f8185d706f6e7 -> 
  custom:video-encoder-webm-vp8: eb34c28f22e8b96e1ab97ce403110664 -> 
  custom:audio-decoder-ogg-vorbis: bf7c407c2cedff20999df2af8eb42d56 -> 
  custom:audio-encoder-webm-vorbis: bf7c407c2cedff20999df2af8eb42d56 -> 
  custom:scripting/precompiled-assembly-types:Assembly-CSharp: 630d879788524dc0120466ca268ecc05 -> 73aa19288931f336944cebea50ea8521
========================================================================
Received Prepare
Caller must complete domain reload
Begin MonoManager ReloadAssembly
- Loaded All Assemblies, in  5.882 seconds
Native extension for WindowsStandalone target not found
Mono: successfully reloaded assembly
- Finished resetting the current domain, in 12.426 seconds
Domain Reload Profiling: 18299ms
	BeginReloadAssembly (395ms)
		ExecutionOrderSort (0ms)
		DisableScriptedObjects (26ms)
		BackupInstance (0ms)
		ReleaseScriptingObjects (0ms)
		CreateAndSetChildDomain (72ms)
	RebuildCommonClasses (129ms)
	RebuildNativeTypeToScriptingClass (26ms)
	initialDomainReloadingComplete (102ms)
	LoadAllAssembliesAndSetupDomain (5220ms)
		LoadAssemblies (5041ms)
		RebuildTransferFunctionScriptingTraits (0ms)
		AnalyzeDomain (259ms)
			TypeCache.Refresh (175ms)
				TypeCache.ScanAssembly (0ms)
			ScanForSourceGeneratedMonoScriptInfo (1ms)
			ResolveRequiredComponents (71ms)
	FinalizeReload (12427ms)
		ReleaseScriptCaches (0ms)
		RebuildScriptCaches (0ms)
		SetupLoadedEditorAssemblies (1553ms)
			LogAssemblyErrors (0ms)
			InitializePlatformSupportModulesInManaged (18ms)
			SetLoadedEditorAssemblies (14ms)
			RefreshPlugins (0ms)
			BeforeProcessingInitializeOnLoad (200ms)
			ProcessInitializeOnLoadAttributes (1225ms)
			ProcessInitializeOnLoadMethodAttributes (76ms)
			AfterProcessingInitializeOnLoad (19ms)
			EditorAssembliesLoaded (1ms)
		ExecutionOrderSort2 (0ms)
		AwakeInstancesAfterBackupRestoration (37ms)
Refreshing native plugins compatible for Editor in 21.68 ms, found 4 plugins.
Preloading 0 native plugins for Editor in 0.00 ms.
Unloading 4172 Unused Serialized files (Serialized files now loaded: 0)
Unloading 25 unused Assets / (214.5 KB). Loaded Objects now: 4885.
Memory consumption went from 147.7 MB to 147.4 MB.
Total: 7.798600 ms (FindLiveObjects: 0.984500 ms CreateObjectMapping: 0.953500 ms MarkObjects: 5.299900 ms  DeleteObjects: 0.558800 ms)

Prepare: number of updated asset objects reloaded= 0
AssetImportParameters requested are different than current active one (requested -> active):
  custom:container-demuxer-ogg: 62fdf1f143b41e24485cea50d1cbac27 -> 
  custom:video-decoder-ogg-theora: a1e56fd34408186e4bbccfd4996cb3dc -> 
  custom:framework-win-MediaFoundation: 216162199b28c13a410421893ffa2e32 -> 
  custom:scripting/monoscript/fileName/EnemyPatrol.cs: cb3862bdca022c6895bfea2d333c4052 -> 
  custom:CustomObjectIndexerAttribute: 9a22284fe3817be447336de3de66b15e -> 
  custom:container-demuxer-webm: 4f35f7cbe854078d1ac9338744f61a02 -> 
  custom:container-muxer-webm: aa71ff27fc2769a1b78a27578f13a17b -> 
  custom:video-decoder-webm-vp8: 9c59270c3fd7afecdb556c50c9e8de78 -> 
  custom:SearchIndexIgnoredProperties: e643bd26f0fe6173181afceb89e7c659 -> 
  custom:AudioImporter_EditorPlatform: d09bf68614088b80899f8185d706f6e7 -> 
  custom:video-encoder-webm-vp8: eb34c28f22e8b96e1ab97ce403110664 -> 
  custom:audio-decoder-ogg-vorbis: bf7c407c2cedff20999df2af8eb42d56 -> 
  custom:audio-encoder-webm-vorbis: bf7c407c2cedff20999df2af8eb42d56 -> 
  custom:scripting/precompiled-assembly-types:Assembly-CSharp: 630d879788524dc0120466ca268ecc05 -> 73aa19288931f336944cebea50ea8521
========================================================================
Received Prepare
Caller must complete domain reload
Begin MonoManager ReloadAssembly
- Loaded All Assemblies, in  2.666 seconds
Native extension for WindowsStandalone target not found
Mono: successfully reloaded assembly
- Finished resetting the current domain, in 14.665 seconds
Domain Reload Profiling: 17310ms
	BeginReloadAssembly (477ms)
		ExecutionOrderSort (0ms)
		DisableScriptedObjects (29ms)
		BackupInstance (0ms)
		ReleaseScriptingObjects (0ms)
		CreateAndSetChildDomain (132ms)
	RebuildCommonClasses (80ms)
	RebuildNativeTypeToScriptingClass (27ms)
	initialDomainReloadingComplete (119ms)
	LoadAllAssembliesAndSetupDomain (1942ms)
		LoadAssemblies (2021ms)
		RebuildTransferFunctionScriptingTraits (0ms)
		AnalyzeDomain (167ms)
			TypeCache.Refresh (64ms)
				TypeCache.ScanAssembly (0ms)
			ScanForSourceGeneratedMonoScriptInfo (1ms)
			ResolveRequiredComponents (89ms)
	FinalizeReload (14666ms)
		ReleaseScriptCaches (0ms)
		RebuildScriptCaches (0ms)
		SetupLoadedEditorAssemblies (1313ms)
			LogAssemblyErrors (0ms)
			InitializePlatformSupportModulesInManaged (19ms)
			SetLoadedEditorAssemblies (26ms)
			RefreshPlugins (0ms)
			BeforeProcessingInitializeOnLoad (218ms)
			ProcessInitializeOnLoadAttributes (966ms)
			ProcessInitializeOnLoadMethodAttributes (67ms)
			AfterProcessingInitializeOnLoad (16ms)
			EditorAssembliesLoaded (1ms)
		ExecutionOrderSort2 (0ms)
		AwakeInstancesAfterBackupRestoration (32ms)
Refreshing native plugins compatible for Editor in 16.04 ms, found 4 plugins.
Preloading 0 native plugins for Editor in 0.00 ms.
Unloading 4172 Unused Serialized files (Serialized files now loaded: 0)
Unloading 25 unused Assets / (214.4 KB). Loaded Objects now: 4890.
Memory consumption went from 147.7 MB to 147.4 MB.
Total: 7.392800 ms (FindLiveObjects: 0.656100 ms CreateObjectMapping: 0.440900 ms MarkObjects: 5.964000 ms  DeleteObjects: 0.329900 ms)

Prepare: number of updated asset objects reloaded= 0
AssetImportParameters requested are different than current active one (requested -> active):
  custom:container-demuxer-ogg: 62fdf1f143b41e24485cea50d1cbac27 -> 
  custom:video-decoder-ogg-theora: a1e56fd34408186e4bbccfd4996cb3dc -> 
  custom:framework-win-MediaFoundation: 216162199b28c13a410421893ffa2e32 -> 
  custom:scripting/monoscript/fileName/EnemyPatrol.cs: cb3862bdca022c6895bfea2d333c4052 -> 
  custom:CustomObjectIndexerAttribute: 9a22284fe3817be447336de3de66b15e -> 
  custom:container-demuxer-webm: 4f35f7cbe854078d1ac9338744f61a02 -> 
  custom:container-muxer-webm: aa71ff27fc2769a1b78a27578f13a17b -> 
  custom:video-decoder-webm-vp8: 9c59270c3fd7afecdb556c50c9e8de78 -> 
  custom:SearchIndexIgnoredProperties: e643bd26f0fe6173181afceb89e7c659 -> 
  custom:AudioImporter_EditorPlatform: d09bf68614088b80899f8185d706f6e7 -> 
  custom:video-encoder-webm-vp8: eb34c28f22e8b96e1ab97ce403110664 -> 
  custom:audio-decoder-ogg-vorbis: bf7c407c2cedff20999df2af8eb42d56 -> 
  custom:audio-encoder-webm-vorbis: bf7c407c2cedff20999df2af8eb42d56 -> 
  custom:scripting/precompiled-assembly-types:Assembly-CSharp: 630d879788524dc0120466ca268ecc05 -> 73aa19288931f336944cebea50ea8521
========================================================================
Received Prepare
Caller must complete domain reload
Begin MonoManager ReloadAssembly
- Loaded All Assemblies, in  4.237 seconds
Native extension for WindowsStandalone target not found
Mono: successfully reloaded assembly
- Finished resetting the current domain, in 13.062 seconds
Domain Reload Profiling: 17301ms
	BeginReloadAssembly (453ms)
		ExecutionOrderSort (0ms)
		DisableScriptedObjects (47ms)
		BackupInstance (0ms)
		ReleaseScriptingObjects (0ms)
		CreateAndSetChildDomain (90ms)
	RebuildCommonClasses (85ms)
	RebuildNativeTypeToScriptingClass (31ms)
	initialDomainReloadingComplete (98ms)
	LoadAllAssembliesAndSetupDomain (3570ms)
		LoadAssemblies (2135ms)
		RebuildTransferFunctionScriptingTraits (0ms)
		AnalyzeDomain (1675ms)
			TypeCache.Refresh (619ms)
				TypeCache.ScanAssembly (0ms)
			ScanForSourceGeneratedMonoScriptInfo (0ms)
			ResolveRequiredComponents (632ms)
	FinalizeReload (13063ms)
		ReleaseScriptCaches (0ms)
		RebuildScriptCaches (0ms)
		SetupLoadedEditorAssemblies (1273ms)
			LogAssemblyErrors (0ms)
			InitializePlatformSupportModulesInManaged (21ms)
			SetLoadedEditorAssemblies (15ms)
			RefreshPlugins (0ms)
			BeforeProcessingInitializeOnLoad (201ms)
			ProcessInitializeOnLoadAttributes (944ms)
			ProcessInitializeOnLoadMethodAttributes (76ms)
			AfterProcessingInitializeOnLoad (16ms)
			EditorAssembliesLoaded (1ms)
		ExecutionOrderSort2 (0ms)
		AwakeInstancesAfterBackupRestoration (32ms)
Refreshing native plugins compatible for Editor in 14.62 ms, found 4 plugins.
Preloading 0 native plugins for Editor in 0.00 ms.
Unloading 4172 Unused Serialized files (Serialized files now loaded: 0)
Unloading 25 unused Assets / (214.5 KB). Loaded Objects now: 4895.
Memory consumption went from 147.7 MB to 147.5 MB.
Total: 5.989800 ms (FindLiveObjects: 0.669500 ms CreateObjectMapping: 0.358700 ms MarkObjects: 4.546800 ms  DeleteObjects: 0.412700 ms)

Prepare: number of updated asset objects reloaded= 0
AssetImportParameters requested are different than current active one (requested -> active):
  custom:container-demuxer-ogg: 62fdf1f143b41e24485cea50d1cbac27 -> 
  custom:video-decoder-ogg-theora: a1e56fd34408186e4bbccfd4996cb3dc -> 
  custom:framework-win-MediaFoundation: 216162199b28c13a410421893ffa2e32 -> 
  custom:scripting/monoscript/fileName/EnemyPatrol.cs: cb3862bdca022c6895bfea2d333c4052 -> 
  custom:CustomObjectIndexerAttribute: 9a22284fe3817be447336de3de66b15e -> 
  custom:container-demuxer-webm: 4f35f7cbe854078d1ac9338744f61a02 -> 
  custom:container-muxer-webm: aa71ff27fc2769a1b78a27578f13a17b -> 
  custom:video-decoder-webm-vp8: 9c59270c3fd7afecdb556c50c9e8de78 -> 
  custom:SearchIndexIgnoredProperties: e643bd26f0fe6173181afceb89e7c659 -> 
  custom:AudioImporter_EditorPlatform: d09bf68614088b80899f8185d706f6e7 -> 
  custom:video-encoder-webm-vp8: eb34c28f22e8b96e1ab97ce403110664 -> 
  custom:audio-decoder-ogg-vorbis: bf7c407c2cedff20999df2af8eb42d56 -> 
  custom:audio-encoder-webm-vorbis: bf7c407c2cedff20999df2af8eb42d56 -> 
  custom:scripting/precompiled-assembly-types:Assembly-CSharp: 630d879788524dc0120466ca268ecc05 -> 73aa19288931f336944cebea50ea8521
========================================================================
Received Prepare
Caller must complete domain reload
Begin MonoManager ReloadAssembly
- Loaded All Assemblies, in  3.597 seconds
Native extension for WindowsStandalone target not found
Mono: successfully reloaded assembly
- Finished resetting the current domain, in  3.915 seconds
Domain Reload Profiling: 7495ms
	BeginReloadAssembly (575ms)
		ExecutionOrderSort (0ms)
		DisableScriptedObjects (28ms)
		BackupInstance (0ms)
		ReleaseScriptingObjects (0ms)
		CreateAndSetChildDomain (133ms)
	RebuildCommonClasses (98ms)
	RebuildNativeTypeToScriptingClass (26ms)
	initialDomainReloadingComplete (1920ms)
	LoadAllAssembliesAndSetupDomain (959ms)
		LoadAssemblies (1127ms)
		RebuildTransferFunctionScriptingTraits (0ms)
		AnalyzeDomain (179ms)
			TypeCache.Refresh (35ms)
				TypeCache.ScanAssembly (2ms)
			ScanForSourceGeneratedMonoScriptInfo (62ms)
			ResolveRequiredComponents (80ms)
	FinalizeReload (3916ms)
		ReleaseScriptCaches (0ms)
		RebuildScriptCaches (0ms)
		SetupLoadedEditorAssemblies (1111ms)
			LogAssemblyErrors (0ms)
			InitializePlatformSupportModulesInManaged (16ms)
			SetLoadedEditorAssemblies (11ms)
			RefreshPlugins (0ms)
			BeforeProcessingInitializeOnLoad (235ms)
			ProcessInitializeOnLoadAttributes (766ms)
			ProcessInitializeOnLoadMethodAttributes (64ms)
			AfterProcessingInitializeOnLoad (19ms)
			EditorAssembliesLoaded (0ms)
		ExecutionOrderSort2 (0ms)
		AwakeInstancesAfterBackupRestoration (34ms)
Refreshing native plugins compatible for Editor in 18.57 ms, found 4 plugins.
Preloading 0 native plugins for Editor in 0.00 ms.
Unloading 4172 Unused Serialized files (Serialized files now loaded: 0)
Unloading 25 unused Assets / (214.5 KB). Loaded Objects now: 4900.
Memory consumption went from 147.7 MB to 147.5 MB.
Total: 259.560400 ms (FindLiveObjects: 0.728700 ms CreateObjectMapping: 251.755400 ms MarkObjects: 6.731900 ms  DeleteObjects: 0.342500 ms)

Prepare: number of updated asset objects reloaded= 0
AssetImportParameters requested are different than current active one (requested -> active):
  custom:container-demuxer-ogg: 62fdf1f143b41e24485cea50d1cbac27 -> 
  custom:video-decoder-ogg-theora: a1e56fd34408186e4bbccfd4996cb3dc -> 
  custom:framework-win-MediaFoundation: 216162199b28c13a410421893ffa2e32 -> 
  custom:scripting/monoscript/fileName/EnemyPatrol.cs: cb3862bdca022c6895bfea2d333c4052 -> 
  custom:CustomObjectIndexerAttribute: 9a22284fe3817be447336de3de66b15e -> 
  custom:container-demuxer-webm: 4f35f7cbe854078d1ac9338744f61a02 -> 
  custom:container-muxer-webm: aa71ff27fc2769a1b78a27578f13a17b -> 
  custom:video-decoder-webm-vp8: 9c59270c3fd7afecdb556c50c9e8de78 -> 
  custom:SearchIndexIgnoredProperties: e643bd26f0fe6173181afceb89e7c659 -> 
  custom:AudioImporter_EditorPlatform: d09bf68614088b80899f8185d706f6e7 -> 
  custom:video-encoder-webm-vp8: eb34c28f22e8b96e1ab97ce403110664 -> 
  custom:audio-decoder-ogg-vorbis: bf7c407c2cedff20999df2af8eb42d56 -> 
  custom:audio-encoder-webm-vorbis: bf7c407c2cedff20999df2af8eb42d56 -> 
  custom:scripting/precompiled-assembly-types:Assembly-CSharp: 630d879788524dc0120466ca268ecc05 -> 73aa19288931f336944cebea50ea8521
========================================================================
Received Prepare
Caller must complete domain reload
Begin MonoManager ReloadAssembly
- Loaded All Assemblies, in 11.803 seconds
Native extension for WindowsStandalone target not found
Mono: successfully reloaded assembly
- Finished resetting the current domain, in  5.524 seconds
Domain Reload Profiling: 17321ms
	BeginReloadAssembly (1237ms)
		ExecutionOrderSort (0ms)
		DisableScriptedObjects (25ms)
		BackupInstance (0ms)
		ReleaseScriptingObjects (0ms)
		CreateAndSetChildDomain (82ms)
	RebuildCommonClasses (179ms)
	RebuildNativeTypeToScriptingClass (30ms)
	initialDomainReloadingComplete (95ms)
	LoadAllAssembliesAndSetupDomain (10255ms)
		LoadAssemblies (8077ms)
		RebuildTransferFunctionScriptingTraits (0ms)
		AnalyzeDomain (3180ms)
			TypeCache.Refresh (205ms)
				TypeCache.ScanAssembly (0ms)
			ScanForSourceGeneratedMonoScriptInfo (1ms)
			ResolveRequiredComponents (2926ms)
	FinalizeReload (5525ms)
		ReleaseScriptCaches (0ms)
		RebuildScriptCaches (0ms)
		SetupLoadedEditorAssemblies (1058ms)
			LogAssemblyErrors (0ms)
			InitializePlatformSupportModulesInManaged (13ms)
			SetLoadedEditorAssemblies (10ms)
			RefreshPlugins (0ms)
			BeforeProcessingInitializeOnLoad (161ms)
			ProcessInitializeOnLoadAttributes (780ms)
			ProcessInitializeOnLoadMethodAttributes (74ms)
			AfterProcessingInitializeOnLoad (20ms)
			EditorAssembliesLoaded (1ms)
		ExecutionOrderSort2 (0ms)
		AwakeInstancesAfterBackupRestoration (30ms)
Refreshing native plugins compatible for Editor in 1002.69 ms, found 4 plugins.
Preloading 0 native plugins for Editor in 0.00 ms.
Unloading 4172 Unused Serialized files (Serialized files now loaded: 0)
Unloading 25 unused Assets / (214.6 KB). Loaded Objects now: 4905.
Memory consumption went from 147.7 MB to 147.5 MB.
Total: 1907.534400 ms (FindLiveObjects: 4.972100 ms CreateObjectMapping: 5.995200 ms MarkObjects: 1896.171700 ms  DeleteObjects: 0.392900 ms)

Prepare: number of updated asset objects reloaded= 0
AssetImportParameters requested are different than current active one (requested -> active):
  custom:container-demuxer-ogg: 62fdf1f143b41e24485cea50d1cbac27 -> 
  custom:video-decoder-ogg-theora: a1e56fd34408186e4bbccfd4996cb3dc -> 
  custom:framework-win-MediaFoundation: 216162199b28c13a410421893ffa2e32 -> 
  custom:scripting/monoscript/fileName/EnemyPatrol.cs: cb3862bdca022c6895bfea2d333c4052 -> 
  custom:CustomObjectIndexerAttribute: 9a22284fe3817be447336de3de66b15e -> 
  custom:container-demuxer-webm: 4f35f7cbe854078d1ac9338744f61a02 -> 
  custom:container-muxer-webm: aa71ff27fc2769a1b78a27578f13a17b -> 
  custom:video-decoder-webm-vp8: 9c59270c3fd7afecdb556c50c9e8de78 -> 
  custom:SearchIndexIgnoredProperties: e643bd26f0fe6173181afceb89e7c659 -> 
  custom:AudioImporter_EditorPlatform: d09bf68614088b80899f8185d706f6e7 -> 
  custom:video-encoder-webm-vp8: eb34c28f22e8b96e1ab97ce403110664 -> 
  custom:audio-decoder-ogg-vorbis: bf7c407c2cedff20999df2af8eb42d56 -> 
  custom:audio-encoder-webm-vorbis: bf7c407c2cedff20999df2af8eb42d56 -> 
  custom:scripting/precompiled-assembly-types:Assembly-CSharp: 630d879788524dc0120466ca268ecc05 -> 73aa19288931f336944cebea50ea8521
========================================================================
Received Prepare
Caller must complete domain reload
Begin MonoManager ReloadAssembly
- Loaded All Assemblies, in  5.968 seconds
Native extension for WindowsStandalone target not found
Mono: successfully reloaded assembly
- Finished resetting the current domain, in 21.307 seconds
Domain Reload Profiling: 27227ms
	BeginReloadAssembly (1865ms)
		ExecutionOrderSort (0ms)
		DisableScriptedObjects (94ms)
		BackupInstance (0ms)
		ReleaseScriptingObjects (0ms)
		CreateAndSetChildDomain (402ms)
	RebuildCommonClasses (401ms)
	RebuildNativeTypeToScriptingClass (106ms)
	initialDomainReloadingComplete (436ms)
	LoadAllAssembliesAndSetupDomain (3110ms)
		LoadAssemblies (4102ms)
		RebuildTransferFunctionScriptingTraits (0ms)
		AnalyzeDomain (125ms)
			TypeCache.Refresh (39ms)
				TypeCache.ScanAssembly (0ms)
			ScanForSourceGeneratedMonoScriptInfo (14ms)
			ResolveRequiredComponents (68ms)
	FinalizeReload (21309ms)
		ReleaseScriptCaches (0ms)
		RebuildScriptCaches (0ms)
		SetupLoadedEditorAssemblies (2147ms)
			LogAssemblyErrors (0ms)
			InitializePlatformSupportModulesInManaged (27ms)
			SetLoadedEditorAssemblies (15ms)
			RefreshPlugins (0ms)
			BeforeProcessingInitializeOnLoad (251ms)
			ProcessInitializeOnLoadAttributes (1671ms)
			ProcessInitializeOnLoadMethodAttributes (158ms)
			AfterProcessingInitializeOnLoad (23ms)
			EditorAssembliesLoaded (1ms)
		ExecutionOrderSort2 (0ms)
		AwakeInstancesAfterBackupRestoration (42ms)
Refreshing native plugins compatible for Editor in 17.17 ms, found 4 plugins.
Preloading 0 native plugins for Editor in 0.00 ms.
Unloading 4172 Unused Serialized files (Serialized files now loaded: 0)
Unloading 25 unused Assets / (214.5 KB). Loaded Objects now: 4910.
Memory consumption went from 147.7 MB to 147.5 MB.
Total: 6.412200 ms (FindLiveObjects: 0.689700 ms CreateObjectMapping: 0.396000 ms MarkObjects: 4.978200 ms  DeleteObjects: 0.346600 ms)

Prepare: number of updated asset objects reloaded= 0
AssetImportParameters requested are different than current active one (requested -> active):
  custom:container-demuxer-ogg: 62fdf1f143b41e24485cea50d1cbac27 -> 
  custom:video-decoder-ogg-theora: a1e56fd34408186e4bbccfd4996cb3dc -> 
  custom:framework-win-MediaFoundation: 216162199b28c13a410421893ffa2e32 -> 
  custom:scripting/monoscript/fileName/EnemyPatrol.cs: cb3862bdca022c6895bfea2d333c4052 -> 
  custom:CustomObjectIndexerAttribute: 9a22284fe3817be447336de3de66b15e -> 
  custom:container-demuxer-webm: 4f35f7cbe854078d1ac9338744f61a02 -> 
  custom:container-muxer-webm: aa71ff27fc2769a1b78a27578f13a17b -> 
  custom:video-decoder-webm-vp8: 9c59270c3fd7afecdb556c50c9e8de78 -> 
  custom:SearchIndexIgnoredProperties: e643bd26f0fe6173181afceb89e7c659 -> 
  custom:AudioImporter_EditorPlatform: d09bf68614088b80899f8185d706f6e7 -> 
  custom:video-encoder-webm-vp8: eb34c28f22e8b96e1ab97ce403110664 -> 
  custom:audio-decoder-ogg-vorbis: bf7c407c2cedff20999df2af8eb42d56 -> 
  custom:audio-encoder-webm-vorbis: bf7c407c2cedff20999df2af8eb42d56 -> 
  custom:scripting/precompiled-assembly-types:Assembly-CSharp: 630d879788524dc0120466ca268ecc05 -> 73aa19288931f336944cebea50ea8521
========================================================================
Received Import Request.
  Time since last request: 6995.095839 seconds.
  path: Assets/Gambar/Jump
  artifactKey: Guid(ee7615d757bbfe04a9c8a75bcbaeb090) Importer(815301076,1909f56bfc062723c751e8b465ee728b)
Start importing Assets/Gambar/Jump using Guid(ee7615d757bbfe04a9c8a75bcbaeb090) Importer(815301076,1909f56bfc062723c751e8b465ee728b) [PhysX] Initialized MultithreadedTaskDispatcher with 2 workers.
 -> (artifact id: 'aacf61bbfd1a65c7545a1d9e10867eb9') in 0.029725 seconds
Number of updated asset objects reloaded before import = 0
Number of asset objects unloaded after import = 0
========================================================================
Received Import Request.
  Time since last request: 64.190879 seconds.
  path: Assets/Gambar/Idle-Sheet.png
  artifactKey: Guid(5ff725fc8f8ce134b8cc2d1047f6b959) Importer(815301076,1909f56bfc062723c751e8b465ee728b)
Start importing Assets/Gambar/Idle-Sheet.png using Guid(5ff725fc8f8ce134b8cc2d1047f6b959) Importer(815301076,1909f56bfc062723c751e8b465ee728b) [PhysX] Initialized MultithreadedTaskDispatcher with 2 workers.
[PhysX] Initialized MultithreadedTaskDispatcher with 2 workers.
 -> (artifact id: '66c7cab488f5a1598436183c844a7284') in 4.202602 seconds
Number of updated asset objects reloaded before import = 0
Number of asset objects unloaded after import = 3
========================================================================
Received Import Request.
  Time since last request: 0.000471 seconds.
  path: Assets/Gambar/walk-Sheet_0.controller
  artifactKey: Guid(02fd7b1181e5c344184079f59d0629a2) Importer(815301076,1909f56bfc062723c751e8b465ee728b)
Start importing Assets/Gambar/walk-Sheet_0.controller using Guid(02fd7b1181e5c344184079f59d0629a2) Importer(815301076,1909f56bfc062723c751e8b465ee728b) [PhysX] Initialized MultithreadedTaskDispatcher with 2 workers.
 -> (artifact id: '60a94b8d8572db81fc855dab0e4dfd32') in 0.084024 seconds
Number of updated asset objects reloaded before import = 0
Number of asset objects unloaded after import = 1
========================================================================
Received Import Request.
  Time since last request: 11.066774 seconds.
  path: Assets/Gambar/Idle.gif
  artifactKey: Guid(708f48c3b2cfe2c4a89dd6301ddb19ed) Importer(815301076,1909f56bfc062723c751e8b465ee728b)
Start importing Assets/Gambar/Idle.gif using Guid(708f48c3b2cfe2c4a89dd6301ddb19ed) Importer(815301076,1909f56bfc062723c751e8b465ee728b) [PhysX] Initialized MultithreadedTaskDispatcher with 2 workers.
[PhysX] Initialized MultithreadedTaskDispatcher with 2 workers.
 -> (artifact id: '7673e1bf52ca1a40b3de925bf45bd126') in 2.422344 seconds
Number of updated asset objects reloaded before import = 0
Number of asset objects unloaded after import = 3
========================================================================
Received Prepare
Caller must complete domain reload
Begin MonoManager ReloadAssembly
- Loaded All Assemblies, in  9.117 seconds
Native extension for WindowsStandalone target not found
Mono: successfully reloaded assembly
- Finished resetting the current domain, in 47.873 seconds
Domain Reload Profiling: 56970ms
	BeginReloadAssembly (1732ms)
		ExecutionOrderSort (0ms)
		DisableScriptedObjects (62ms)
		BackupInstance (0ms)
		ReleaseScriptingObjects (1ms)
		CreateAndSetChildDomain (661ms)
	RebuildCommonClasses (630ms)
	RebuildNativeTypeToScriptingClass (31ms)
	initialDomainReloadingComplete (168ms)
	LoadAllAssembliesAndSetupDomain (6535ms)
		LoadAssemblies (7363ms)
		RebuildTransferFunctionScriptingTraits (0ms)
		AnalyzeDomain (57ms)
			TypeCache.Refresh (15ms)
				TypeCache.ScanAssembly (0ms)
			ScanForSourceGeneratedMonoScriptInfo (0ms)
			ResolveRequiredComponents (40ms)
	FinalizeReload (47874ms)
		ReleaseScriptCaches (0ms)
		RebuildScriptCaches (0ms)
		SetupLoadedEditorAssemblies (1790ms)
			LogAssemblyErrors (0ms)
			InitializePlatformSupportModulesInManaged (22ms)
			SetLoadedEditorAssemblies (14ms)
			RefreshPlugins (0ms)
			BeforeProcessingInitializeOnLoad (388ms)
			ProcessInitializeOnLoadAttributes (1247ms)
			ProcessInitializeOnLoadMethodAttributes (97ms)
			AfterProcessingInitializeOnLoad (20ms)
			EditorAssembliesLoaded (1ms)
		ExecutionOrderSort2 (0ms)
		AwakeInstancesAfterBackupRestoration (46ms)
Refreshing native plugins compatible for Editor in 23.36 ms, found 4 plugins.
Preloading 0 native plugins for Editor in 0.00 ms.
Unloading 4171 Unused Serialized files (Serialized files now loaded: 0)
Unloading 25 unused Assets / (214.5 KB). Loaded Objects now: 4919.
Memory consumption went from 147.4 MB to 147.2 MB.
Total: 21.904400 ms (FindLiveObjects: 7.879800 ms CreateObjectMapping: 1.005000 ms MarkObjects: 12.524700 ms  DeleteObjects: 0.491100 ms)

Prepare: number of updated asset objects reloaded= 0
AssetImportParameters requested are different than current active one (requested -> active):
  custom:container-demuxer-ogg: 62fdf1f143b41e24485cea50d1cbac27 -> 
  custom:video-decoder-ogg-theora: a1e56fd34408186e4bbccfd4996cb3dc -> 
  custom:framework-win-MediaFoundation: 216162199b28c13a410421893ffa2e32 -> 
  custom:scripting/monoscript/fileName/EnemyPatrol.cs: cb3862bdca022c6895bfea2d333c4052 -> 
  custom:CustomObjectIndexerAttribute: 9a22284fe3817be447336de3de66b15e -> 
  custom:container-demuxer-webm: 4f35f7cbe854078d1ac9338744f61a02 -> 
  custom:container-muxer-webm: aa71ff27fc2769a1b78a27578f13a17b -> 
  custom:video-decoder-webm-vp8: 9c59270c3fd7afecdb556c50c9e8de78 -> 
  custom:SearchIndexIgnoredProperties: e643bd26f0fe6173181afceb89e7c659 -> 
  custom:AudioImporter_EditorPlatform: d09bf68614088b80899f8185d706f6e7 -> 
  custom:video-encoder-webm-vp8: eb34c28f22e8b96e1ab97ce403110664 -> 
  custom:audio-decoder-ogg-vorbis: bf7c407c2cedff20999df2af8eb42d56 -> 
  custom:audio-encoder-webm-vorbis: bf7c407c2cedff20999df2af8eb42d56 -> 
  custom:scripting/precompiled-assembly-types:Assembly-CSharp: 630d879788524dc0120466ca268ecc05 -> 73aa19288931f336944cebea50ea8521
========================================================================
Received Prepare
Caller must complete domain reload
Begin MonoManager ReloadAssembly
- Loaded All Assemblies, in 30.149 seconds
Native extension for WindowsStandalone target not found
Mono: successfully reloaded assembly
- Finished resetting the current domain, in  8.375 seconds
Domain Reload Profiling: 38504ms
	BeginReloadAssembly (619ms)
		ExecutionOrderSort (0ms)
		DisableScriptedObjects (28ms)
		BackupInstance (0ms)
		ReleaseScriptingObjects (0ms)
		CreateAndSetChildDomain (151ms)
	RebuildCommonClasses (498ms)
	RebuildNativeTypeToScriptingClass (975ms)
	initialDomainReloadingComplete (25728ms)
	LoadAllAssembliesAndSetupDomain (2309ms)
		LoadAssemblies (2639ms)
		RebuildTransferFunctionScriptingTraits (0ms)
		AnalyzeDomain (54ms)
			TypeCache.Refresh (19ms)
				TypeCache.ScanAssembly (0ms)
			ScanForSourceGeneratedMonoScriptInfo (1ms)
			ResolveRequiredComponents (29ms)
	FinalizeReload (8376ms)
		ReleaseScriptCaches (0ms)
		RebuildScriptCaches (0ms)
		SetupLoadedEditorAssemblies (1213ms)
			LogAssemblyErrors (0ms)
			InitializePlatformSupportModulesInManaged (41ms)
			SetLoadedEditorAssemblies (12ms)
			RefreshPlugins (0ms)
			BeforeProcessingInitializeOnLoad (210ms)
			ProcessInitializeOnLoadAttributes (856ms)
			ProcessInitializeOnLoadMethodAttributes (73ms)
			AfterProcessingInitializeOnLoad (19ms)
			EditorAssembliesLoaded (1ms)
		ExecutionOrderSort2 (0ms)
		AwakeInstancesAfterBackupRestoration (34ms)
Refreshing native plugins compatible for Editor in 17.36 ms, found 4 plugins.
Preloading 0 native plugins for Editor in 0.00 ms.
Unloading 4172 Unused Serialized files (Serialized files now loaded: 0)
Unloading 25 unused Assets / (214.5 KB). Loaded Objects now: 4924.
Memory consumption went from 147.7 MB to 147.5 MB.
Total: 6.642200 ms (FindLiveObjects: 0.798800 ms CreateObjectMapping: 0.466200 ms MarkObjects: 4.974500 ms  DeleteObjects: 0.400300 ms)

Prepare: number of updated asset objects reloaded= 0
AssetImportParameters requested are different than current active one (requested -> active):
  custom:container-demuxer-ogg: 62fdf1f143b41e24485cea50d1cbac27 -> 
  custom:video-decoder-ogg-theora: a1e56fd34408186e4bbccfd4996cb3dc -> 
  custom:framework-win-MediaFoundation: 216162199b28c13a410421893ffa2e32 -> 
  custom:scripting/monoscript/fileName/EnemyPatrol.cs: cb3862bdca022c6895bfea2d333c4052 -> 
  custom:CustomObjectIndexerAttribute: 9a22284fe3817be447336de3de66b15e -> 
  custom:container-demuxer-webm: 4f35f7cbe854078d1ac9338744f61a02 -> 
  custom:container-muxer-webm: aa71ff27fc2769a1b78a27578f13a17b -> 
  custom:video-decoder-webm-vp8: 9c59270c3fd7afecdb556c50c9e8de78 -> 
  custom:SearchIndexIgnoredProperties: e643bd26f0fe6173181afceb89e7c659 -> 
  custom:AudioImporter_EditorPlatform: d09bf68614088b80899f8185d706f6e7 -> 
  custom:video-encoder-webm-vp8: eb34c28f22e8b96e1ab97ce403110664 -> 
  custom:audio-decoder-ogg-vorbis: bf7c407c2cedff20999df2af8eb42d56 -> 
  custom:audio-encoder-webm-vorbis: bf7c407c2cedff20999df2af8eb42d56 -> 
  custom:scripting/precompiled-assembly-types:Assembly-CSharp: 630d879788524dc0120466ca268ecc05 -> 73aa19288931f336944cebea50ea8521
========================================================================
Received Import Request.
  Time since last request: 1025.482344 seconds.
  path: Assets/Scrpts/PlayerHealt.cs
  artifactKey: Guid(eeda862f0f08ca54b8c4798001d06435) Importer(815301076,1909f56bfc062723c751e8b465ee728b)
Start importing Assets/Scrpts/PlayerHealt.cs using Guid(eeda862f0f08ca54b8c4798001d06435) Importer(815301076,1909f56bfc062723c751e8b465ee728b) [PhysX] Initialized MultithreadedTaskDispatcher with 2 workers.
 -> (artifact id: 'fad4d3997fcb918828cd0b40cc5bb4e6') in 0.018797 seconds
Number of updated asset objects reloaded before import = 0
Number of asset objects unloaded after import = 0
========================================================================
Received Prepare
Caller must complete domain reload
Begin MonoManager ReloadAssembly
- Loaded All Assemblies, in  4.219 seconds
Native extension for WindowsStandalone target not found
Mono: successfully reloaded assembly
- Finished resetting the current domain, in  6.354 seconds
Domain Reload Profiling: 10543ms
	BeginReloadAssembly (2130ms)
		ExecutionOrderSort (0ms)
		DisableScriptedObjects (42ms)
		BackupInstance (0ms)
		ReleaseScriptingObjects (0ms)
		CreateAndSetChildDomain (79ms)
	RebuildCommonClasses (307ms)
	RebuildNativeTypeToScriptingClass (94ms)
	initialDomainReloadingComplete (305ms)
	LoadAllAssembliesAndSetupDomain (1351ms)
		LoadAssemblies (3192ms)
		RebuildTransferFunctionScriptingTraits (0ms)
		AnalyzeDomain (56ms)
			TypeCache.Refresh (19ms)
				TypeCache.ScanAssembly (2ms)
			ScanForSourceGeneratedMonoScriptInfo (23ms)
			ResolveRequiredComponents (12ms)
	FinalizeReload (6357ms)
		ReleaseScriptCaches (0ms)
		RebuildScriptCaches (0ms)
		SetupLoadedEditorAssemblies (3731ms)
			LogAssemblyErrors (0ms)
			InitializePlatformSupportModulesInManaged (45ms)
			SetLoadedEditorAssemblies (31ms)
			RefreshPlugins (0ms)
			BeforeProcessingInitializeOnLoad (709ms)
			ProcessInitializeOnLoadAttributes (2568ms)
			ProcessInitializeOnLoadMethodAttributes (258ms)
			AfterProcessingInitializeOnLoad (118ms)
			EditorAssembliesLoaded (2ms)
		ExecutionOrderSort2 (0ms)
		AwakeInstancesAfterBackupRestoration (171ms)
Refreshing native plugins compatible for Editor in 119.36 ms, found 4 plugins.
Preloading 0 native plugins for Editor in 0.00 ms.
Unloading 4172 Unused Serialized files (Serialized files now loaded: 0)
Unloading 25 unused Assets / (214.7 KB). Loaded Objects now: 4930.
Memory consumption went from 147.5 MB to 147.3 MB.
Total: 26.520900 ms (FindLiveObjects: 4.751700 ms CreateObjectMapping: 3.215400 ms MarkObjects: 18.049300 ms  DeleteObjects: 0.501800 ms)

Prepare: number of updated asset objects reloaded= 0
AssetImportParameters requested are different than current active one (requested -> active):
  custom:scripting/monoscript/fileName/PlayerHealt.cs: 1b436e11a4ba253093f816810ae8ea0c -> 
  custom:container-demuxer-ogg: 62fdf1f143b41e24485cea50d1cbac27 -> 
  custom:video-decoder-ogg-theora: a1e56fd34408186e4bbccfd4996cb3dc -> 
  custom:framework-win-MediaFoundation: 216162199b28c13a410421893ffa2e32 -> 
  custom:scripting/monoscript/fileName/EnemyPatrol.cs: cb3862bdca022c6895bfea2d333c4052 -> 
  custom:CustomObjectIndexerAttribute: 9a22284fe3817be447336de3de66b15e -> 
  custom:container-demuxer-webm: 4f35f7cbe854078d1ac9338744f61a02 -> 
  custom:container-muxer-webm: aa71ff27fc2769a1b78a27578f13a17b -> 
  custom:video-decoder-webm-vp8: 9c59270c3fd7afecdb556c50c9e8de78 -> 
  custom:SearchIndexIgnoredProperties: e643bd26f0fe6173181afceb89e7c659 -> 
  custom:AudioImporter_EditorPlatform: d09bf68614088b80899f8185d706f6e7 -> 
  custom:video-encoder-webm-vp8: eb34c28f22e8b96e1ab97ce403110664 -> 
  custom:audio-decoder-ogg-vorbis: bf7c407c2cedff20999df2af8eb42d56 -> 
  custom:audio-encoder-webm-vorbis: bf7c407c2cedff20999df2af8eb42d56 -> 
  custom:scripting/precompiled-assembly-types:Assembly-CSharp: 896be47decd24f2b66a2212b6d9b3cd7 -> 73aa19288931f336944cebea50ea8521
========================================================================
Received Prepare
Caller must complete domain reload
Begin MonoManager ReloadAssembly
- Loaded All Assemblies, in 10.871 seconds
Native extension for WindowsStandalone target not found
Mono: successfully reloaded assembly
- Finished resetting the current domain, in  9.845 seconds
Domain Reload Profiling: 20677ms
	BeginReloadAssembly (2285ms)
		ExecutionOrderSort (0ms)
		DisableScriptedObjects (98ms)
		BackupInstance (0ms)
		ReleaseScriptingObjects (0ms)
		CreateAndSetChildDomain (191ms)
	RebuildCommonClasses (361ms)
	RebuildNativeTypeToScriptingClass (476ms)
	initialDomainReloadingComplete (1189ms)
	LoadAllAssembliesAndSetupDomain (6521ms)
		LoadAssemblies (8171ms)
		RebuildTransferFunctionScriptingTraits (0ms)
		AnalyzeDomain (179ms)
			TypeCache.Refresh (47ms)
				TypeCache.ScanAssembly (5ms)
			ScanForSourceGeneratedMonoScriptInfo (77ms)
			ResolveRequiredComponents (51ms)
	FinalizeReload (9846ms)
		ReleaseScriptCaches (0ms)
		RebuildScriptCaches (0ms)
		SetupLoadedEditorAssemblies (3297ms)
			LogAssemblyErrors (0ms)
			InitializePlatformSupportModulesInManaged (14ms)
			SetLoadedEditorAssemblies (9ms)
			RefreshPlugins (0ms)
			BeforeProcessingInitializeOnLoad (593ms)
			ProcessInitializeOnLoadAttributes (2202ms)
			ProcessInitializeOnLoadMethodAttributes (284ms)
			AfterProcessingInitializeOnLoad (195ms)
			EditorAssembliesLoaded (1ms)
		ExecutionOrderSort2 (0ms)
		AwakeInstancesAfterBackupRestoration (65ms)
Script is not up to date after domain reload: guid(eeda862f0f08ca54b8c4798001d06435) path("Assets/Scrpts/PlayerHealth.cs") state(2)
Refreshing native plugins compatible for Editor in 144.02 ms, found 4 plugins.
Preloading 0 native plugins for Editor in 0.00 ms.
Unloading 4172 Unused Serialized files (Serialized files now loaded: 0)
Unloading 25 unused Assets / (214.6 KB). Loaded Objects now: 4934.
Memory consumption went from 147.7 MB to 147.5 MB.
Total: 14.239200 ms (FindLiveObjects: 1.571700 ms CreateObjectMapping: 0.811800 ms MarkObjects: 11.454800 ms  DeleteObjects: 0.398100 ms)

Prepare: number of updated asset objects reloaded= 0
AssetImportParameters requested are different than current active one (requested -> active):
  custom:scripting/monoscript/fileName/PlayerHealt.cs: 1b436e11a4ba253093f816810ae8ea0c -> 
  custom:container-demuxer-ogg: 62fdf1f143b41e24485cea50d1cbac27 -> 
  custom:video-decoder-ogg-theora: a1e56fd34408186e4bbccfd4996cb3dc -> 
  custom:framework-win-MediaFoundation: 216162199b28c13a410421893ffa2e32 -> 
  custom:scripting/monoscript/fileName/EnemyPatrol.cs: cb3862bdca022c6895bfea2d333c4052 -> 
  custom:CustomObjectIndexerAttribute: 9a22284fe3817be447336de3de66b15e -> 
  custom:container-demuxer-webm: 4f35f7cbe854078d1ac9338744f61a02 -> 
  custom:container-muxer-webm: aa71ff27fc2769a1b78a27578f13a17b -> 
  custom:video-decoder-webm-vp8: 9c59270c3fd7afecdb556c50c9e8de78 -> 
  custom:SearchIndexIgnoredProperties: e643bd26f0fe6173181afceb89e7c659 -> 
  custom:AudioImporter_EditorPlatform: d09bf68614088b80899f8185d706f6e7 -> 
  custom:scripting/monoscript/fileName/PlayerHealth.cs: 1b436e11a4ba253093f816810ae8ea0c -> 
  custom:video-encoder-webm-vp8: eb34c28f22e8b96e1ab97ce403110664 -> 
  custom:audio-decoder-ogg-vorbis: bf7c407c2cedff20999df2af8eb42d56 -> 
  custom:audio-encoder-webm-vorbis: bf7c407c2cedff20999df2af8eb42d56 -> 
  custom:scripting/precompiled-assembly-types:Assembly-CSharp: 3208a1ddb932293c1171c4cae9da8113 -> 73aa19288931f336944cebea50ea8521
========================================================================
Received Prepare
Caller must complete domain reload
Begin MonoManager ReloadAssembly
- Loaded All Assemblies, in  5.039 seconds
Native extension for WindowsStandalone target not found
Mono: successfully reloaded assembly
- Finished resetting the current domain, in  7.572 seconds
Domain Reload Profiling: 12599ms
	BeginReloadAssembly (3368ms)
		ExecutionOrderSort (0ms)
		DisableScriptedObjects (38ms)
		BackupInstance (0ms)
		ReleaseScriptingObjects (0ms)
		CreateAndSetChildDomain (89ms)
	RebuildCommonClasses (119ms)
	RebuildNativeTypeToScriptingClass (34ms)
	initialDomainReloadingComplete (199ms)
	LoadAllAssembliesAndSetupDomain (1305ms)
		LoadAssemblies (4390ms)
		RebuildTransferFunctionScriptingTraits (0ms)
		AnalyzeDomain (79ms)
			TypeCache.Refresh (24ms)
				TypeCache.ScanAssembly (2ms)
			ScanForSourceGeneratedMonoScriptInfo (32ms)
			ResolveRequiredComponents (22ms)
	FinalizeReload (7574ms)
		ReleaseScriptCaches (0ms)
		RebuildScriptCaches (0ms)
		SetupLoadedEditorAssemblies (2041ms)
			LogAssemblyErrors (0ms)
			InitializePlatformSupportModulesInManaged (15ms)
			SetLoadedEditorAssemblies (11ms)
			RefreshPlugins (0ms)
			BeforeProcessingInitializeOnLoad (199ms)
			ProcessInitializeOnLoadAttributes (1673ms)
			ProcessInitializeOnLoadMethodAttributes (105ms)
			AfterProcessingInitializeOnLoad (38ms)
			EditorAssembliesLoaded (1ms)
		ExecutionOrderSort2 (0ms)
		AwakeInstancesAfterBackupRestoration (80ms)
Refreshing native plugins compatible for Editor in 87.04 ms, found 4 plugins.
Preloading 0 native plugins for Editor in 0.00 ms.
Unloading 4173 Unused Serialized files (Serialized files now loaded: 0)
Unloading 25 unused Assets / (214.4 KB). Loaded Objects now: 4940.
Memory consumption went from 147.7 MB to 147.5 MB.
Total: 23.775800 ms (FindLiveObjects: 1.988400 ms CreateObjectMapping: 4.371100 ms MarkObjects: 16.943100 ms  DeleteObjects: 0.471100 ms)

Prepare: number of updated asset objects reloaded= 0
AssetImportParameters requested are different than current active one (requested -> active):
  custom:scripting/monoscript/fileName/PlayerHealt.cs: 1b436e11a4ba253093f816810ae8ea0c -> 
  custom:container-demuxer-ogg: 62fdf1f143b41e24485cea50d1cbac27 -> 
  custom:video-decoder-ogg-theora: a1e56fd34408186e4bbccfd4996cb3dc -> 
  custom:framework-win-MediaFoundation: 216162199b28c13a410421893ffa2e32 -> 
  custom:scripting/monoscript/fileName/EnemyPatrol.cs: cb3862bdca022c6895bfea2d333c4052 -> 
  custom:CustomObjectIndexerAttribute: 9a22284fe3817be447336de3de66b15e -> 
  custom:container-demuxer-webm: 4f35f7cbe854078d1ac9338744f61a02 -> 
  custom:container-muxer-webm: aa71ff27fc2769a1b78a27578f13a17b -> 
  custom:video-decoder-webm-vp8: 9c59270c3fd7afecdb556c50c9e8de78 -> 
  custom:SearchIndexIgnoredProperties: e643bd26f0fe6173181afceb89e7c659 -> 
  custom:AudioImporter_EditorPlatform: d09bf68614088b80899f8185d706f6e7 -> 
  custom:scripting/monoscript/fileName/PlayerHealth.cs: 49f415306e52895faa0b0a35d62e54a1 -> 
  custom:video-encoder-webm-vp8: eb34c28f22e8b96e1ab97ce403110664 -> 
  custom:audio-decoder-ogg-vorbis: bf7c407c2cedff20999df2af8eb42d56 -> 
  custom:audio-encoder-webm-vorbis: bf7c407c2cedff20999df2af8eb42d56 -> 
  custom:scripting/precompiled-assembly-types:Assembly-CSharp: f2eed11ec28172e98e7fdfd476287cb1 -> 73aa19288931f336944cebea50ea8521
========================================================================
Received Import Request.
  Time since last request: 147.911053 seconds.
  path: Assets/Scrpts/PlayerHealth.cs
  artifactKey: Guid(eeda862f0f08ca54b8c4798001d06435) Importer(815301076,1909f56bfc062723c751e8b465ee728b)
Start importing Assets/Scrpts/PlayerHealth.cs using Guid(eeda862f0f08ca54b8c4798001d06435) Importer(815301076,1909f56bfc062723c751e8b465ee728b) [PhysX] Initialized MultithreadedTaskDispatcher with 2 workers.
 -> (artifact id: 'ef909f1663fb4e10884a6776e878f298') in 0.021987 seconds
Number of updated asset objects reloaded before import = 0
Number of asset objects unloaded after import = 0
========================================================================
Received Prepare
Caller must complete domain reload
Begin MonoManager ReloadAssembly
- Loaded All Assemblies, in  8.774 seconds
Native extension for WindowsStandalone target not found
Mono: successfully reloaded assembly
- Finished resetting the current domain, in 14.113 seconds
Domain Reload Profiling: 22827ms
	BeginReloadAssembly (2053ms)
		ExecutionOrderSort (0ms)
		DisableScriptedObjects (30ms)
		BackupInstance (0ms)
		ReleaseScriptingObjects (0ms)
		CreateAndSetChildDomain (71ms)
	RebuildCommonClasses (413ms)
	RebuildNativeTypeToScriptingClass (89ms)
	initialDomainReloadingComplete (472ms)
	LoadAllAssembliesAndSetupDomain (5680ms)
		LoadAssemblies (7149ms)
		RebuildTransferFunctionScriptingTraits (0ms)
		AnalyzeDomain (429ms)
			TypeCache.Refresh (11ms)
				TypeCache.ScanAssembly (0ms)
			ScanForSourceGeneratedMonoScriptInfo (0ms)
			ResolveRequiredComponents (405ms)
	FinalizeReload (14121ms)
		ReleaseScriptCaches (0ms)
		RebuildScriptCaches (0ms)
		SetupLoadedEditorAssemblies (5047ms)
			LogAssemblyErrors (0ms)
			InitializePlatformSupportModulesInManaged (143ms)
			SetLoadedEditorAssemblies (38ms)
			RefreshPlugins (0ms)
			BeforeProcessingInitializeOnLoad (758ms)
			ProcessInitializeOnLoadAttributes (3596ms)
			ProcessInitializeOnLoadMethodAttributes (425ms)
			AfterProcessingInitializeOnLoad (82ms)
			EditorAssembliesLoaded (5ms)
		ExecutionOrderSort2 (3ms)
		AwakeInstancesAfterBackupRestoration (207ms)
Refreshing native plugins compatible for Editor in 20.26 ms, found 4 plugins.
Preloading 0 native plugins for Editor in 0.00 ms.
Unloading 4172 Unused Serialized files (Serialized files now loaded: 0)
Unloading 25 unused Assets / (214.5 KB). Loaded Objects now: 4945.
Memory consumption went from 147.5 MB to 147.3 MB.
Total: 7.808600 ms (FindLiveObjects: 0.674700 ms CreateObjectMapping: 0.388300 ms MarkObjects: 6.389300 ms  DeleteObjects: 0.354600 ms)

Prepare: number of updated asset objects reloaded= 0
AssetImportParameters requested are different than current active one (requested -> active):
  custom:scripting/monoscript/fileName/PlayerHealt.cs: 1b436e11a4ba253093f816810ae8ea0c -> 
  custom:container-demuxer-ogg: 62fdf1f143b41e24485cea50d1cbac27 -> 
  custom:video-decoder-ogg-theora: a1e56fd34408186e4bbccfd4996cb3dc -> 
  custom:framework-win-MediaFoundation: 216162199b28c13a410421893ffa2e32 -> 
  custom:scripting/monoscript/fileName/EnemyPatrol.cs: cb3862bdca022c6895bfea2d333c4052 -> 
  custom:CustomObjectIndexerAttribute: 9a22284fe3817be447336de3de66b15e -> 
  custom:container-demuxer-webm: 4f35f7cbe854078d1ac9338744f61a02 -> 
  custom:container-muxer-webm: aa71ff27fc2769a1b78a27578f13a17b -> 
  custom:video-decoder-webm-vp8: 9c59270c3fd7afecdb556c50c9e8de78 -> 
  custom:SearchIndexIgnoredProperties: e643bd26f0fe6173181afceb89e7c659 -> 
  custom:AudioImporter_EditorPlatform: d09bf68614088b80899f8185d706f6e7 -> 
  custom:scripting/monoscript/fileName/PlayerHealth.cs: 49f415306e52895faa0b0a35d62e54a1 -> 
  custom:video-encoder-webm-vp8: eb34c28f22e8b96e1ab97ce403110664 -> 
  custom:audio-decoder-ogg-vorbis: bf7c407c2cedff20999df2af8eb42d56 -> 
  custom:audio-encoder-webm-vorbis: bf7c407c2cedff20999df2af8eb42d56 -> 
  custom:scripting/precompiled-assembly-types:Assembly-CSharp: f2eed11ec28172e98e7fdfd476287cb1 -> 73aa19288931f336944cebea50ea8521
========================================================================
Received Prepare
Caller must complete domain reload
Begin MonoManager ReloadAssembly
- Loaded All Assemblies, in  7.413 seconds
Native extension for WindowsStandalone target not found
Mono: successfully reloaded assembly
- Finished resetting the current domain, in 13.568 seconds
Domain Reload Profiling: 20974ms
	BeginReloadAssembly (417ms)
		ExecutionOrderSort (0ms)
		DisableScriptedObjects (65ms)
		BackupInstance (0ms)
		ReleaseScriptingObjects (0ms)
		CreateAndSetChildDomain (76ms)
	RebuildCommonClasses (86ms)
	RebuildNativeTypeToScriptingClass (67ms)
	initialDomainReloadingComplete (83ms)
	LoadAllAssembliesAndSetupDomain (6750ms)
		LoadAssemblies (6945ms)
		RebuildTransferFunctionScriptingTraits (0ms)
		AnalyzeDomain (29ms)
			TypeCache.Refresh (13ms)
				TypeCache.ScanAssembly (0ms)
			ScanForSourceGeneratedMonoScriptInfo (0ms)
			ResolveRequiredComponents (14ms)
	FinalizeReload (13570ms)
		ReleaseScriptCaches (0ms)
		RebuildScriptCaches (0ms)
		SetupLoadedEditorAssemblies (4613ms)
			LogAssemblyErrors (0ms)
			InitializePlatformSupportModulesInManaged (17ms)
			SetLoadedEditorAssemblies (10ms)
			RefreshPlugins (0ms)
			BeforeProcessingInitializeOnLoad (427ms)
			ProcessInitializeOnLoadAttributes (3612ms)
			ProcessInitializeOnLoadMethodAttributes (443ms)
			AfterProcessingInitializeOnLoad (104ms)
			EditorAssembliesLoaded (1ms)
		ExecutionOrderSort2 (0ms)
		AwakeInstancesAfterBackupRestoration (214ms)
Refreshing native plugins compatible for Editor in 27.92 ms, found 4 plugins.
Preloading 0 native plugins for Editor in 0.00 ms.
Unloading 4173 Unused Serialized files (Serialized files now loaded: 0)
Unloading 25 unused Assets / (214.6 KB). Loaded Objects now: 4950.
Memory consumption went from 147.7 MB to 147.5 MB.
Total: 18.378100 ms (FindLiveObjects: 3.793500 ms CreateObjectMapping: 2.726500 ms MarkObjects: 11.476300 ms  DeleteObjects: 0.378500 ms)

Prepare: number of updated asset objects reloaded= 0
AssetImportParameters requested are different than current active one (requested -> active):
  custom:scripting/monoscript/fileName/PlayerHealt.cs: 1b436e11a4ba253093f816810ae8ea0c -> 
  custom:container-demuxer-ogg: 62fdf1f143b41e24485cea50d1cbac27 -> 
  custom:video-decoder-ogg-theora: a1e56fd34408186e4bbccfd4996cb3dc -> 
  custom:framework-win-MediaFoundation: 216162199b28c13a410421893ffa2e32 -> 
  custom:scripting/monoscript/fileName/EnemyPatrol.cs: cb3862bdca022c6895bfea2d333c4052 -> 
  custom:CustomObjectIndexerAttribute: 9a22284fe3817be447336de3de66b15e -> 
  custom:container-demuxer-webm: 4f35f7cbe854078d1ac9338744f61a02 -> 
  custom:container-muxer-webm: aa71ff27fc2769a1b78a27578f13a17b -> 
  custom:video-decoder-webm-vp8: 9c59270c3fd7afecdb556c50c9e8de78 -> 
  custom:SearchIndexIgnoredProperties: e643bd26f0fe6173181afceb89e7c659 -> 
  custom:AudioImporter_EditorPlatform: d09bf68614088b80899f8185d706f6e7 -> 
  custom:scripting/monoscript/fileName/PlayerHealth.cs: 49f415306e52895faa0b0a35d62e54a1 -> 
  custom:video-encoder-webm-vp8: eb34c28f22e8b96e1ab97ce403110664 -> 
  custom:audio-decoder-ogg-vorbis: bf7c407c2cedff20999df2af8eb42d56 -> 
  custom:audio-encoder-webm-vorbis: bf7c407c2cedff20999df2af8eb42d56 -> 
  custom:scripting/precompiled-assembly-types:Assembly-CSharp: f2eed11ec28172e98e7fdfd476287cb1 -> 73aa19288931f336944cebea50ea8521
========================================================================
Received Prepare
Caller must complete domain reload
Begin MonoManager ReloadAssembly
- Loaded All Assemblies, in  9.245 seconds
Native extension for WindowsStandalone target not found
Mono: successfully reloaded assembly
- Finished resetting the current domain, in 22.257 seconds
Domain Reload Profiling: 31428ms
	BeginReloadAssembly (456ms)
		ExecutionOrderSort (0ms)
		DisableScriptedObjects (32ms)
		BackupInstance (0ms)
		ReleaseScriptingObjects (1ms)
		CreateAndSetChildDomain (77ms)
	RebuildCommonClasses (88ms)
	RebuildNativeTypeToScriptingClass (25ms)
	initialDomainReloadingComplete (3068ms)
	LoadAllAssembliesAndSetupDomain (5532ms)
		LoadAssemblies (5666ms)
		RebuildTransferFunctionScriptingTraits (0ms)
		AnalyzeDomain (119ms)
			TypeCache.Refresh (62ms)
				TypeCache.ScanAssembly (0ms)
			ScanForSourceGeneratedMonoScriptInfo (0ms)
			ResolveRequiredComponents (53ms)
	FinalizeReload (22258ms)
		ReleaseScriptCaches (0ms)
		RebuildScriptCaches (0ms)
		SetupLoadedEditorAssemblies (9550ms)
			LogAssemblyErrors (0ms)
			InitializePlatformSupportModulesInManaged (74ms)
			SetLoadedEditorAssemblies (43ms)
			RefreshPlugins (0ms)
			BeforeProcessingInitializeOnLoad (8542ms)
			ProcessInitializeOnLoadAttributes (810ms)
			ProcessInitializeOnLoadMethodAttributes (65ms)
			AfterProcessingInitializeOnLoad (15ms)
			EditorAssembliesLoaded (1ms)
		ExecutionOrderSort2 (0ms)
		AwakeInstancesAfterBackupRestoration (27ms)
Refreshing native plugins compatible for Editor in 14.69 ms, found 4 plugins.
Preloading 0 native plugins for Editor in 0.00 ms.
Unloading 4173 Unused Serialized files (Serialized files now loaded: 0)
Unloading 25 unused Assets / (214.8 KB). Loaded Objects now: 4955.
Memory consumption went from 147.7 MB to 147.5 MB.
Total: 6.563200 ms (FindLiveObjects: 0.698800 ms CreateObjectMapping: 0.369200 ms MarkObjects: 5.150900 ms  DeleteObjects: 0.342400 ms)

Prepare: number of updated asset objects reloaded= 0
AssetImportParameters requested are different than current active one (requested -> active):
  custom:scripting/monoscript/fileName/PlayerHealt.cs: 1b436e11a4ba253093f816810ae8ea0c -> 
  custom:container-demuxer-ogg: 62fdf1f143b41e24485cea50d1cbac27 -> 
  custom:video-decoder-ogg-theora: a1e56fd34408186e4bbccfd4996cb3dc -> 
  custom:framework-win-MediaFoundation: 216162199b28c13a410421893ffa2e32 -> 
  custom:scripting/monoscript/fileName/EnemyPatrol.cs: cb3862bdca022c6895bfea2d333c4052 -> 
  custom:CustomObjectIndexerAttribute: 9a22284fe3817be447336de3de66b15e -> 
  custom:container-demuxer-webm: 4f35f7cbe854078d1ac9338744f61a02 -> 
  custom:container-muxer-webm: aa71ff27fc2769a1b78a27578f13a17b -> 
  custom:video-decoder-webm-vp8: 9c59270c3fd7afecdb556c50c9e8de78 -> 
  custom:SearchIndexIgnoredProperties: e643bd26f0fe6173181afceb89e7c659 -> 
  custom:AudioImporter_EditorPlatform: d09bf68614088b80899f8185d706f6e7 -> 
  custom:scripting/monoscript/fileName/PlayerHealth.cs: 49f415306e52895faa0b0a35d62e54a1 -> 
  custom:video-encoder-webm-vp8: eb34c28f22e8b96e1ab97ce403110664 -> 
  custom:audio-decoder-ogg-vorbis: bf7c407c2cedff20999df2af8eb42d56 -> 
  custom:audio-encoder-webm-vorbis: bf7c407c2cedff20999df2af8eb42d56 -> 
  custom:scripting/precompiled-assembly-types:Assembly-CSharp: f2eed11ec28172e98e7fdfd476287cb1 -> 73aa19288931f336944cebea50ea8521
========================================================================
Received Prepare
Caller must complete domain reload
Begin MonoManager ReloadAssembly
- Loaded All Assemblies, in  4.664 seconds
Native extension for WindowsStandalone target not found
Mono: successfully reloaded assembly
- Finished resetting the current domain, in 14.062 seconds
Domain Reload Profiling: 18719ms
	BeginReloadAssembly (471ms)
		ExecutionOrderSort (0ms)
		DisableScriptedObjects (25ms)
		BackupInstance (0ms)
		ReleaseScriptingObjects (0ms)
		CreateAndSetChildDomain (88ms)
	RebuildCommonClasses (75ms)
	RebuildNativeTypeToScriptingClass (28ms)
	initialDomainReloadingComplete (134ms)
	LoadAllAssembliesAndSetupDomain (3945ms)
		LoadAssemblies (4178ms)
		RebuildTransferFunctionScriptingTraits (0ms)
		AnalyzeDomain (27ms)
			TypeCache.Refresh (11ms)
				TypeCache.ScanAssembly (0ms)
			ScanForSourceGeneratedMonoScriptInfo (0ms)
			ResolveRequiredComponents (13ms)
	FinalizeReload (14065ms)
		ReleaseScriptCaches (0ms)
		RebuildScriptCaches (0ms)
		SetupLoadedEditorAssemblies (5678ms)
			LogAssemblyErrors (0ms)
			InitializePlatformSupportModulesInManaged (15ms)
			SetLoadedEditorAssemblies (10ms)
			RefreshPlugins (0ms)
			BeforeProcessingInitializeOnLoad (173ms)
			ProcessInitializeOnLoadAttributes (4968ms)
			ProcessInitializeOnLoadMethodAttributes (432ms)
			AfterProcessingInitializeOnLoad (79ms)
			EditorAssembliesLoaded (1ms)
		ExecutionOrderSort2 (0ms)
		AwakeInstancesAfterBackupRestoration (153ms)
Refreshing native plugins compatible for Editor in 18.10 ms, found 4 plugins.
Preloading 0 native plugins for Editor in 0.00 ms.
Unloading 4173 Unused Serialized files (Serialized files now loaded: 0)
Unloading 25 unused Assets / (214.5 KB). Loaded Objects now: 4960.
Memory consumption went from 147.8 MB to 147.5 MB.
Total: 6.208400 ms (FindLiveObjects: 0.716600 ms CreateObjectMapping: 0.480900 ms MarkObjects: 4.651900 ms  DeleteObjects: 0.357100 ms)

Prepare: number of updated asset objects reloaded= 0
AssetImportParameters requested are different than current active one (requested -> active):
  custom:scripting/monoscript/fileName/PlayerHealt.cs: 1b436e11a4ba253093f816810ae8ea0c -> 
  custom:container-demuxer-ogg: 62fdf1f143b41e24485cea50d1cbac27 -> 
  custom:video-decoder-ogg-theora: a1e56fd34408186e4bbccfd4996cb3dc -> 
  custom:framework-win-MediaFoundation: 216162199b28c13a410421893ffa2e32 -> 
  custom:scripting/monoscript/fileName/EnemyPatrol.cs: cb3862bdca022c6895bfea2d333c4052 -> 
  custom:CustomObjectIndexerAttribute: 9a22284fe3817be447336de3de66b15e -> 
  custom:container-demuxer-webm: 4f35f7cbe854078d1ac9338744f61a02 -> 
  custom:container-muxer-webm: aa71ff27fc2769a1b78a27578f13a17b -> 
  custom:video-decoder-webm-vp8: 9c59270c3fd7afecdb556c50c9e8de78 -> 
  custom:SearchIndexIgnoredProperties: e643bd26f0fe6173181afceb89e7c659 -> 
  custom:AudioImporter_EditorPlatform: d09bf68614088b80899f8185d706f6e7 -> 
  custom:scripting/monoscript/fileName/PlayerHealth.cs: 49f415306e52895faa0b0a35d62e54a1 -> 
  custom:video-encoder-webm-vp8: eb34c28f22e8b96e1ab97ce403110664 -> 
  custom:audio-decoder-ogg-vorbis: bf7c407c2cedff20999df2af8eb42d56 -> 
  custom:audio-encoder-webm-vorbis: bf7c407c2cedff20999df2af8eb42d56 -> 
  custom:scripting/precompiled-assembly-types:Assembly-CSharp: f2eed11ec28172e98e7fdfd476287cb1 -> 73aa19288931f336944cebea50ea8521
========================================================================
Received Prepare
Caller must complete domain reload
Begin MonoManager ReloadAssembly
- Loaded All Assemblies, in  7.817 seconds
Native extension for WindowsStandalone target not found
Mono: successfully reloaded assembly
- Finished resetting the current domain, in 20.296 seconds
Domain Reload Profiling: 28104ms
	BeginReloadAssembly (463ms)
		ExecutionOrderSort (0ms)
		DisableScriptedObjects (30ms)
		BackupInstance (0ms)
		ReleaseScriptingObjects (0ms)
		CreateAndSetChildDomain (83ms)
	RebuildCommonClasses (96ms)
	RebuildNativeTypeToScriptingClass (45ms)
	initialDomainReloadingComplete (80ms)
	LoadAllAssembliesAndSetupDomain (7124ms)
		LoadAssemblies (7049ms)
		RebuildTransferFunctionScriptingTraits (0ms)
		AnalyzeDomain (369ms)
			TypeCache.Refresh (157ms)
				TypeCache.ScanAssembly (0ms)
			ScanForSourceGeneratedMonoScriptInfo (2ms)
			ResolveRequiredComponents (92ms)
	FinalizeReload (20298ms)
		ReleaseScriptCaches (0ms)
		RebuildScriptCaches (0ms)
		SetupLoadedEditorAssemblies (909ms)
			LogAssemblyErrors (0ms)
			InitializePlatformSupportModulesInManaged (15ms)
			SetLoadedEditorAssemblies (10ms)
			RefreshPlugins (0ms)
			BeforeProcessingInitializeOnLoad (153ms)
			ProcessInitializeOnLoadAttributes (652ms)
			ProcessInitializeOnLoadMethodAttributes (62ms)
			AfterProcessingInitializeOnLoad (15ms)
			EditorAssembliesLoaded (1ms)
		ExecutionOrderSort2 (0ms)
		AwakeInstancesAfterBackupRestoration (29ms)
Refreshing native plugins compatible for Editor in 21.41 ms, found 4 plugins.
Preloading 0 native plugins for Editor in 0.00 ms.
Unloading 4173 Unused Serialized files (Serialized files now loaded: 0)
Unloading 25 unused Assets / (214.6 KB). Loaded Objects now: 4965.
Memory consumption went from 147.8 MB to 147.6 MB.
Total: 7.241300 ms (FindLiveObjects: 0.857600 ms CreateObjectMapping: 0.497600 ms MarkObjects: 5.547600 ms  DeleteObjects: 0.336600 ms)

Prepare: number of updated asset objects reloaded= 0
AssetImportParameters requested are different than current active one (requested -> active):
  custom:scripting/monoscript/fileName/PlayerHealt.cs: 1b436e11a4ba253093f816810ae8ea0c -> 
  custom:container-demuxer-ogg: 62fdf1f143b41e24485cea50d1cbac27 -> 
  custom:video-decoder-ogg-theora: a1e56fd34408186e4bbccfd4996cb3dc -> 
  custom:framework-win-MediaFoundation: 216162199b28c13a410421893ffa2e32 -> 
  custom:scripting/monoscript/fileName/EnemyPatrol.cs: cb3862bdca022c6895bfea2d333c4052 -> 
  custom:CustomObjectIndexerAttribute: 9a22284fe3817be447336de3de66b15e -> 
  custom:container-demuxer-webm: 4f35f7cbe854078d1ac9338744f61a02 -> 
  custom:container-muxer-webm: aa71ff27fc2769a1b78a27578f13a17b -> 
  custom:video-decoder-webm-vp8: 9c59270c3fd7afecdb556c50c9e8de78 -> 
  custom:SearchIndexIgnoredProperties: e643bd26f0fe6173181afceb89e7c659 -> 
  custom:AudioImporter_EditorPlatform: d09bf68614088b80899f8185d706f6e7 -> 
  custom:scripting/monoscript/fileName/PlayerHealth.cs: 49f415306e52895faa0b0a35d62e54a1 -> 
  custom:video-encoder-webm-vp8: eb34c28f22e8b96e1ab97ce403110664 -> 
  custom:audio-decoder-ogg-vorbis: bf7c407c2cedff20999df2af8eb42d56 -> 
  custom:audio-encoder-webm-vorbis: bf7c407c2cedff20999df2af8eb42d56 -> 
  custom:scripting/precompiled-assembly-types:Assembly-CSharp: f2eed11ec28172e98e7fdfd476287cb1 -> 73aa19288931f336944cebea50ea8521
========================================================================
Received Prepare
Caller must complete domain reload
Begin MonoManager ReloadAssembly
- Loaded All Assemblies, in  5.392 seconds
Native extension for WindowsStandalone target not found
Mono: successfully reloaded assembly
- Finished resetting the current domain, in  8.052 seconds
Domain Reload Profiling: 13449ms
	BeginReloadAssembly (470ms)
		ExecutionOrderSort (0ms)
		DisableScriptedObjects (25ms)
		BackupInstance (0ms)
		ReleaseScriptingObjects (0ms)
		CreateAndSetChildDomain (75ms)
	RebuildCommonClasses (87ms)
	RebuildNativeTypeToScriptingClass (31ms)
	initialDomainReloadingComplete (90ms)
	LoadAllAssembliesAndSetupDomain (4718ms)
		LoadAssemblies (4813ms)
		RebuildTransferFunctionScriptingTraits (0ms)
		AnalyzeDomain (171ms)
			TypeCache.Refresh (52ms)
				TypeCache.ScanAssembly (0ms)
			ScanForSourceGeneratedMonoScriptInfo (1ms)
			ResolveRequiredComponents (103ms)
	FinalizeReload (8053ms)
		ReleaseScriptCaches (0ms)
		RebuildScriptCaches (0ms)
		SetupLoadedEditorAssemblies (974ms)
			LogAssemblyErrors (0ms)
			InitializePlatformSupportModulesInManaged (13ms)
			SetLoadedEditorAssemblies (9ms)
			RefreshPlugins (0ms)
			BeforeProcessingInitializeOnLoad (189ms)
			ProcessInitializeOnLoadAttributes (685ms)
			ProcessInitializeOnLoadMethodAttributes (63ms)
			AfterProcessingInitializeOnLoad (15ms)
			EditorAssembliesLoaded (1ms)
		ExecutionOrderSort2 (0ms)
		AwakeInstancesAfterBackupRestoration (28ms)
Refreshing native plugins compatible for Editor in 14.68 ms, found 4 plugins.
Preloading 0 native plugins for Editor in 0.00 ms.
Unloading 4173 Unused Serialized files (Serialized files now loaded: 0)
Unloading 25 unused Assets / (214.6 KB). Loaded Objects now: 4970.
Memory consumption went from 147.8 MB to 147.6 MB.
Total: 6.039000 ms (FindLiveObjects: 0.742500 ms CreateObjectMapping: 0.375300 ms MarkObjects: 4.514600 ms  DeleteObjects: 0.404400 ms)

Prepare: number of updated asset objects reloaded= 0
AssetImportParameters requested are different than current active one (requested -> active):
  custom:scripting/monoscript/fileName/PlayerHealt.cs: 1b436e11a4ba253093f816810ae8ea0c -> 
  custom:container-demuxer-ogg: 62fdf1f143b41e24485cea50d1cbac27 -> 
  custom:video-decoder-ogg-theora: a1e56fd34408186e4bbccfd4996cb3dc -> 
  custom:framework-win-MediaFoundation: 216162199b28c13a410421893ffa2e32 -> 
  custom:scripting/monoscript/fileName/EnemyPatrol.cs: cb3862bdca022c6895bfea2d333c4052 -> 
  custom:CustomObjectIndexerAttribute: 9a22284fe3817be447336de3de66b15e -> 
  custom:container-demuxer-webm: 4f35f7cbe854078d1ac9338744f61a02 -> 
  custom:container-muxer-webm: aa71ff27fc2769a1b78a27578f13a17b -> 
  custom:video-decoder-webm-vp8: 9c59270c3fd7afecdb556c50c9e8de78 -> 
  custom:SearchIndexIgnoredProperties: e643bd26f0fe6173181afceb89e7c659 -> 
  custom:AudioImporter_EditorPlatform: d09bf68614088b80899f8185d706f6e7 -> 
  custom:scripting/monoscript/fileName/PlayerHealth.cs: 49f415306e52895faa0b0a35d62e54a1 -> 
  custom:video-encoder-webm-vp8: eb34c28f22e8b96e1ab97ce403110664 -> 
  custom:audio-decoder-ogg-vorbis: bf7c407c2cedff20999df2af8eb42d56 -> 
  custom:audio-encoder-webm-vorbis: bf7c407c2cedff20999df2af8eb42d56 -> 
  custom:scripting/precompiled-assembly-types:Assembly-CSharp: f2eed11ec28172e98e7fdfd476287cb1 -> 73aa19288931f336944cebea50ea8521
========================================================================
Received Prepare
Caller must complete domain reload
Begin MonoManager ReloadAssembly
- Loaded All Assemblies, in 11.304 seconds
Native extension for WindowsStandalone target not found
Mono: successfully reloaded assembly
- Finished resetting the current domain, in  3.663 seconds
Domain Reload Profiling: 14949ms
	BeginReloadAssembly (9726ms)
		ExecutionOrderSort (0ms)
		DisableScriptedObjects (34ms)
		BackupInstance (0ms)
		ReleaseScriptingObjects (0ms)
		CreateAndSetChildDomain (77ms)
	RebuildCommonClasses (141ms)
	RebuildNativeTypeToScriptingClass (44ms)
	initialDomainReloadingComplete (217ms)
	LoadAllAssembliesAndSetupDomain (1159ms)
		LoadAssemblies (10675ms)
		RebuildTransferFunctionScriptingTraits (0ms)
		AnalyzeDomain (33ms)
			TypeCache.Refresh (13ms)
				TypeCache.ScanAssembly (0ms)
			ScanForSourceGeneratedMonoScriptInfo (1ms)
			ResolveRequiredComponents (16ms)
	FinalizeReload (3664ms)
		ReleaseScriptCaches (0ms)
		RebuildScriptCaches (0ms)
		SetupLoadedEditorAssemblies (1021ms)
			LogAssemblyErrors (0ms)
			InitializePlatformSupportModulesInManaged (15ms)
			SetLoadedEditorAssemblies (10ms)
			RefreshPlugins (0ms)
			BeforeProcessingInitializeOnLoad (157ms)
			ProcessInitializeOnLoadAttributes (735ms)
			ProcessInitializeOnLoadMethodAttributes (88ms)
			AfterProcessingInitializeOnLoad (16ms)
			EditorAssembliesLoaded (1ms)
		ExecutionOrderSort2 (0ms)
		AwakeInstancesAfterBackupRestoration (35ms)
Refreshing native plugins compatible for Editor in 21.20 ms, found 4 plugins.
Preloading 0 native plugins for Editor in 0.00 ms.
Unloading 4173 Unused Serialized files (Serialized files now loaded: 0)
Unloading 25 unused Assets / (214.9 KB). Loaded Objects now: 4975.
Memory consumption went from 147.8 MB to 147.6 MB.
Total: 14.552500 ms (FindLiveObjects: 0.713600 ms CreateObjectMapping: 0.420100 ms MarkObjects: 12.043000 ms  DeleteObjects: 1.373200 ms)

Prepare: number of updated asset objects reloaded= 0
AssetImportParameters requested are different than current active one (requested -> active):
  custom:scripting/monoscript/fileName/PlayerHealt.cs: 1b436e11a4ba253093f816810ae8ea0c -> 
  custom:container-demuxer-ogg: 62fdf1f143b41e24485cea50d1cbac27 -> 
  custom:video-decoder-ogg-theora: a1e56fd34408186e4bbccfd4996cb3dc -> 
  custom:framework-win-MediaFoundation: 216162199b28c13a410421893ffa2e32 -> 
  custom:scripting/monoscript/fileName/EnemyPatrol.cs: cb3862bdca022c6895bfea2d333c4052 -> 
  custom:CustomObjectIndexerAttribute: 9a22284fe3817be447336de3de66b15e -> 
  custom:container-demuxer-webm: 4f35f7cbe854078d1ac9338744f61a02 -> 
  custom:container-muxer-webm: aa71ff27fc2769a1b78a27578f13a17b -> 
  custom:video-decoder-webm-vp8: 9c59270c3fd7afecdb556c50c9e8de78 -> 
  custom:SearchIndexIgnoredProperties: e643bd26f0fe6173181afceb89e7c659 -> 
  custom:AudioImporter_EditorPlatform: d09bf68614088b80899f8185d706f6e7 -> 
  custom:scripting/monoscript/fileName/PlayerHealth.cs: 49f415306e52895faa0b0a35d62e54a1 -> 
  custom:video-encoder-webm-vp8: eb34c28f22e8b96e1ab97ce403110664 -> 
  custom:audio-decoder-ogg-vorbis: bf7c407c2cedff20999df2af8eb42d56 -> 
  custom:audio-encoder-webm-vorbis: bf7c407c2cedff20999df2af8eb42d56 -> 
  custom:scripting/precompiled-assembly-types:Assembly-CSharp: f2eed11ec28172e98e7fdfd476287cb1 -> 73aa19288931f336944cebea50ea8521
========================================================================
Received Prepare
Caller must complete domain reload
Begin MonoManager ReloadAssembly
- Loaded All Assemblies, in  7.748 seconds
Native extension for WindowsStandalone target not found
Mono: successfully reloaded assembly
- Finished resetting the current domain, in  3.814 seconds
Domain Reload Profiling: 11554ms
	BeginReloadAssembly (1059ms)
		ExecutionOrderSort (0ms)
		DisableScriptedObjects (25ms)
		BackupInstance (0ms)
		ReleaseScriptingObjects (0ms)
		CreateAndSetChildDomain (80ms)
	RebuildCommonClasses (84ms)
	RebuildNativeTypeToScriptingClass (25ms)
	initialDomainReloadingComplete (122ms)
	LoadAllAssembliesAndSetupDomain (6448ms)
		LoadAssemblies (7320ms)
		RebuildTransferFunctionScriptingTraits (0ms)
		AnalyzeDomain (28ms)
			TypeCache.Refresh (11ms)
				TypeCache.ScanAssembly (0ms)
			ScanForSourceGeneratedMonoScriptInfo (0ms)
			ResolveRequiredComponents (13ms)
	FinalizeReload (3816ms)
		ReleaseScriptCaches (0ms)
		RebuildScriptCaches (0ms)
		SetupLoadedEditorAssemblies (1024ms)
			LogAssemblyErrors (0ms)
			InitializePlatformSupportModulesInManaged (19ms)
			SetLoadedEditorAssemblies (13ms)
			RefreshPlugins (0ms)
			BeforeProcessingInitializeOnLoad (178ms)
			ProcessInitializeOnLoadAttributes (682ms)
			ProcessInitializeOnLoadMethodAttributes (109ms)
			AfterProcessingInitializeOnLoad (22ms)
			EditorAssembliesLoaded (0ms)
		ExecutionOrderSort2 (0ms)
		AwakeInstancesAfterBackupRestoration (41ms)
Refreshing native plugins compatible for Editor in 14.63 ms, found 4 plugins.
Preloading 0 native plugins for Editor in 0.00 ms.
Unloading 4173 Unused Serialized files (Serialized files now loaded: 0)
Unloading 25 unused Assets / (214.5 KB). Loaded Objects now: 4980.
Memory consumption went from 147.8 MB to 147.6 MB.
Total: 8.082200 ms (FindLiveObjects: 1.818100 ms CreateObjectMapping: 0.779200 ms MarkObjects: 4.675700 ms  DeleteObjects: 0.807300 ms)

Prepare: number of updated asset objects reloaded= 0
AssetImportParameters requested are different than current active one (requested -> active):
  custom:scripting/monoscript/fileName/PlayerHealt.cs: 1b436e11a4ba253093f816810ae8ea0c -> 
  custom:container-demuxer-ogg: 62fdf1f143b41e24485cea50d1cbac27 -> 
  custom:video-decoder-ogg-theora: a1e56fd34408186e4bbccfd4996cb3dc -> 
  custom:framework-win-MediaFoundation: 216162199b28c13a410421893ffa2e32 -> 
  custom:scripting/monoscript/fileName/EnemyPatrol.cs: cb3862bdca022c6895bfea2d333c4052 -> 
  custom:CustomObjectIndexerAttribute: 9a22284fe3817be447336de3de66b15e -> 
  custom:container-demuxer-webm: 4f35f7cbe854078d1ac9338744f61a02 -> 
  custom:container-muxer-webm: aa71ff27fc2769a1b78a27578f13a17b -> 
  custom:video-decoder-webm-vp8: 9c59270c3fd7afecdb556c50c9e8de78 -> 
  custom:SearchIndexIgnoredProperties: e643bd26f0fe6173181afceb89e7c659 -> 
  custom:AudioImporter_EditorPlatform: d09bf68614088b80899f8185d706f6e7 -> 
  custom:scripting/monoscript/fileName/PlayerHealth.cs: 49f415306e52895faa0b0a35d62e54a1 -> 
  custom:video-encoder-webm-vp8: eb34c28f22e8b96e1ab97ce403110664 -> 
  custom:audio-decoder-ogg-vorbis: bf7c407c2cedff20999df2af8eb42d56 -> 
  custom:audio-encoder-webm-vorbis: bf7c407c2cedff20999df2af8eb42d56 -> 
  custom:scripting/precompiled-assembly-types:Assembly-CSharp: f2eed11ec28172e98e7fdfd476287cb1 -> 73aa19288931f336944cebea50ea8521
========================================================================
Received Prepare
Caller must complete domain reload
Begin MonoManager ReloadAssembly
- Loaded All Assemblies, in  6.840 seconds
Native extension for WindowsStandalone target not found
Mono: successfully reloaded assembly
- Finished resetting the current domain, in  3.434 seconds
Domain Reload Profiling: 10265ms
	BeginReloadAssembly (472ms)
		ExecutionOrderSort (0ms)
		DisableScriptedObjects (43ms)
		BackupInstance (0ms)
		ReleaseScriptingObjects (0ms)
		CreateAndSetChildDomain (127ms)
	RebuildCommonClasses (74ms)
	RebuildNativeTypeToScriptingClass (34ms)
	initialDomainReloadingComplete (132ms)
	LoadAllAssembliesAndSetupDomain (6119ms)
		LoadAssemblies (6323ms)
		RebuildTransferFunctionScriptingTraits (0ms)
		AnalyzeDomain (26ms)
			TypeCache.Refresh (11ms)
				TypeCache.ScanAssembly (0ms)
			ScanForSourceGeneratedMonoScriptInfo (0ms)
			ResolveRequiredComponents (13ms)
	FinalizeReload (3435ms)
		ReleaseScriptCaches (0ms)
		RebuildScriptCaches (0ms)
		SetupLoadedEditorAssemblies (1482ms)
			LogAssemblyErrors (0ms)
			InitializePlatformSupportModulesInManaged (18ms)
			SetLoadedEditorAssemblies (10ms)
			RefreshPlugins (0ms)
			BeforeProcessingInitializeOnLoad (219ms)
			ProcessInitializeOnLoadAttributes (1068ms)
			ProcessInitializeOnLoadMethodAttributes (80ms)
			AfterProcessingInitializeOnLoad (87ms)
			EditorAssembliesLoaded (0ms)
		ExecutionOrderSort2 (0ms)
		AwakeInstancesAfterBackupRestoration (39ms)
Refreshing native plugins compatible for Editor in 17.52 ms, found 4 plugins.
Preloading 0 native plugins for Editor in 0.00 ms.
Unloading 4173 Unused Serialized files (Serialized files now loaded: 0)
Unloading 25 unused Assets / (214.4 KB). Loaded Objects now: 4985.
Memory consumption went from 147.8 MB to 147.6 MB.
Total: 24.335500 ms (FindLiveObjects: 0.660500 ms CreateObjectMapping: 0.830300 ms MarkObjects: 22.264800 ms  DeleteObjects: 0.578100 ms)

Prepare: number of updated asset objects reloaded= 0
AssetImportParameters requested are different than current active one (requested -> active):
  custom:scripting/monoscript/fileName/PlayerHealt.cs: 1b436e11a4ba253093f816810ae8ea0c -> 
  custom:container-demuxer-ogg: 62fdf1f143b41e24485cea50d1cbac27 -> 
  custom:video-decoder-ogg-theora: a1e56fd34408186e4bbccfd4996cb3dc -> 
  custom:framework-win-MediaFoundation: 216162199b28c13a410421893ffa2e32 -> 
  custom:scripting/monoscript/fileName/EnemyPatrol.cs: cb3862bdca022c6895bfea2d333c4052 -> 
  custom:CustomObjectIndexerAttribute: 9a22284fe3817be447336de3de66b15e -> 
  custom:container-demuxer-webm: 4f35f7cbe854078d1ac9338744f61a02 -> 
  custom:container-muxer-webm: aa71ff27fc2769a1b78a27578f13a17b -> 
  custom:video-decoder-webm-vp8: 9c59270c3fd7afecdb556c50c9e8de78 -> 
  custom:SearchIndexIgnoredProperties: e643bd26f0fe6173181afceb89e7c659 -> 
  custom:AudioImporter_EditorPlatform: d09bf68614088b80899f8185d706f6e7 -> 
  custom:scripting/monoscript/fileName/PlayerHealth.cs: 49f415306e52895faa0b0a35d62e54a1 -> 
  custom:video-encoder-webm-vp8: eb34c28f22e8b96e1ab97ce403110664 -> 
  custom:audio-decoder-ogg-vorbis: bf7c407c2cedff20999df2af8eb42d56 -> 
  custom:audio-encoder-webm-vorbis: bf7c407c2cedff20999df2af8eb42d56 -> 
  custom:scripting/precompiled-assembly-types:Assembly-CSharp: f2eed11ec28172e98e7fdfd476287cb1 -> 73aa19288931f336944cebea50ea8521
========================================================================
Received Prepare
Caller must complete domain reload
Begin MonoManager ReloadAssembly
- Loaded All Assemblies, in  5.885 seconds
Native extension for WindowsStandalone target not found
Mono: successfully reloaded assembly
- Finished resetting the current domain, in 17.169 seconds
Domain Reload Profiling: 23047ms
	BeginReloadAssembly (459ms)
		ExecutionOrderSort (0ms)
		DisableScriptedObjects (26ms)
		BackupInstance (0ms)
		ReleaseScriptingObjects (0ms)
		CreateAndSetChildDomain (127ms)
	RebuildCommonClasses (91ms)
	RebuildNativeTypeToScriptingClass (31ms)
	initialDomainReloadingComplete (139ms)
	LoadAllAssembliesAndSetupDomain (5155ms)
		LoadAssemblies (5123ms)
		RebuildTransferFunctionScriptingTraits (0ms)
		AnalyzeDomain (259ms)
			TypeCache.Refresh (51ms)
				TypeCache.ScanAssembly (0ms)
			ScanForSourceGeneratedMonoScriptInfo (0ms)
			ResolveRequiredComponents (205ms)
	FinalizeReload (17170ms)
		ReleaseScriptCaches (0ms)
		RebuildScriptCaches (0ms)
		SetupLoadedEditorAssemblies (4755ms)
			LogAssemblyErrors (0ms)
			InitializePlatformSupportModulesInManaged (68ms)
			SetLoadedEditorAssemblies (20ms)
			RefreshPlugins (0ms)
			BeforeProcessingInitializeOnLoad (736ms)
			ProcessInitializeOnLoadAttributes (3298ms)
			ProcessInitializeOnLoadMethodAttributes (469ms)
			AfterProcessingInitializeOnLoad (162ms)
			EditorAssembliesLoaded (1ms)
		ExecutionOrderSort2 (0ms)
		AwakeInstancesAfterBackupRestoration (119ms)
Refreshing native plugins compatible for Editor in 18.20 ms, found 4 plugins.
Preloading 0 native plugins for Editor in 0.00 ms.
Unloading 4173 Unused Serialized files (Serialized files now loaded: 0)
Unloading 25 unused Assets / (214.6 KB). Loaded Objects now: 4990.
Memory consumption went from 147.8 MB to 147.6 MB.
Total: 6.925900 ms (FindLiveObjects: 0.740700 ms CreateObjectMapping: 0.404600 ms MarkObjects: 5.364400 ms  DeleteObjects: 0.414500 ms)

Prepare: number of updated asset objects reloaded= 0
AssetImportParameters requested are different than current active one (requested -> active):
  custom:scripting/monoscript/fileName/PlayerHealt.cs: 1b436e11a4ba253093f816810ae8ea0c -> 
  custom:container-demuxer-ogg: 62fdf1f143b41e24485cea50d1cbac27 -> 
  custom:video-decoder-ogg-theora: a1e56fd34408186e4bbccfd4996cb3dc -> 
  custom:framework-win-MediaFoundation: 216162199b28c13a410421893ffa2e32 -> 
  custom:scripting/monoscript/fileName/EnemyPatrol.cs: cb3862bdca022c6895bfea2d333c4052 -> 
  custom:CustomObjectIndexerAttribute: 9a22284fe3817be447336de3de66b15e -> 
  custom:container-demuxer-webm: 4f35f7cbe854078d1ac9338744f61a02 -> 
  custom:container-muxer-webm: aa71ff27fc2769a1b78a27578f13a17b -> 
  custom:video-decoder-webm-vp8: 9c59270c3fd7afecdb556c50c9e8de78 -> 
  custom:SearchIndexIgnoredProperties: e643bd26f0fe6173181afceb89e7c659 -> 
  custom:AudioImporter_EditorPlatform: d09bf68614088b80899f8185d706f6e7 -> 
  custom:scripting/monoscript/fileName/PlayerHealth.cs: 49f415306e52895faa0b0a35d62e54a1 -> 
  custom:video-encoder-webm-vp8: eb34c28f22e8b96e1ab97ce403110664 -> 
  custom:audio-decoder-ogg-vorbis: bf7c407c2cedff20999df2af8eb42d56 -> 
  custom:audio-encoder-webm-vorbis: bf7c407c2cedff20999df2af8eb42d56 -> 
  custom:scripting/precompiled-assembly-types:Assembly-CSharp: f2eed11ec28172e98e7fdfd476287cb1 -> 73aa19288931f336944cebea50ea8521
========================================================================
Received Prepare
Caller must complete domain reload
Begin MonoManager ReloadAssembly
- Loaded All Assemblies, in  9.920 seconds
Native extension for WindowsStandalone target not found
Mono: successfully reloaded assembly
- Finished resetting the current domain, in 14.113 seconds
Domain Reload Profiling: 24022ms
	BeginReloadAssembly (590ms)
		ExecutionOrderSort (0ms)
		DisableScriptedObjects (90ms)
		BackupInstance (0ms)
		ReleaseScriptingObjects (0ms)
		CreateAndSetChildDomain (86ms)
	RebuildCommonClasses (105ms)
	RebuildNativeTypeToScriptingClass (31ms)
	initialDomainReloadingComplete (96ms)
	LoadAllAssembliesAndSetupDomain (9087ms)
		LoadAssemblies (8469ms)
		RebuildTransferFunctionScriptingTraits (0ms)
		AnalyzeDomain (971ms)
			TypeCache.Refresh (310ms)
				TypeCache.ScanAssembly (0ms)
			ScanForSourceGeneratedMonoScriptInfo (1ms)
			ResolveRequiredComponents (644ms)
	FinalizeReload (14114ms)
		ReleaseScriptCaches (0ms)
		RebuildScriptCaches (0ms)
		SetupLoadedEditorAssemblies (1242ms)
			LogAssemblyErrors (0ms)
			InitializePlatformSupportModulesInManaged (21ms)
			SetLoadedEditorAssemblies (15ms)
			RefreshPlugins (0ms)
			BeforeProcessingInitializeOnLoad (225ms)
			ProcessInitializeOnLoadAttributes (859ms)
			ProcessInitializeOnLoadMethodAttributes (102ms)
			AfterProcessingInitializeOnLoad (18ms)
			EditorAssembliesLoaded (1ms)
		ExecutionOrderSort2 (0ms)
		AwakeInstancesAfterBackupRestoration (39ms)
Refreshing native plugins compatible for Editor in 18.21 ms, found 4 plugins.
Preloading 0 native plugins for Editor in 0.00 ms.
Unloading 4173 Unused Serialized files (Serialized files now loaded: 0)
Unloading 25 unused Assets / (214.6 KB). Loaded Objects now: 4995.
Memory consumption went from 147.8 MB to 147.6 MB.
Total: 7.464500 ms (FindLiveObjects: 0.705400 ms CreateObjectMapping: 1.475000 ms MarkObjects: 4.739800 ms  DeleteObjects: 0.542300 ms)

Prepare: number of updated asset objects reloaded= 0
AssetImportParameters requested are different than current active one (requested -> active):
  custom:scripting/monoscript/fileName/PlayerHealt.cs: 1b436e11a4ba253093f816810ae8ea0c -> 
  custom:container-demuxer-ogg: 62fdf1f143b41e24485cea50d1cbac27 -> 
  custom:video-decoder-ogg-theora: a1e56fd34408186e4bbccfd4996cb3dc -> 
  custom:framework-win-MediaFoundation: 216162199b28c13a410421893ffa2e32 -> 
  custom:scripting/monoscript/fileName/EnemyPatrol.cs: cb3862bdca022c6895bfea2d333c4052 -> 
  custom:CustomObjectIndexerAttribute: 9a22284fe3817be447336de3de66b15e -> 
  custom:container-demuxer-webm: 4f35f7cbe854078d1ac9338744f61a02 -> 
  custom:container-muxer-webm: aa71ff27fc2769a1b78a27578f13a17b -> 
  custom:video-decoder-webm-vp8: 9c59270c3fd7afecdb556c50c9e8de78 -> 
  custom:SearchIndexIgnoredProperties: e643bd26f0fe6173181afceb89e7c659 -> 
  custom:AudioImporter_EditorPlatform: d09bf68614088b80899f8185d706f6e7 -> 
  custom:scripting/monoscript/fileName/PlayerHealth.cs: 49f415306e52895faa0b0a35d62e54a1 -> 
  custom:video-encoder-webm-vp8: eb34c28f22e8b96e1ab97ce403110664 -> 
  custom:audio-decoder-ogg-vorbis: bf7c407c2cedff20999df2af8eb42d56 -> 
  custom:audio-encoder-webm-vorbis: bf7c407c2cedff20999df2af8eb42d56 -> 
  custom:scripting/precompiled-assembly-types:Assembly-CSharp: f2eed11ec28172e98e7fdfd476287cb1 -> 73aa19288931f336944cebea50ea8521
========================================================================
Received Prepare
Caller must complete domain reload
Begin MonoManager ReloadAssembly
- Loaded All Assemblies, in  5.037 seconds
Native extension for WindowsStandalone target not found
Mono: successfully reloaded assembly
- Finished resetting the current domain, in  5.872 seconds
Domain Reload Profiling: 10912ms
	BeginReloadAssembly (450ms)
		ExecutionOrderSort (0ms)
		DisableScriptedObjects (28ms)
		BackupInstance (0ms)
		ReleaseScriptingObjects (0ms)
		CreateAndSetChildDomain (71ms)
	RebuildCommonClasses (87ms)
	RebuildNativeTypeToScriptingClass (26ms)
	initialDomainReloadingComplete (84ms)
	LoadAllAssembliesAndSetupDomain (4391ms)
		LoadAssemblies (4007ms)
		RebuildTransferFunctionScriptingTraits (0ms)
		AnalyzeDomain (665ms)
			TypeCache.Refresh (195ms)
				TypeCache.ScanAssembly (0ms)
			ScanForSourceGeneratedMonoScriptInfo (0ms)
			ResolveRequiredComponents (464ms)
	FinalizeReload (5873ms)
		ReleaseScriptCaches (0ms)
		RebuildScriptCaches (0ms)
		SetupLoadedEditorAssemblies (1411ms)
			LogAssemblyErrors (0ms)
			InitializePlatformSupportModulesInManaged (51ms)
			SetLoadedEditorAssemblies (10ms)
			RefreshPlugins (0ms)
			BeforeProcessingInitializeOnLoad (168ms)
			ProcessInitializeOnLoadAttributes (1099ms)
			ProcessInitializeOnLoadMethodAttributes (67ms)
			AfterProcessingInitializeOnLoad (16ms)
			EditorAssembliesLoaded (1ms)
		ExecutionOrderSort2 (0ms)
		AwakeInstancesAfterBackupRestoration (30ms)
Refreshing native plugins compatible for Editor in 18.27 ms, found 4 plugins.
Preloading 0 native plugins for Editor in 0.00 ms.
Unloading 4173 Unused Serialized files (Serialized files now loaded: 0)
Unloading 25 unused Assets / (214.7 KB). Loaded Objects now: 5000.
Memory consumption went from 147.8 MB to 147.6 MB.
Total: 4201.552900 ms (FindLiveObjects: 4193.207300 ms CreateObjectMapping: 1.589600 ms MarkObjects: 6.375000 ms  DeleteObjects: 0.377800 ms)

Prepare: number of updated asset objects reloaded= 0
AssetImportParameters requested are different than current active one (requested -> active):
  custom:scripting/monoscript/fileName/PlayerHealt.cs: 1b436e11a4ba253093f816810ae8ea0c -> 
  custom:container-demuxer-ogg: 62fdf1f143b41e24485cea50d1cbac27 -> 
  custom:video-decoder-ogg-theora: a1e56fd34408186e4bbccfd4996cb3dc -> 
  custom:framework-win-MediaFoundation: 216162199b28c13a410421893ffa2e32 -> 
  custom:scripting/monoscript/fileName/EnemyPatrol.cs: cb3862bdca022c6895bfea2d333c4052 -> 
  custom:CustomObjectIndexerAttribute: 9a22284fe3817be447336de3de66b15e -> 
  custom:container-demuxer-webm: 4f35f7cbe854078d1ac9338744f61a02 -> 
  custom:container-muxer-webm: aa71ff27fc2769a1b78a27578f13a17b -> 
  custom:video-decoder-webm-vp8: 9c59270c3fd7afecdb556c50c9e8de78 -> 
  custom:SearchIndexIgnoredProperties: e643bd26f0fe6173181afceb89e7c659 -> 
  custom:AudioImporter_EditorPlatform: d09bf68614088b80899f8185d706f6e7 -> 
  custom:scripting/monoscript/fileName/PlayerHealth.cs: 49f415306e52895faa0b0a35d62e54a1 -> 
  custom:video-encoder-webm-vp8: eb34c28f22e8b96e1ab97ce403110664 -> 
  custom:audio-decoder-ogg-vorbis: bf7c407c2cedff20999df2af8eb42d56 -> 
  custom:audio-encoder-webm-vorbis: bf7c407c2cedff20999df2af8eb42d56 -> 
  custom:scripting/precompiled-assembly-types:Assembly-CSharp: f2eed11ec28172e98e7fdfd476287cb1 -> 73aa19288931f336944cebea50ea8521
========================================================================
Received Prepare
Caller must complete domain reload
Begin MonoManager ReloadAssembly
- Loaded All Assemblies, in 21.525 seconds
Native extension for WindowsStandalone target not found
Mono: successfully reloaded assembly
- Finished resetting the current domain, in  7.379 seconds
Domain Reload Profiling: 28892ms
	BeginReloadAssembly (678ms)
		ExecutionOrderSort (0ms)
		DisableScriptedObjects (29ms)
		BackupInstance (0ms)
		ReleaseScriptingObjects (0ms)
		CreateAndSetChildDomain (158ms)
	RebuildCommonClasses (93ms)
	RebuildNativeTypeToScriptingClass (31ms)
	initialDomainReloadingComplete (135ms)
	LoadAllAssembliesAndSetupDomain (20572ms)
		LoadAssemblies (20961ms)
		RebuildTransferFunctionScriptingTraits (0ms)
		AnalyzeDomain (41ms)
			TypeCache.Refresh (16ms)
				TypeCache.ScanAssembly (0ms)
			ScanForSourceGeneratedMonoScriptInfo (1ms)
			ResolveRequiredComponents (21ms)
	FinalizeReload (7383ms)
		ReleaseScriptCaches (0ms)
		RebuildScriptCaches (0ms)
		SetupLoadedEditorAssemblies (3999ms)
			LogAssemblyErrors (0ms)
			InitializePlatformSupportModulesInManaged (26ms)
			SetLoadedEditorAssemblies (14ms)
			RefreshPlugins (0ms)
			BeforeProcessingInitializeOnLoad (297ms)
			ProcessInitializeOnLoadAttributes (3291ms)
			ProcessInitializeOnLoadMethodAttributes (303ms)
			AfterProcessingInitializeOnLoad (68ms)
			EditorAssembliesLoaded (1ms)
		ExecutionOrderSort2 (0ms)
		AwakeInstancesAfterBackupRestoration (60ms)
Refreshing native plugins compatible for Editor in 103.96 ms, found 4 plugins.
Preloading 0 native plugins for Editor in 0.00 ms.
Unloading 4173 Unused Serialized files (Serialized files now loaded: 0)
Unloading 25 unused Assets / (214.7 KB). Loaded Objects now: 5005.
Memory consumption went from 147.8 MB to 147.6 MB.
Total: 37.359300 ms (FindLiveObjects: 4.756000 ms CreateObjectMapping: 1.640500 ms MarkObjects: 30.275500 ms  DeleteObjects: 0.684400 ms)

Prepare: number of updated asset objects reloaded= 0
AssetImportParameters requested are different than current active one (requested -> active):
  custom:scripting/monoscript/fileName/PlayerHealt.cs: 1b436e11a4ba253093f816810ae8ea0c -> 
  custom:container-demuxer-ogg: 62fdf1f143b41e24485cea50d1cbac27 -> 
  custom:video-decoder-ogg-theora: a1e56fd34408186e4bbccfd4996cb3dc -> 
  custom:framework-win-MediaFoundation: 216162199b28c13a410421893ffa2e32 -> 
  custom:scripting/monoscript/fileName/EnemyPatrol.cs: cb3862bdca022c6895bfea2d333c4052 -> 
  custom:CustomObjectIndexerAttribute: 9a22284fe3817be447336de3de66b15e -> 
  custom:container-demuxer-webm: 4f35f7cbe854078d1ac9338744f61a02 -> 
  custom:container-muxer-webm: aa71ff27fc2769a1b78a27578f13a17b -> 
  custom:video-decoder-webm-vp8: 9c59270c3fd7afecdb556c50c9e8de78 -> 
  custom:SearchIndexIgnoredProperties: e643bd26f0fe6173181afceb89e7c659 -> 
  custom:AudioImporter_EditorPlatform: d09bf68614088b80899f8185d706f6e7 -> 
  custom:scripting/monoscript/fileName/PlayerHealth.cs: 49f415306e52895faa0b0a35d62e54a1 -> 
  custom:video-encoder-webm-vp8: eb34c28f22e8b96e1ab97ce403110664 -> 
  custom:audio-decoder-ogg-vorbis: bf7c407c2cedff20999df2af8eb42d56 -> 
  custom:audio-encoder-webm-vorbis: bf7c407c2cedff20999df2af8eb42d56 -> 
  custom:scripting/precompiled-assembly-types:Assembly-CSharp: f2eed11ec28172e98e7fdfd476287cb1 -> 73aa19288931f336944cebea50ea8521
========================================================================
Received Prepare
Caller must complete domain reload
Begin MonoManager ReloadAssembly
- Loaded All Assemblies, in 17.469 seconds
Native extension for WindowsStandalone target not found
Mono: successfully reloaded assembly
- Finished resetting the current domain, in 10.394 seconds
Domain Reload Profiling: 27814ms
	BeginReloadAssembly (5588ms)
		ExecutionOrderSort (0ms)
		DisableScriptedObjects (368ms)
		BackupInstance (0ms)
		ReleaseScriptingObjects (1ms)
		CreateAndSetChildDomain (1360ms)
	RebuildCommonClasses (449ms)
	RebuildNativeTypeToScriptingClass (96ms)
	initialDomainReloadingComplete (564ms)
	LoadAllAssembliesAndSetupDomain (10720ms)
		LoadAssemblies (10130ms)
		RebuildTransferFunctionScriptingTraits (0ms)
		AnalyzeDomain (4128ms)
			TypeCache.Refresh (3404ms)
				TypeCache.ScanAssembly (0ms)
			ScanForSourceGeneratedMonoScriptInfo (1ms)
			ResolveRequiredComponents (545ms)
	FinalizeReload (10396ms)
		ReleaseScriptCaches (0ms)
		RebuildScriptCaches (0ms)
		SetupLoadedEditorAssemblies (1277ms)
			LogAssemblyErrors (0ms)
			InitializePlatformSupportModulesInManaged (23ms)
			SetLoadedEditorAssemblies (15ms)
			RefreshPlugins (0ms)
			BeforeProcessingInitializeOnLoad (235ms)
			ProcessInitializeOnLoadAttributes (845ms)
			ProcessInitializeOnLoadMethodAttributes (139ms)
			AfterProcessingInitializeOnLoad (20ms)
			EditorAssembliesLoaded (1ms)
		ExecutionOrderSort2 (1ms)
		AwakeInstancesAfterBackupRestoration (35ms)
Refreshing native plugins compatible for Editor in 17.45 ms, found 4 plugins.
Preloading 0 native plugins for Editor in 0.00 ms.
Unloading 4173 Unused Serialized files (Serialized files now loaded: 0)
Unloading 25 unused Assets / (214.6 KB). Loaded Objects now: 5010.
Memory consumption went from 147.8 MB to 147.6 MB.
Total: 8.362600 ms (FindLiveObjects: 0.699600 ms CreateObjectMapping: 1.116000 ms MarkObjects: 6.194300 ms  DeleteObjects: 0.350700 ms)

Prepare: number of updated asset objects reloaded= 0
AssetImportParameters requested are different than current active one (requested -> active):
  custom:scripting/monoscript/fileName/PlayerHealt.cs: 1b436e11a4ba253093f816810ae8ea0c -> 
  custom:container-demuxer-ogg: 62fdf1f143b41e24485cea50d1cbac27 -> 
  custom:video-decoder-ogg-theora: a1e56fd34408186e4bbccfd4996cb3dc -> 
  custom:framework-win-MediaFoundation: 216162199b28c13a410421893ffa2e32 -> 
  custom:scripting/monoscript/fileName/EnemyPatrol.cs: cb3862bdca022c6895bfea2d333c4052 -> 
  custom:CustomObjectIndexerAttribute: 9a22284fe3817be447336de3de66b15e -> 
  custom:container-demuxer-webm: 4f35f7cbe854078d1ac9338744f61a02 -> 
  custom:container-muxer-webm: aa71ff27fc2769a1b78a27578f13a17b -> 
  custom:video-decoder-webm-vp8: 9c59270c3fd7afecdb556c50c9e8de78 -> 
  custom:SearchIndexIgnoredProperties: e643bd26f0fe6173181afceb89e7c659 -> 
  custom:AudioImporter_EditorPlatform: d09bf68614088b80899f8185d706f6e7 -> 
  custom:scripting/monoscript/fileName/PlayerHealth.cs: 49f415306e52895faa0b0a35d62e54a1 -> 
  custom:video-encoder-webm-vp8: eb34c28f22e8b96e1ab97ce403110664 -> 
  custom:audio-decoder-ogg-vorbis: bf7c407c2cedff20999df2af8eb42d56 -> 
  custom:audio-encoder-webm-vorbis: bf7c407c2cedff20999df2af8eb42d56 -> 
  custom:scripting/precompiled-assembly-types:Assembly-CSharp: f2eed11ec28172e98e7fdfd476287cb1 -> 73aa19288931f336944cebea50ea8521
========================================================================
Received Prepare
Caller must complete domain reload
Begin MonoManager ReloadAssembly
- Loaded All Assemblies, in  3.775 seconds
Native extension for WindowsStandalone target not found
Mono: successfully reloaded assembly
- Finished resetting the current domain, in 25.651 seconds
Domain Reload Profiling: 29418ms
	BeginReloadAssembly (434ms)
		ExecutionOrderSort (0ms)
		DisableScriptedObjects (25ms)
		BackupInstance (0ms)
		ReleaseScriptingObjects (0ms)
		CreateAndSetChildDomain (78ms)
	RebuildCommonClasses (93ms)
	RebuildNativeTypeToScriptingClass (25ms)
	initialDomainReloadingComplete (123ms)
	LoadAllAssembliesAndSetupDomain (3091ms)
		LoadAssemblies (3103ms)
		RebuildTransferFunctionScriptingTraits (0ms)
		AnalyzeDomain (200ms)
			TypeCache.Refresh (141ms)
				TypeCache.ScanAssembly (0ms)
			ScanForSourceGeneratedMonoScriptInfo (4ms)
			ResolveRequiredComponents (43ms)
	FinalizeReload (25652ms)
		ReleaseScriptCaches (0ms)
		RebuildScriptCaches (0ms)
		SetupLoadedEditorAssemblies (1771ms)
			LogAssemblyErrors (0ms)
			InitializePlatformSupportModulesInManaged (21ms)
			SetLoadedEditorAssemblies (12ms)
			RefreshPlugins (0ms)
			BeforeProcessingInitializeOnLoad (329ms)
			ProcessInitializeOnLoadAttributes (1310ms)
			ProcessInitializeOnLoadMethodAttributes (79ms)
			AfterProcessingInitializeOnLoad (18ms)
			EditorAssembliesLoaded (1ms)
		ExecutionOrderSort2 (0ms)
		AwakeInstancesAfterBackupRestoration (32ms)
Refreshing native plugins compatible for Editor in 19.65 ms, found 4 plugins.
Preloading 0 native plugins for Editor in 0.00 ms.
Unloading 4173 Unused Serialized files (Serialized files now loaded: 0)
Unloading 25 unused Assets / (214.7 KB). Loaded Objects now: 5015.
Memory consumption went from 147.8 MB to 147.6 MB.
Total: 10.053000 ms (FindLiveObjects: 2.215400 ms CreateObjectMapping: 2.230800 ms MarkObjects: 5.272400 ms  DeleteObjects: 0.332300 ms)

Prepare: number of updated asset objects reloaded= 0
AssetImportParameters requested are different than current active one (requested -> active):
  custom:scripting/monoscript/fileName/PlayerHealt.cs: 1b436e11a4ba253093f816810ae8ea0c -> 
  custom:container-demuxer-ogg: 62fdf1f143b41e24485cea50d1cbac27 -> 
  custom:video-decoder-ogg-theora: a1e56fd34408186e4bbccfd4996cb3dc -> 
  custom:framework-win-MediaFoundation: 216162199b28c13a410421893ffa2e32 -> 
  custom:scripting/monoscript/fileName/EnemyPatrol.cs: cb3862bdca022c6895bfea2d333c4052 -> 
  custom:CustomObjectIndexerAttribute: 9a22284fe3817be447336de3de66b15e -> 
  custom:container-demuxer-webm: 4f35f7cbe854078d1ac9338744f61a02 -> 
  custom:container-muxer-webm: aa71ff27fc2769a1b78a27578f13a17b -> 
  custom:video-decoder-webm-vp8: 9c59270c3fd7afecdb556c50c9e8de78 -> 
  custom:SearchIndexIgnoredProperties: e643bd26f0fe6173181afceb89e7c659 -> 
  custom:AudioImporter_EditorPlatform: d09bf68614088b80899f8185d706f6e7 -> 
  custom:scripting/monoscript/fileName/PlayerHealth.cs: 49f415306e52895faa0b0a35d62e54a1 -> 
  custom:video-encoder-webm-vp8: eb34c28f22e8b96e1ab97ce403110664 -> 
  custom:audio-decoder-ogg-vorbis: bf7c407c2cedff20999df2af8eb42d56 -> 
  custom:audio-encoder-webm-vorbis: bf7c407c2cedff20999df2af8eb42d56 -> 
  custom:scripting/precompiled-assembly-types:Assembly-CSharp: f2eed11ec28172e98e7fdfd476287cb1 -> 73aa19288931f336944cebea50ea8521
========================================================================
Received Prepare
Caller must complete domain reload
Begin MonoManager ReloadAssembly
- Loaded All Assemblies, in  6.911 seconds
Native extension for WindowsStandalone target not found
Mono: successfully reloaded assembly
- Finished resetting the current domain, in 16.493 seconds
Domain Reload Profiling: 23354ms
	BeginReloadAssembly (2694ms)
		ExecutionOrderSort (0ms)
		DisableScriptedObjects (117ms)
		BackupInstance (0ms)
		ReleaseScriptingObjects (0ms)
		CreateAndSetChildDomain (64ms)
	RebuildCommonClasses (324ms)
	RebuildNativeTypeToScriptingClass (164ms)
	initialDomainReloadingComplete (351ms)
	LoadAllAssembliesAndSetupDomain (3326ms)
		LoadAssemblies (5662ms)
		RebuildTransferFunctionScriptingTraits (0ms)
		AnalyzeDomain (107ms)
			TypeCache.Refresh (36ms)
				TypeCache.ScanAssembly (0ms)
			ScanForSourceGeneratedMonoScriptInfo (0ms)
			ResolveRequiredComponents (58ms)
	FinalizeReload (16495ms)
		ReleaseScriptCaches (0ms)
		RebuildScriptCaches (0ms)
		SetupLoadedEditorAssemblies (1151ms)
			LogAssemblyErrors (0ms)
			InitializePlatformSupportModulesInManaged (13ms)
			SetLoadedEditorAssemblies (8ms)
			RefreshPlugins (0ms)
			BeforeProcessingInitializeOnLoad (152ms)
			ProcessInitializeOnLoadAttributes (888ms)
			ProcessInitializeOnLoadMethodAttributes (71ms)
			AfterProcessingInitializeOnLoad (18ms)
			EditorAssembliesLoaded (0ms)
		ExecutionOrderSort2 (0ms)
		AwakeInstancesAfterBackupRestoration (35ms)
Refreshing native plugins compatible for Editor in 20.46 ms, found 4 plugins.
Preloading 0 native plugins for Editor in 0.00 ms.
Unloading 4173 Unused Serialized files (Serialized files now loaded: 0)
Unloading 25 unused Assets / (214.8 KB). Loaded Objects now: 5020.
Memory consumption went from 147.8 MB to 147.6 MB.
Total: 6.548800 ms (FindLiveObjects: 0.873800 ms CreateObjectMapping: 0.411400 ms MarkObjects: 4.933300 ms  DeleteObjects: 0.328400 ms)

Prepare: number of updated asset objects reloaded= 0
AssetImportParameters requested are different than current active one (requested -> active):
  custom:scripting/monoscript/fileName/PlayerHealt.cs: 1b436e11a4ba253093f816810ae8ea0c -> 
  custom:container-demuxer-ogg: 62fdf1f143b41e24485cea50d1cbac27 -> 
  custom:video-decoder-ogg-theora: a1e56fd34408186e4bbccfd4996cb3dc -> 
  custom:framework-win-MediaFoundation: 216162199b28c13a410421893ffa2e32 -> 
  custom:scripting/monoscript/fileName/EnemyPatrol.cs: cb3862bdca022c6895bfea2d333c4052 -> 
  custom:CustomObjectIndexerAttribute: 9a22284fe3817be447336de3de66b15e -> 
  custom:container-demuxer-webm: 4f35f7cbe854078d1ac9338744f61a02 -> 
  custom:container-muxer-webm: aa71ff27fc2769a1b78a27578f13a17b -> 
  custom:video-decoder-webm-vp8: 9c59270c3fd7afecdb556c50c9e8de78 -> 
  custom:SearchIndexIgnoredProperties: e643bd26f0fe6173181afceb89e7c659 -> 
  custom:AudioImporter_EditorPlatform: d09bf68614088b80899f8185d706f6e7 -> 
  custom:scripting/monoscript/fileName/PlayerHealth.cs: 49f415306e52895faa0b0a35d62e54a1 -> 
  custom:video-encoder-webm-vp8: eb34c28f22e8b96e1ab97ce403110664 -> 
  custom:audio-decoder-ogg-vorbis: bf7c407c2cedff20999df2af8eb42d56 -> 
  custom:audio-encoder-webm-vorbis: bf7c407c2cedff20999df2af8eb42d56 -> 
  custom:scripting/precompiled-assembly-types:Assembly-CSharp: f2eed11ec28172e98e7fdfd476287cb1 -> 73aa19288931f336944cebea50ea8521
========================================================================
Received Prepare
Caller must complete domain reload
Begin MonoManager ReloadAssembly
- Loaded All Assemblies, in  2.711 seconds
Native extension for WindowsStandalone target not found
Mono: successfully reloaded assembly
- Finished resetting the current domain, in 35.810 seconds
Domain Reload Profiling: 38514ms
	BeginReloadAssembly (451ms)
		ExecutionOrderSort (0ms)
		DisableScriptedObjects (28ms)
		BackupInstance (0ms)
		ReleaseScriptingObjects (0ms)
		CreateAndSetChildDomain (74ms)
	RebuildCommonClasses (81ms)
	RebuildNativeTypeToScriptingClass (27ms)
	initialDomainReloadingComplete (80ms)
	LoadAllAssembliesAndSetupDomain (2062ms)
		LoadAssemblies (2161ms)
		RebuildTransferFunctionScriptingTraits (0ms)
		AnalyzeDomain (182ms)
			TypeCache.Refresh (54ms)
				TypeCache.ScanAssembly (0ms)
			ScanForSourceGeneratedMonoScriptInfo (0ms)
			ResolveRequiredComponents (111ms)
	FinalizeReload (35813ms)
		ReleaseScriptCaches (0ms)
		RebuildScriptCaches (0ms)
		SetupLoadedEditorAssemblies (23005ms)
			LogAssemblyErrors (0ms)
			InitializePlatformSupportModulesInManaged (531ms)
			SetLoadedEditorAssemblies (79ms)
			RefreshPlugins (0ms)
			BeforeProcessingInitializeOnLoad (1468ms)
			ProcessInitializeOnLoadAttributes (16652ms)
			ProcessInitializeOnLoadMethodAttributes (4251ms)
			AfterProcessingInitializeOnLoad (23ms)
			EditorAssembliesLoaded (1ms)
		ExecutionOrderSort2 (0ms)
		AwakeInstancesAfterBackupRestoration (68ms)
Refreshing native plugins compatible for Editor in 16.71 ms, found 4 plugins.
Preloading 0 native plugins for Editor in 0.00 ms.
Unloading 4173 Unused Serialized files (Serialized files now loaded: 0)
Unloading 25 unused Assets / (214.6 KB). Loaded Objects now: 5025.
Memory consumption went from 147.8 MB to 147.6 MB.
Total: 6.540500 ms (FindLiveObjects: 0.813600 ms CreateObjectMapping: 0.795200 ms MarkObjects: 4.572200 ms  DeleteObjects: 0.357900 ms)

Prepare: number of updated asset objects reloaded= 0
AssetImportParameters requested are different than current active one (requested -> active):
  custom:scripting/monoscript/fileName/PlayerHealt.cs: 1b436e11a4ba253093f816810ae8ea0c -> 
  custom:container-demuxer-ogg: 62fdf1f143b41e24485cea50d1cbac27 -> 
  custom:video-decoder-ogg-theora: a1e56fd34408186e4bbccfd4996cb3dc -> 
  custom:framework-win-MediaFoundation: 216162199b28c13a410421893ffa2e32 -> 
  custom:scripting/monoscript/fileName/EnemyPatrol.cs: cb3862bdca022c6895bfea2d333c4052 -> 
  custom:CustomObjectIndexerAttribute: 9a22284fe3817be447336de3de66b15e -> 
  custom:container-demuxer-webm: 4f35f7cbe854078d1ac9338744f61a02 -> 
  custom:container-muxer-webm: aa71ff27fc2769a1b78a27578f13a17b -> 
  custom:video-decoder-webm-vp8: 9c59270c3fd7afecdb556c50c9e8de78 -> 
  custom:SearchIndexIgnoredProperties: e643bd26f0fe6173181afceb89e7c659 -> 
  custom:AudioImporter_EditorPlatform: d09bf68614088b80899f8185d706f6e7 -> 
  custom:scripting/monoscript/fileName/PlayerHealth.cs: 49f415306e52895faa0b0a35d62e54a1 -> 
  custom:video-encoder-webm-vp8: eb34c28f22e8b96e1ab97ce403110664 -> 
  custom:audio-decoder-ogg-vorbis: bf7c407c2cedff20999df2af8eb42d56 -> 
  custom:audio-encoder-webm-vorbis: bf7c407c2cedff20999df2af8eb42d56 -> 
  custom:scripting/precompiled-assembly-types:Assembly-CSharp: f2eed11ec28172e98e7fdfd476287cb1 -> 73aa19288931f336944cebea50ea8521
========================================================================
Received Prepare
Caller must complete domain reload
Begin MonoManager ReloadAssembly
- Loaded All Assemblies, in 12.680 seconds
Native extension for WindowsStandalone target not found
Mono: successfully reloaded assembly
- Finished resetting the current domain, in  4.575 seconds
Domain Reload Profiling: 17121ms
	BeginReloadAssembly (9600ms)
		ExecutionOrderSort (0ms)
		DisableScriptedObjects (385ms)
		BackupInstance (0ms)
		ReleaseScriptingObjects (2ms)
		CreateAndSetChildDomain (3833ms)
	RebuildCommonClasses (92ms)
	RebuildNativeTypeToScriptingClass (30ms)
	initialDomainReloadingComplete (1371ms)
	LoadAllAssembliesAndSetupDomain (1451ms)
		LoadAssemblies (2879ms)
		RebuildTransferFunctionScriptingTraits (0ms)
		AnalyzeDomain (39ms)
			TypeCache.Refresh (12ms)
				TypeCache.ScanAssembly (0ms)
			ScanForSourceGeneratedMonoScriptInfo (0ms)
			ResolveRequiredComponents (22ms)
	FinalizeReload (4577ms)
		ReleaseScriptCaches (0ms)
		RebuildScriptCaches (0ms)
		SetupLoadedEditorAssemblies (1310ms)
			LogAssemblyErrors (0ms)
			InitializePlatformSupportModulesInManaged (41ms)
			SetLoadedEditorAssemblies (10ms)
			RefreshPlugins (0ms)
			BeforeProcessingInitializeOnLoad (162ms)
			ProcessInitializeOnLoadAttributes (992ms)
			ProcessInitializeOnLoadMethodAttributes (83ms)
			AfterProcessingInitializeOnLoad (21ms)
			EditorAssembliesLoaded (1ms)
		ExecutionOrderSort2 (0ms)
		AwakeInstancesAfterBackupRestoration (42ms)
Refreshing native plugins compatible for Editor in 23.65 ms, found 4 plugins.
Preloading 0 native plugins for Editor in 0.00 ms.
Unloading 4173 Unused Serialized files (Serialized files now loaded: 0)
Unloading 25 unused Assets / (214.6 KB). Loaded Objects now: 5030.
Memory consumption went from 147.9 MB to 147.6 MB.
Total: 7.107000 ms (FindLiveObjects: 0.711200 ms CreateObjectMapping: 0.884600 ms MarkObjects: 5.147600 ms  DeleteObjects: 0.361500 ms)

Prepare: number of updated asset objects reloaded= 0
AssetImportParameters requested are different than current active one (requested -> active):
  custom:scripting/monoscript/fileName/PlayerHealt.cs: 1b436e11a4ba253093f816810ae8ea0c -> 
  custom:container-demuxer-ogg: 62fdf1f143b41e24485cea50d1cbac27 -> 
  custom:video-decoder-ogg-theora: a1e56fd34408186e4bbccfd4996cb3dc -> 
  custom:framework-win-MediaFoundation: 216162199b28c13a410421893ffa2e32 -> 
  custom:scripting/monoscript/fileName/EnemyPatrol.cs: cb3862bdca022c6895bfea2d333c4052 -> 
  custom:CustomObjectIndexerAttribute: 9a22284fe3817be447336de3de66b15e -> 
  custom:container-demuxer-webm: 4f35f7cbe854078d1ac9338744f61a02 -> 
  custom:container-muxer-webm: aa71ff27fc2769a1b78a27578f13a17b -> 
  custom:video-decoder-webm-vp8: 9c59270c3fd7afecdb556c50c9e8de78 -> 
  custom:SearchIndexIgnoredProperties: e643bd26f0fe6173181afceb89e7c659 -> 
  custom:AudioImporter_EditorPlatform: d09bf68614088b80899f8185d706f6e7 -> 
  custom:scripting/monoscript/fileName/PlayerHealth.cs: 49f415306e52895faa0b0a35d62e54a1 -> 
  custom:video-encoder-webm-vp8: eb34c28f22e8b96e1ab97ce403110664 -> 
  custom:audio-decoder-ogg-vorbis: bf7c407c2cedff20999df2af8eb42d56 -> 
  custom:audio-encoder-webm-vorbis: bf7c407c2cedff20999df2af8eb42d56 -> 
  custom:scripting/precompiled-assembly-types:Assembly-CSharp: f2eed11ec28172e98e7fdfd476287cb1 -> 73aa19288931f336944cebea50ea8521
========================================================================
Received Prepare
Caller must complete domain reload
Begin MonoManager ReloadAssembly
- Loaded All Assemblies, in  1.402 seconds
Native extension for WindowsStandalone target not found
Mono: successfully reloaded assembly
- Finished resetting the current domain, in 29.146 seconds
Domain Reload Profiling: 30539ms
	BeginReloadAssembly (471ms)
		ExecutionOrderSort (0ms)
		DisableScriptedObjects (26ms)
		BackupInstance (0ms)
		ReleaseScriptingObjects (0ms)
		CreateAndSetChildDomain (90ms)
	RebuildCommonClasses (123ms)
	RebuildNativeTypeToScriptingClass (30ms)
	initialDomainReloadingComplete (77ms)
	LoadAllAssembliesAndSetupDomain (690ms)
		LoadAssemblies (914ms)
		RebuildTransferFunctionScriptingTraits (0ms)
		AnalyzeDomain (33ms)
			TypeCache.Refresh (12ms)
				TypeCache.ScanAssembly (0ms)
			ScanForSourceGeneratedMonoScriptInfo (0ms)
			ResolveRequiredComponents (19ms)
	FinalizeReload (29148ms)
		ReleaseScriptCaches (0ms)
		RebuildScriptCaches (0ms)
		SetupLoadedEditorAssemblies (11775ms)
			LogAssemblyErrors (0ms)
			InitializePlatformSupportModulesInManaged (69ms)
			SetLoadedEditorAssemblies (36ms)
			RefreshPlugins (0ms)
			BeforeProcessingInitializeOnLoad (951ms)
			ProcessInitializeOnLoadAttributes (10450ms)
			ProcessInitializeOnLoadMethodAttributes (162ms)
			AfterProcessingInitializeOnLoad (108ms)
			EditorAssembliesLoaded (1ms)
		ExecutionOrderSort2 (0ms)
		AwakeInstancesAfterBackupRestoration (35ms)
Refreshing native plugins compatible for Editor in 56.01 ms, found 4 plugins.
Preloading 0 native plugins for Editor in 0.00 ms.
Unloading 4173 Unused Serialized files (Serialized files now loaded: 0)
Unloading 25 unused Assets / (214.5 KB). Loaded Objects now: 5035.
Memory consumption went from 147.9 MB to 147.6 MB.
Total: 37.887600 ms (FindLiveObjects: 0.746900 ms CreateObjectMapping: 0.762700 ms MarkObjects: 35.970100 ms  DeleteObjects: 0.406000 ms)

Prepare: number of updated asset objects reloaded= 0
AssetImportParameters requested are different than current active one (requested -> active):
  custom:scripting/monoscript/fileName/PlayerHealt.cs: 1b436e11a4ba253093f816810ae8ea0c -> 
  custom:container-demuxer-ogg: 62fdf1f143b41e24485cea50d1cbac27 -> 
  custom:video-decoder-ogg-theora: a1e56fd34408186e4bbccfd4996cb3dc -> 
  custom:framework-win-MediaFoundation: 216162199b28c13a410421893ffa2e32 -> 
  custom:scripting/monoscript/fileName/EnemyPatrol.cs: cb3862bdca022c6895bfea2d333c4052 -> 
  custom:CustomObjectIndexerAttribute: 9a22284fe3817be447336de3de66b15e -> 
  custom:container-demuxer-webm: 4f35f7cbe854078d1ac9338744f61a02 -> 
  custom:container-muxer-webm: aa71ff27fc2769a1b78a27578f13a17b -> 
  custom:video-decoder-webm-vp8: 9c59270c3fd7afecdb556c50c9e8de78 -> 
  custom:SearchIndexIgnoredProperties: e643bd26f0fe6173181afceb89e7c659 -> 
  custom:AudioImporter_EditorPlatform: d09bf68614088b80899f8185d706f6e7 -> 
  custom:scripting/monoscript/fileName/PlayerHealth.cs: 49f415306e52895faa0b0a35d62e54a1 -> 
  custom:video-encoder-webm-vp8: eb34c28f22e8b96e1ab97ce403110664 -> 
  custom:audio-decoder-ogg-vorbis: bf7c407c2cedff20999df2af8eb42d56 -> 
  custom:audio-encoder-webm-vorbis: bf7c407c2cedff20999df2af8eb42d56 -> 
  custom:scripting/precompiled-assembly-types:Assembly-CSharp: f2eed11ec28172e98e7fdfd476287cb1 -> 73aa19288931f336944cebea50ea8521
========================================================================
Received Prepare
Caller must complete domain reload
Begin MonoManager ReloadAssembly
- Loaded All Assemblies, in  1.674 seconds
Native extension for WindowsStandalone target not found
Mono: successfully reloaded assembly
- Finished resetting the current domain, in 16.645 seconds
Domain Reload Profiling: 18306ms
	BeginReloadAssembly (427ms)
		ExecutionOrderSort (0ms)
		DisableScriptedObjects (24ms)
		BackupInstance (0ms)
		ReleaseScriptingObjects (0ms)
		CreateAndSetChildDomain (61ms)
	RebuildCommonClasses (105ms)
	RebuildNativeTypeToScriptingClass (31ms)
	initialDomainReloadingComplete (76ms)
	LoadAllAssembliesAndSetupDomain (1021ms)
		LoadAssemblies (1176ms)
		RebuildTransferFunctionScriptingTraits (0ms)
		AnalyzeDomain (118ms)
			TypeCache.Refresh (94ms)
				TypeCache.ScanAssembly (0ms)
			ScanForSourceGeneratedMonoScriptInfo (0ms)
			ResolveRequiredComponents (21ms)
	FinalizeReload (16647ms)
		ReleaseScriptCaches (0ms)
		RebuildScriptCaches (0ms)
		SetupLoadedEditorAssemblies (4592ms)
			LogAssemblyErrors (0ms)
			InitializePlatformSupportModulesInManaged (15ms)
			SetLoadedEditorAssemblies (10ms)
			RefreshPlugins (0ms)
			BeforeProcessingInitializeOnLoad (198ms)
			ProcessInitializeOnLoadAttributes (3834ms)
			ProcessInitializeOnLoadMethodAttributes (426ms)
			AfterProcessingInitializeOnLoad (103ms)
			EditorAssembliesLoaded (5ms)
		ExecutionOrderSort2 (0ms)
		AwakeInstancesAfterBackupRestoration (130ms)
Refreshing native plugins compatible for Editor in 135.57 ms, found 4 plugins.
Preloading 0 native plugins for Editor in 0.00 ms.
Unloading 4173 Unused Serialized files (Serialized files now loaded: 0)
Unloading 25 unused Assets / (214.7 KB). Loaded Objects now: 5040.
Memory consumption went from 147.9 MB to 147.7 MB.
Total: 4501.906100 ms (FindLiveObjects: 10.286400 ms CreateObjectMapping: 2.257100 ms MarkObjects: 4487.702800 ms  DeleteObjects: 1.656100 ms)

Prepare: number of updated asset objects reloaded= 0
AssetImportParameters requested are different than current active one (requested -> active):
  custom:scripting/monoscript/fileName/PlayerHealt.cs: 1b436e11a4ba253093f816810ae8ea0c -> 
  custom:container-demuxer-ogg: 62fdf1f143b41e24485cea50d1cbac27 -> 
  custom:video-decoder-ogg-theora: a1e56fd34408186e4bbccfd4996cb3dc -> 
  custom:framework-win-MediaFoundation: 216162199b28c13a410421893ffa2e32 -> 
  custom:scripting/monoscript/fileName/EnemyPatrol.cs: cb3862bdca022c6895bfea2d333c4052 -> 
  custom:CustomObjectIndexerAttribute: 9a22284fe3817be447336de3de66b15e -> 
  custom:container-demuxer-webm: 4f35f7cbe854078d1ac9338744f61a02 -> 
  custom:container-muxer-webm: aa71ff27fc2769a1b78a27578f13a17b -> 
  custom:video-decoder-webm-vp8: 9c59270c3fd7afecdb556c50c9e8de78 -> 
  custom:SearchIndexIgnoredProperties: e643bd26f0fe6173181afceb89e7c659 -> 
  custom:AudioImporter_EditorPlatform: d09bf68614088b80899f8185d706f6e7 -> 
  custom:scripting/monoscript/fileName/PlayerHealth.cs: 49f415306e52895faa0b0a35d62e54a1 -> 
  custom:video-encoder-webm-vp8: eb34c28f22e8b96e1ab97ce403110664 -> 
  custom:audio-decoder-ogg-vorbis: bf7c407c2cedff20999df2af8eb42d56 -> 
  custom:audio-encoder-webm-vorbis: bf7c407c2cedff20999df2af8eb42d56 -> 
  custom:scripting/precompiled-assembly-types:Assembly-CSharp: f2eed11ec28172e98e7fdfd476287cb1 -> 73aa19288931f336944cebea50ea8521
========================================================================
Received Prepare
Caller must complete domain reload
Begin MonoManager ReloadAssembly
- Loaded All Assemblies, in  6.561 seconds
Native extension for WindowsStandalone target not found
Mono: successfully reloaded assembly
- Finished resetting the current domain, in  6.663 seconds
Domain Reload Profiling: 13197ms
	BeginReloadAssembly (474ms)
		ExecutionOrderSort (0ms)
		DisableScriptedObjects (26ms)
		BackupInstance (0ms)
		ReleaseScriptingObjects (0ms)
		CreateAndSetChildDomain (80ms)
	RebuildCommonClasses (87ms)
	RebuildNativeTypeToScriptingClass (32ms)
	initialDomainReloadingComplete (104ms)
	LoadAllAssembliesAndSetupDomain (5836ms)
		LoadAssemblies (5969ms)
		RebuildTransferFunctionScriptingTraits (0ms)
		AnalyzeDomain (181ms)
			TypeCache.Refresh (125ms)
				TypeCache.ScanAssembly (0ms)
			ScanForSourceGeneratedMonoScriptInfo (0ms)
			ResolveRequiredComponents (51ms)
	FinalizeReload (6664ms)
		ReleaseScriptCaches (0ms)
		RebuildScriptCaches (0ms)
		SetupLoadedEditorAssemblies (1054ms)
			LogAssemblyErrors (0ms)
			InitializePlatformSupportModulesInManaged (14ms)
			SetLoadedEditorAssemblies (9ms)
			RefreshPlugins (0ms)
			BeforeProcessingInitializeOnLoad (182ms)
			ProcessInitializeOnLoadAttributes (755ms)
			ProcessInitializeOnLoadMethodAttributes (75ms)
			AfterProcessingInitializeOnLoad (19ms)
			EditorAssembliesLoaded (0ms)
		ExecutionOrderSort2 (0ms)
		AwakeInstancesAfterBackupRestoration (36ms)
Refreshing native plugins compatible for Editor in 13.72 ms, found 4 plugins.
Preloading 0 native plugins for Editor in 0.00 ms.
Unloading 4173 Unused Serialized files (Serialized files now loaded: 0)
Unloading 25 unused Assets / (214.6 KB). Loaded Objects now: 5045.
Memory consumption went from 147.9 MB to 147.7 MB.
Total: 5.497100 ms (FindLiveObjects: 0.677100 ms CreateObjectMapping: 0.348900 ms MarkObjects: 4.139500 ms  DeleteObjects: 0.329300 ms)

Prepare: number of updated asset objects reloaded= 0
AssetImportParameters requested are different than current active one (requested -> active):
  custom:scripting/monoscript/fileName/PlayerHealt.cs: 1b436e11a4ba253093f816810ae8ea0c -> 
  custom:container-demuxer-ogg: 62fdf1f143b41e24485cea50d1cbac27 -> 
  custom:video-decoder-ogg-theora: a1e56fd34408186e4bbccfd4996cb3dc -> 
  custom:framework-win-MediaFoundation: 216162199b28c13a410421893ffa2e32 -> 
  custom:scripting/monoscript/fileName/EnemyPatrol.cs: cb3862bdca022c6895bfea2d333c4052 -> 
  custom:CustomObjectIndexerAttribute: 9a22284fe3817be447336de3de66b15e -> 
  custom:container-demuxer-webm: 4f35f7cbe854078d1ac9338744f61a02 -> 
  custom:container-muxer-webm: aa71ff27fc2769a1b78a27578f13a17b -> 
  custom:video-decoder-webm-vp8: 9c59270c3fd7afecdb556c50c9e8de78 -> 
  custom:SearchIndexIgnoredProperties: e643bd26f0fe6173181afceb89e7c659 -> 
  custom:AudioImporter_EditorPlatform: d09bf68614088b80899f8185d706f6e7 -> 
  custom:scripting/monoscript/fileName/PlayerHealth.cs: 49f415306e52895faa0b0a35d62e54a1 -> 
  custom:video-encoder-webm-vp8: eb34c28f22e8b96e1ab97ce403110664 -> 
  custom:audio-decoder-ogg-vorbis: bf7c407c2cedff20999df2af8eb42d56 -> 
  custom:audio-encoder-webm-vorbis: bf7c407c2cedff20999df2af8eb42d56 -> 
  custom:scripting/precompiled-assembly-types:Assembly-CSharp: f2eed11ec28172e98e7fdfd476287cb1 -> 73aa19288931f336944cebea50ea8521
========================================================================
Received Prepare
Caller must complete domain reload
Begin MonoManager ReloadAssembly
- Loaded All Assemblies, in  2.249 seconds
Native extension for WindowsStandalone target not found
Mono: successfully reloaded assembly
- Finished resetting the current domain, in 12.324 seconds
Domain Reload Profiling: 14564ms
	BeginReloadAssembly (421ms)
		ExecutionOrderSort (0ms)
		DisableScriptedObjects (27ms)
		BackupInstance (0ms)
		ReleaseScriptingObjects (0ms)
		CreateAndSetChildDomain (76ms)
	RebuildCommonClasses (117ms)
	RebuildNativeTypeToScriptingClass (29ms)
	initialDomainReloadingComplete (81ms)
	LoadAllAssembliesAndSetupDomain (1590ms)
		LoadAssemblies (1749ms)
		RebuildTransferFunctionScriptingTraits (0ms)
		AnalyzeDomain (107ms)
			TypeCache.Refresh (25ms)
				TypeCache.ScanAssembly (0ms)
			ScanForSourceGeneratedMonoScriptInfo (0ms)
			ResolveRequiredComponents (66ms)
	FinalizeReload (12325ms)
		ReleaseScriptCaches (0ms)
		RebuildScriptCaches (0ms)
		SetupLoadedEditorAssemblies (1424ms)
			LogAssemblyErrors (0ms)
			InitializePlatformSupportModulesInManaged (17ms)
			SetLoadedEditorAssemblies (10ms)
			RefreshPlugins (0ms)
			BeforeProcessingInitializeOnLoad (225ms)
			ProcessInitializeOnLoadAttributes (1085ms)
			ProcessInitializeOnLoadMethodAttributes (69ms)
			AfterProcessingInitializeOnLoad (17ms)
			EditorAssembliesLoaded (1ms)
		ExecutionOrderSort2 (0ms)
		AwakeInstancesAfterBackupRestoration (32ms)
Refreshing native plugins compatible for Editor in 40.47 ms, found 4 plugins.
Preloading 0 native plugins for Editor in 0.00 ms.
Unloading 4173 Unused Serialized files (Serialized files now loaded: 0)
Unloading 25 unused Assets / (214.7 KB). Loaded Objects now: 5050.
Memory consumption went from 147.9 MB to 147.7 MB.
Total: 6.493600 ms (FindLiveObjects: 0.733500 ms CreateObjectMapping: 0.696500 ms MarkObjects: 4.714600 ms  DeleteObjects: 0.347000 ms)

Prepare: number of updated asset objects reloaded= 0
AssetImportParameters requested are different than current active one (requested -> active):
  custom:scripting/monoscript/fileName/PlayerHealt.cs: 1b436e11a4ba253093f816810ae8ea0c -> 
  custom:container-demuxer-ogg: 62fdf1f143b41e24485cea50d1cbac27 -> 
  custom:video-decoder-ogg-theora: a1e56fd34408186e4bbccfd4996cb3dc -> 
  custom:framework-win-MediaFoundation: 216162199b28c13a410421893ffa2e32 -> 
  custom:scripting/monoscript/fileName/EnemyPatrol.cs: cb3862bdca022c6895bfea2d333c4052 -> 
  custom:CustomObjectIndexerAttribute: 9a22284fe3817be447336de3de66b15e -> 
  custom:container-demuxer-webm: 4f35f7cbe854078d1ac9338744f61a02 -> 
  custom:container-muxer-webm: aa71ff27fc2769a1b78a27578f13a17b -> 
  custom:video-decoder-webm-vp8: 9c59270c3fd7afecdb556c50c9e8de78 -> 
  custom:SearchIndexIgnoredProperties: e643bd26f0fe6173181afceb89e7c659 -> 
  custom:AudioImporter_EditorPlatform: d09bf68614088b80899f8185d706f6e7 -> 
  custom:scripting/monoscript/fileName/PlayerHealth.cs: 49f415306e52895faa0b0a35d62e54a1 -> 
  custom:video-encoder-webm-vp8: eb34c28f22e8b96e1ab97ce403110664 -> 
  custom:audio-decoder-ogg-vorbis: bf7c407c2cedff20999df2af8eb42d56 -> 
  custom:audio-encoder-webm-vorbis: bf7c407c2cedff20999df2af8eb42d56 -> 
  custom:scripting/precompiled-assembly-types:Assembly-CSharp: f2eed11ec28172e98e7fdfd476287cb1 -> 73aa19288931f336944cebea50ea8521
========================================================================
Received Prepare
Caller must complete domain reload
Begin MonoManager ReloadAssembly
- Loaded All Assemblies, in  2.228 seconds
Native extension for WindowsStandalone target not found
Mono: successfully reloaded assembly
- Finished resetting the current domain, in  9.788 seconds
Domain Reload Profiling: 12009ms
	BeginReloadAssembly (454ms)
		ExecutionOrderSort (0ms)
		DisableScriptedObjects (33ms)
		BackupInstance (0ms)
		ReleaseScriptingObjects (0ms)
		CreateAndSetChildDomain (80ms)
	RebuildCommonClasses (76ms)
	RebuildNativeTypeToScriptingClass (29ms)
	initialDomainReloadingComplete (129ms)
	LoadAllAssembliesAndSetupDomain (1530ms)
		LoadAssemblies (1689ms)
		RebuildTransferFunctionScriptingTraits (0ms)
		AnalyzeDomain (91ms)
			TypeCache.Refresh (26ms)
				TypeCache.ScanAssembly (0ms)
			ScanForSourceGeneratedMonoScriptInfo (0ms)
			ResolveRequiredComponents (50ms)
	FinalizeReload (9791ms)
		ReleaseScriptCaches (0ms)
		RebuildScriptCaches (0ms)
		SetupLoadedEditorAssemblies (1500ms)
			LogAssemblyErrors (0ms)
			InitializePlatformSupportModulesInManaged (17ms)
			SetLoadedEditorAssemblies (11ms)
			RefreshPlugins (0ms)
			BeforeProcessingInitializeOnLoad (224ms)
			ProcessInitializeOnLoadAttributes (1078ms)
			ProcessInitializeOnLoadMethodAttributes (149ms)
			AfterProcessingInitializeOnLoad (22ms)
			EditorAssembliesLoaded (1ms)
		ExecutionOrderSort2 (0ms)
		AwakeInstancesAfterBackupRestoration (41ms)
Refreshing native plugins compatible for Editor in 15.49 ms, found 4 plugins.
Preloading 0 native plugins for Editor in 0.00 ms.
Unloading 4173 Unused Serialized files (Serialized files now loaded: 0)
Unloading 25 unused Assets / (214.7 KB). Loaded Objects now: 5055.
Memory consumption went from 147.9 MB to 147.7 MB.
Total: 6.513200 ms (FindLiveObjects: 0.673500 ms CreateObjectMapping: 0.350600 ms MarkObjects: 5.140300 ms  DeleteObjects: 0.346600 ms)

Prepare: number of updated asset objects reloaded= 0
AssetImportParameters requested are different than current active one (requested -> active):
  custom:scripting/monoscript/fileName/PlayerHealt.cs: 1b436e11a4ba253093f816810ae8ea0c -> 
  custom:container-demuxer-ogg: 62fdf1f143b41e24485cea50d1cbac27 -> 
  custom:video-decoder-ogg-theora: a1e56fd34408186e4bbccfd4996cb3dc -> 
  custom:framework-win-MediaFoundation: 216162199b28c13a410421893ffa2e32 -> 
  custom:scripting/monoscript/fileName/EnemyPatrol.cs: cb3862bdca022c6895bfea2d333c4052 -> 
  custom:CustomObjectIndexerAttribute: 9a22284fe3817be447336de3de66b15e -> 
  custom:container-demuxer-webm: 4f35f7cbe854078d1ac9338744f61a02 -> 
  custom:container-muxer-webm: aa71ff27fc2769a1b78a27578f13a17b -> 
  custom:video-decoder-webm-vp8: 9c59270c3fd7afecdb556c50c9e8de78 -> 
  custom:SearchIndexIgnoredProperties: e643bd26f0fe6173181afceb89e7c659 -> 
  custom:AudioImporter_EditorPlatform: d09bf68614088b80899f8185d706f6e7 -> 
  custom:scripting/monoscript/fileName/PlayerHealth.cs: 49f415306e52895faa0b0a35d62e54a1 -> 
  custom:video-encoder-webm-vp8: eb34c28f22e8b96e1ab97ce403110664 -> 
  custom:audio-decoder-ogg-vorbis: bf7c407c2cedff20999df2af8eb42d56 -> 
  custom:audio-encoder-webm-vorbis: bf7c407c2cedff20999df2af8eb42d56 -> 
  custom:scripting/precompiled-assembly-types:Assembly-CSharp: f2eed11ec28172e98e7fdfd476287cb1 -> 73aa19288931f336944cebea50ea8521
========================================================================
Received Prepare
Caller must complete domain reload
Begin MonoManager ReloadAssembly
- Loaded All Assemblies, in  3.043 seconds
Native extension for WindowsStandalone target not found
Mono: successfully reloaded assembly
- Finished resetting the current domain, in 18.774 seconds
Domain Reload Profiling: 21805ms
	BeginReloadAssembly (419ms)
		ExecutionOrderSort (0ms)
		DisableScriptedObjects (26ms)
		BackupInstance (0ms)
		ReleaseScriptingObjects (0ms)
		CreateAndSetChildDomain (104ms)
	RebuildCommonClasses (125ms)
	RebuildNativeTypeToScriptingClass (33ms)
	initialDomainReloadingComplete (87ms)
	LoadAllAssembliesAndSetupDomain (2367ms)
		LoadAssemblies (2325ms)
		RebuildTransferFunctionScriptingTraits (0ms)
		AnalyzeDomain (271ms)
			TypeCache.Refresh (88ms)
				TypeCache.ScanAssembly (0ms)
			ScanForSourceGeneratedMonoScriptInfo (0ms)
			ResolveRequiredComponents (89ms)
	FinalizeReload (18775ms)
		ReleaseScriptCaches (0ms)
		RebuildScriptCaches (0ms)
		SetupLoadedEditorAssemblies (1316ms)
			LogAssemblyErrors (0ms)
			InitializePlatformSupportModulesInManaged (19ms)
			SetLoadedEditorAssemblies (29ms)
			RefreshPlugins (0ms)
			BeforeProcessingInitializeOnLoad (202ms)
			ProcessInitializeOnLoadAttributes (945ms)
			ProcessInitializeOnLoadMethodAttributes (97ms)
			AfterProcessingInitializeOnLoad (24ms)
			EditorAssembliesLoaded (1ms)
		ExecutionOrderSort2 (0ms)
		AwakeInstancesAfterBackupRestoration (82ms)
Refreshing native plugins compatible for Editor in 17.19 ms, found 4 plugins.
Preloading 0 native plugins for Editor in 0.00 ms.
Unloading 4173 Unused Serialized files (Serialized files now loaded: 0)
Unloading 25 unused Assets / (214.6 KB). Loaded Objects now: 5060.
Memory consumption went from 147.9 MB to 147.7 MB.
Total: 6.894000 ms (FindLiveObjects: 0.689100 ms CreateObjectMapping: 0.355000 ms MarkObjects: 5.515500 ms  DeleteObjects: 0.332700 ms)

Prepare: number of updated asset objects reloaded= 0
AssetImportParameters requested are different than current active one (requested -> active):
  custom:scripting/monoscript/fileName/PlayerHealt.cs: 1b436e11a4ba253093f816810ae8ea0c -> 
  custom:container-demuxer-ogg: 62fdf1f143b41e24485cea50d1cbac27 -> 
  custom:video-decoder-ogg-theora: a1e56fd34408186e4bbccfd4996cb3dc -> 
  custom:framework-win-MediaFoundation: 216162199b28c13a410421893ffa2e32 -> 
  custom:scripting/monoscript/fileName/EnemyPatrol.cs: cb3862bdca022c6895bfea2d333c4052 -> 
  custom:CustomObjectIndexerAttribute: 9a22284fe3817be447336de3de66b15e -> 
  custom:container-demuxer-webm: 4f35f7cbe854078d1ac9338744f61a02 -> 
  custom:container-muxer-webm: aa71ff27fc2769a1b78a27578f13a17b -> 
  custom:video-decoder-webm-vp8: 9c59270c3fd7afecdb556c50c9e8de78 -> 
  custom:SearchIndexIgnoredProperties: e643bd26f0fe6173181afceb89e7c659 -> 
  custom:AudioImporter_EditorPlatform: d09bf68614088b80899f8185d706f6e7 -> 
  custom:scripting/monoscript/fileName/PlayerHealth.cs: 49f415306e52895faa0b0a35d62e54a1 -> 
  custom:video-encoder-webm-vp8: eb34c28f22e8b96e1ab97ce403110664 -> 
  custom:audio-decoder-ogg-vorbis: bf7c407c2cedff20999df2af8eb42d56 -> 
  custom:audio-encoder-webm-vorbis: bf7c407c2cedff20999df2af8eb42d56 -> 
  custom:scripting/precompiled-assembly-types:Assembly-CSharp: f2eed11ec28172e98e7fdfd476287cb1 -> 73aa19288931f336944cebea50ea8521
========================================================================
Received Prepare
Caller must complete domain reload
Begin MonoManager ReloadAssembly
- Loaded All Assemblies, in  1.885 seconds
Native extension for WindowsStandalone target not found
Mono: successfully reloaded assembly
- Finished resetting the current domain, in  5.104 seconds
Domain Reload Profiling: 6980ms
	BeginReloadAssembly (457ms)
		ExecutionOrderSort (0ms)
		DisableScriptedObjects (29ms)
		BackupInstance (0ms)
		ReleaseScriptingObjects (0ms)
		CreateAndSetChildDomain (79ms)
	RebuildCommonClasses (74ms)
	RebuildNativeTypeToScriptingClass (61ms)
	initialDomainReloadingComplete (151ms)
	LoadAllAssembliesAndSetupDomain (1131ms)
		LoadAssemblies (1081ms)
		RebuildTransferFunctionScriptingTraits (0ms)
		AnalyzeDomain (348ms)
			TypeCache.Refresh (289ms)
				TypeCache.ScanAssembly (2ms)
			ScanForSourceGeneratedMonoScriptInfo (39ms)
			ResolveRequiredComponents (17ms)
	FinalizeReload (5105ms)
		ReleaseScriptCaches (0ms)
		RebuildScriptCaches (0ms)
		SetupLoadedEditorAssemblies (2849ms)
			LogAssemblyErrors (0ms)
			InitializePlatformSupportModulesInManaged (15ms)
			SetLoadedEditorAssemblies (9ms)
			RefreshPlugins (0ms)
			BeforeProcessingInitializeOnLoad (209ms)
			ProcessInitializeOnLoadAttributes (833ms)
			ProcessInitializeOnLoadMethodAttributes (277ms)
			AfterProcessingInitializeOnLoad (1505ms)
			EditorAssembliesLoaded (0ms)
		ExecutionOrderSort2 (0ms)
		AwakeInstancesAfterBackupRestoration (117ms)
Refreshing native plugins compatible for Editor in 73.69 ms, found 4 plugins.
Preloading 0 native plugins for Editor in 0.00 ms.
Unloading 4173 Unused Serialized files (Serialized files now loaded: 0)
Unloading 25 unused Assets / (214.5 KB). Loaded Objects now: 5065.
Memory consumption went from 147.9 MB to 147.7 MB.
Total: 31.847300 ms (FindLiveObjects: 0.895900 ms CreateObjectMapping: 0.716800 ms MarkObjects: 29.747800 ms  DeleteObjects: 0.484600 ms)

Prepare: number of updated asset objects reloaded= 0
AssetImportParameters requested are different than current active one (requested -> active):
  custom:scripting/monoscript/fileName/PlayerHealt.cs: 1b436e11a4ba253093f816810ae8ea0c -> 
  custom:container-demuxer-ogg: 62fdf1f143b41e24485cea50d1cbac27 -> 
  custom:video-decoder-ogg-theora: a1e56fd34408186e4bbccfd4996cb3dc -> 
  custom:framework-win-MediaFoundation: 216162199b28c13a410421893ffa2e32 -> 
  custom:scripting/monoscript/fileName/EnemyPatrol.cs: cb3862bdca022c6895bfea2d333c4052 -> 
  custom:CustomObjectIndexerAttribute: 9a22284fe3817be447336de3de66b15e -> 
  custom:container-demuxer-webm: 4f35f7cbe854078d1ac9338744f61a02 -> 
  custom:container-muxer-webm: aa71ff27fc2769a1b78a27578f13a17b -> 
  custom:video-decoder-webm-vp8: 9c59270c3fd7afecdb556c50c9e8de78 -> 
  custom:SearchIndexIgnoredProperties: e643bd26f0fe6173181afceb89e7c659 -> 
  custom:AudioImporter_EditorPlatform: d09bf68614088b80899f8185d706f6e7 -> 
  custom:scripting/monoscript/fileName/PlayerHealth.cs: 49f415306e52895faa0b0a35d62e54a1 -> 
  custom:video-encoder-webm-vp8: eb34c28f22e8b96e1ab97ce403110664 -> 
  custom:audio-decoder-ogg-vorbis: bf7c407c2cedff20999df2af8eb42d56 -> 
  custom:audio-encoder-webm-vorbis: bf7c407c2cedff20999df2af8eb42d56 -> 
  custom:scripting/precompiled-assembly-types:Assembly-CSharp: f2eed11ec28172e98e7fdfd476287cb1 -> 73aa19288931f336944cebea50ea8521
========================================================================
Received Prepare
Caller must complete domain reload
Begin MonoManager ReloadAssembly
- Loaded All Assemblies, in  1.521 seconds
Native extension for WindowsStandalone target not found
Mono: successfully reloaded assembly
- Finished resetting the current domain, in 12.261 seconds
Domain Reload Profiling: 13741ms
	BeginReloadAssembly (462ms)
		ExecutionOrderSort (0ms)
		DisableScriptedObjects (41ms)
		BackupInstance (0ms)
		ReleaseScriptingObjects (0ms)
		CreateAndSetChildDomain (83ms)
	RebuildCommonClasses (81ms)
	RebuildNativeTypeToScriptingClass (34ms)
	initialDomainReloadingComplete (90ms)
	LoadAllAssembliesAndSetupDomain (811ms)
		LoadAssemblies (1065ms)
		RebuildTransferFunctionScriptingTraits (0ms)
		AnalyzeDomain (29ms)
			TypeCache.Refresh (13ms)
				TypeCache.ScanAssembly (0ms)
			ScanForSourceGeneratedMonoScriptInfo (0ms)
			ResolveRequiredComponents (13ms)
	FinalizeReload (12263ms)
		ReleaseScriptCaches (0ms)
		RebuildScriptCaches (0ms)
		SetupLoadedEditorAssemblies (3385ms)
			LogAssemblyErrors (0ms)
			InitializePlatformSupportModulesInManaged (16ms)
			SetLoadedEditorAssemblies (10ms)
			RefreshPlugins (0ms)
			BeforeProcessingInitializeOnLoad (1203ms)
			ProcessInitializeOnLoadAttributes (1418ms)
			ProcessInitializeOnLoadMethodAttributes (600ms)
			AfterProcessingInitializeOnLoad (137ms)
			EditorAssembliesLoaded (2ms)
		ExecutionOrderSort2 (0ms)
		AwakeInstancesAfterBackupRestoration (58ms)
Refreshing native plugins compatible for Editor in 17.80 ms, found 4 plugins.
Preloading 0 native plugins for Editor in 0.00 ms.
Unloading 4173 Unused Serialized files (Serialized files now loaded: 0)
Unloading 25 unused Assets / (214.6 KB). Loaded Objects now: 5070.
Memory consumption went from 147.9 MB to 147.7 MB.
Total: 6.475100 ms (FindLiveObjects: 0.712300 ms CreateObjectMapping: 0.453000 ms MarkObjects: 4.977500 ms  DeleteObjects: 0.330800 ms)

Prepare: number of updated asset objects reloaded= 0
AssetImportParameters requested are different than current active one (requested -> active):
  custom:scripting/monoscript/fileName/PlayerHealt.cs: 1b436e11a4ba253093f816810ae8ea0c -> 
  custom:container-demuxer-ogg: 62fdf1f143b41e24485cea50d1cbac27 -> 
  custom:video-decoder-ogg-theora: a1e56fd34408186e4bbccfd4996cb3dc -> 
  custom:framework-win-MediaFoundation: 216162199b28c13a410421893ffa2e32 -> 
  custom:scripting/monoscript/fileName/EnemyPatrol.cs: cb3862bdca022c6895bfea2d333c4052 -> 
  custom:CustomObjectIndexerAttribute: 9a22284fe3817be447336de3de66b15e -> 
  custom:container-demuxer-webm: 4f35f7cbe854078d1ac9338744f61a02 -> 
  custom:container-muxer-webm: aa71ff27fc2769a1b78a27578f13a17b -> 
  custom:video-decoder-webm-vp8: 9c59270c3fd7afecdb556c50c9e8de78 -> 
  custom:SearchIndexIgnoredProperties: e643bd26f0fe6173181afceb89e7c659 -> 
  custom:AudioImporter_EditorPlatform: d09bf68614088b80899f8185d706f6e7 -> 
  custom:scripting/monoscript/fileName/PlayerHealth.cs: 49f415306e52895faa0b0a35d62e54a1 -> 
  custom:video-encoder-webm-vp8: eb34c28f22e8b96e1ab97ce403110664 -> 
  custom:audio-decoder-ogg-vorbis: bf7c407c2cedff20999df2af8eb42d56 -> 
  custom:audio-encoder-webm-vorbis: bf7c407c2cedff20999df2af8eb42d56 -> 
  custom:scripting/precompiled-assembly-types:Assembly-CSharp: f2eed11ec28172e98e7fdfd476287cb1 -> 73aa19288931f336944cebea50ea8521
========================================================================
Received Import Request.
  Time since last request: 6844.003432 seconds.
  path: Assets/Scrpts/LivesUI.cs
  artifactKey: Guid(b50f41366a3bb2a468783e5f6729a3a0) Importer(815301076,1909f56bfc062723c751e8b465ee728b)
Start importing Assets/Scrpts/LivesUI.cs using Guid(b50f41366a3bb2a468783e5f6729a3a0) Importer(815301076,1909f56bfc062723c751e8b465ee728b) [PhysX] Initialized MultithreadedTaskDispatcher with 2 workers.
 -> (artifact id: '6151bb3f7121c247941feabaa367dad7') in 0.012286 seconds
Number of updated asset objects reloaded before import = 0
Number of asset objects unloaded after import = 0
========================================================================
Received Prepare
Caller must complete domain reload
Begin MonoManager ReloadAssembly
- Loaded All Assemblies, in 20.141 seconds
Native extension for WindowsStandalone target not found
Mono: successfully reloaded assembly
- Finished resetting the current domain, in 13.683 seconds
Domain Reload Profiling: 33807ms
	BeginReloadAssembly (639ms)
		ExecutionOrderSort (0ms)
		DisableScriptedObjects (31ms)
		BackupInstance (0ms)
		ReleaseScriptingObjects (0ms)
		CreateAndSetChildDomain (104ms)
	RebuildCommonClasses (133ms)
	RebuildNativeTypeToScriptingClass (37ms)
	initialDomainReloadingComplete (135ms)
	LoadAllAssembliesAndSetupDomain (19179ms)
		LoadAssemblies (19192ms)
		RebuildTransferFunctionScriptingTraits (0ms)
		AnalyzeDomain (396ms)
			TypeCache.Refresh (42ms)
				TypeCache.ScanAssembly (3ms)
			ScanForSourceGeneratedMonoScriptInfo (291ms)
			ResolveRequiredComponents (58ms)
	FinalizeReload (13684ms)
		ReleaseScriptCaches (0ms)
		RebuildScriptCaches (0ms)
		SetupLoadedEditorAssemblies (6278ms)
			LogAssemblyErrors (0ms)
			InitializePlatformSupportModulesInManaged (16ms)
			SetLoadedEditorAssemblies (10ms)
			RefreshPlugins (0ms)
			BeforeProcessingInitializeOnLoad (230ms)
			ProcessInitializeOnLoadAttributes (5905ms)
			ProcessInitializeOnLoadMethodAttributes (97ms)
			AfterProcessingInitializeOnLoad (20ms)
			EditorAssembliesLoaded (0ms)
		ExecutionOrderSort2 (0ms)
		AwakeInstancesAfterBackupRestoration (37ms)
Script is not up to date after domain reload: guid(b50f41366a3bb2a468783e5f6729a3a0) path("Assets/Scrpts/LivesUI.cs") state(2)
Refreshing native plugins compatible for Editor in 22.05 ms, found 4 plugins.
Preloading 0 native plugins for Editor in 0.00 ms.
Unloading 4172 Unused Serialized files (Serialized files now loaded: 0)
Unloading 25 unused Assets / (214.4 KB). Loaded Objects now: 5075.
Memory consumption went from 147.6 MB to 147.4 MB.
Total: 27.775200 ms (FindLiveObjects: 1.280500 ms CreateObjectMapping: 0.607500 ms MarkObjects: 25.534800 ms  DeleteObjects: 0.350200 ms)

Prepare: number of updated asset objects reloaded= 0
AssetImportParameters requested are different than current active one (requested -> active):
  custom:scripting/monoscript/fileName/PlayerHealt.cs: 1b436e11a4ba253093f816810ae8ea0c -> 
  custom:container-demuxer-ogg: 62fdf1f143b41e24485cea50d1cbac27 -> 
  custom:video-decoder-ogg-theora: a1e56fd34408186e4bbccfd4996cb3dc -> 
  custom:framework-win-MediaFoundation: 216162199b28c13a410421893ffa2e32 -> 
  custom:scripting/monoscript/fileName/EnemyPatrol.cs: cb3862bdca022c6895bfea2d333c4052 -> 
  custom:CustomObjectIndexerAttribute: 9a22284fe3817be447336de3de66b15e -> 
  custom:container-demuxer-webm: 4f35f7cbe854078d1ac9338744f61a02 -> 
  custom:container-muxer-webm: aa71ff27fc2769a1b78a27578f13a17b -> 
  custom:video-decoder-webm-vp8: 9c59270c3fd7afecdb556c50c9e8de78 -> 
  custom:SearchIndexIgnoredProperties: e643bd26f0fe6173181afceb89e7c659 -> 
  custom:AudioImporter_EditorPlatform: d09bf68614088b80899f8185d706f6e7 -> 
  custom:scripting/monoscript/fileName/LivesUI.cs: c8bacc9b0203b61d2547667e566ff523 -> 
  custom:scripting/monoscript/fileName/PlayerHealth.cs: 49f415306e52895faa0b0a35d62e54a1 -> 
  custom:video-encoder-webm-vp8: eb34c28f22e8b96e1ab97ce403110664 -> 
  custom:audio-decoder-ogg-vorbis: bf7c407c2cedff20999df2af8eb42d56 -> 
  custom:audio-encoder-webm-vorbis: bf7c407c2cedff20999df2af8eb42d56 -> 
  custom:scripting/precompiled-assembly-types:Assembly-CSharp: 756514dda1dce5f552be9675af6528d4 -> 73aa19288931f336944cebea50ea8521
========================================================================
Received Prepare
Caller must complete domain reload
Begin MonoManager ReloadAssembly
- Loaded All Assemblies, in  3.866 seconds
Native extension for WindowsStandalone target not found
Mono: successfully reloaded assembly
- Finished resetting the current domain, in 25.168 seconds
Domain Reload Profiling: 29008ms
	BeginReloadAssembly (960ms)
		ExecutionOrderSort (0ms)
		DisableScriptedObjects (51ms)
		BackupInstance (0ms)
		ReleaseScriptingObjects (0ms)
		CreateAndSetChildDomain (495ms)
	RebuildCommonClasses (86ms)
	RebuildNativeTypeToScriptingClass (45ms)
	initialDomainReloadingComplete (138ms)
	LoadAllAssembliesAndSetupDomain (2609ms)
		LoadAssemblies (2748ms)
		RebuildTransferFunctionScriptingTraits (0ms)
		AnalyzeDomain (210ms)
			TypeCache.Refresh (104ms)
				TypeCache.ScanAssembly (5ms)
			ScanForSourceGeneratedMonoScriptInfo (63ms)
			ResolveRequiredComponents (42ms)
	FinalizeReload (25169ms)
		ReleaseScriptCaches (0ms)
		RebuildScriptCaches (0ms)
		SetupLoadedEditorAssemblies (1111ms)
			LogAssemblyErrors (0ms)
			InitializePlatformSupportModulesInManaged (17ms)
			SetLoadedEditorAssemblies (11ms)
			RefreshPlugins (0ms)
			BeforeProcessingInitializeOnLoad (182ms)
			ProcessInitializeOnLoadAttributes (776ms)
			ProcessInitializeOnLoadMethodAttributes (80ms)
			AfterProcessingInitializeOnLoad (44ms)
			EditorAssembliesLoaded (0ms)
		ExecutionOrderSort2 (0ms)
		AwakeInstancesAfterBackupRestoration (39ms)
Refreshing native plugins compatible for Editor in 14.66 ms, found 4 plugins.
Preloading 0 native plugins for Editor in 0.00 ms.
Unloading 4174 Unused Serialized files (Serialized files now loaded: 0)
Unloading 25 unused Assets / (214.7 KB). Loaded Objects now: 5081.
Memory consumption went from 147.9 MB to 147.7 MB.
Total: 5.934400 ms (FindLiveObjects: 0.697400 ms CreateObjectMapping: 0.356200 ms MarkObjects: 4.552500 ms  DeleteObjects: 0.326800 ms)

Prepare: number of updated asset objects reloaded= 0
AssetImportParameters requested are different than current active one (requested -> active):
  custom:scripting/monoscript/fileName/PlayerHealt.cs: 1b436e11a4ba253093f816810ae8ea0c -> 
  custom:container-demuxer-ogg: 62fdf1f143b41e24485cea50d1cbac27 -> 
  custom:video-decoder-ogg-theora: a1e56fd34408186e4bbccfd4996cb3dc -> 
  custom:framework-win-MediaFoundation: 216162199b28c13a410421893ffa2e32 -> 
  custom:scripting/monoscript/fileName/EnemyPatrol.cs: cb3862bdca022c6895bfea2d333c4052 -> 
  custom:CustomObjectIndexerAttribute: 9a22284fe3817be447336de3de66b15e -> 
  custom:container-demuxer-webm: 4f35f7cbe854078d1ac9338744f61a02 -> 
  custom:container-muxer-webm: aa71ff27fc2769a1b78a27578f13a17b -> 
  custom:video-decoder-webm-vp8: 9c59270c3fd7afecdb556c50c9e8de78 -> 
  custom:SearchIndexIgnoredProperties: e643bd26f0fe6173181afceb89e7c659 -> 
  custom:AudioImporter_EditorPlatform: d09bf68614088b80899f8185d706f6e7 -> 
  custom:scripting/monoscript/fileName/LivesUI.cs: c8bacc9b0203b61d2547667e566ff523 -> 
  custom:scripting/monoscript/fileName/PlayerHealth.cs: 49f415306e52895faa0b0a35d62e54a1 -> 
  custom:video-encoder-webm-vp8: eb34c28f22e8b96e1ab97ce403110664 -> 
  custom:audio-decoder-ogg-vorbis: bf7c407c2cedff20999df2af8eb42d56 -> 
  custom:audio-encoder-webm-vorbis: bf7c407c2cedff20999df2af8eb42d56 -> 
  custom:scripting/precompiled-assembly-types:Assembly-CSharp: 756514dda1dce5f552be9675af6528d4 -> 73aa19288931f336944cebea50ea8521
========================================================================
Received Import Request.
  Time since last request: 89.949816 seconds.
  path: Assets/Scrpts/LivesUI.cs
  artifactKey: Guid(b50f41366a3bb2a468783e5f6729a3a0) Importer(815301076,1909f56bfc062723c751e8b465ee728b)
Start importing Assets/Scrpts/LivesUI.cs using Guid(b50f41366a3bb2a468783e5f6729a3a0) Importer(815301076,1909f56bfc062723c751e8b465ee728b) [PhysX] Initialized MultithreadedTaskDispatcher with 2 workers.
 -> (artifact id: '463c4f4adc432c9629abf8d074c3556b') in 0.003726 seconds
Number of updated asset objects reloaded before import = 0
Number of asset objects unloaded after import = 0
========================================================================
Received Prepare
Caller must complete domain reload
Begin MonoManager ReloadAssembly
- Loaded All Assemblies, in  4.245 seconds
Native extension for WindowsStandalone target not found
Mono: successfully reloaded assembly
- Finished resetting the current domain, in  9.790 seconds
Domain Reload Profiling: 14036ms
	BeginReloadAssembly (1259ms)
		ExecutionOrderSort (0ms)
		DisableScriptedObjects (33ms)
		BackupInstance (0ms)
		ReleaseScriptingObjects (0ms)
		CreateAndSetChildDomain (114ms)
	RebuildCommonClasses (78ms)
	RebuildNativeTypeToScriptingClass (36ms)
	initialDomainReloadingComplete (80ms)
	LoadAllAssembliesAndSetupDomain (2781ms)
		LoadAssemblies (3610ms)
		RebuildTransferFunctionScriptingTraits (0ms)
		AnalyzeDomain (218ms)
			TypeCache.Refresh (23ms)
				TypeCache.ScanAssembly (0ms)
			ScanForSourceGeneratedMonoScriptInfo (0ms)
			ResolveRequiredComponents (183ms)
	FinalizeReload (9801ms)
		ReleaseScriptCaches (0ms)
		RebuildScriptCaches (0ms)
		SetupLoadedEditorAssemblies (2319ms)
			LogAssemblyErrors (0ms)
			InitializePlatformSupportModulesInManaged (34ms)
			SetLoadedEditorAssemblies (17ms)
			RefreshPlugins (0ms)
			BeforeProcessingInitializeOnLoad (469ms)
			ProcessInitializeOnLoadAttributes (1283ms)
			ProcessInitializeOnLoadMethodAttributes (335ms)
			AfterProcessingInitializeOnLoad (181ms)
			EditorAssembliesLoaded (1ms)
		ExecutionOrderSort2 (0ms)
		AwakeInstancesAfterBackupRestoration (147ms)
Refreshing native plugins compatible for Editor in 16.51 ms, found 4 plugins.
Preloading 0 native plugins for Editor in 0.00 ms.
Unloading 4173 Unused Serialized files (Serialized files now loaded: 0)
Unloading 25 unused Assets / (214.5 KB). Loaded Objects now: 5086.
Memory consumption went from 147.7 MB to 147.5 MB.
Total: 7.591400 ms (FindLiveObjects: 0.911400 ms CreateObjectMapping: 0.628800 ms MarkObjects: 5.426600 ms  DeleteObjects: 0.623000 ms)

Prepare: number of updated asset objects reloaded= 0
AssetImportParameters requested are different than current active one (requested -> active):
  custom:scripting/monoscript/fileName/PlayerHealt.cs: 1b436e11a4ba253093f816810ae8ea0c -> 
  custom:container-demuxer-ogg: 62fdf1f143b41e24485cea50d1cbac27 -> 
  custom:video-decoder-ogg-theora: a1e56fd34408186e4bbccfd4996cb3dc -> 
  custom:framework-win-MediaFoundation: 216162199b28c13a410421893ffa2e32 -> 
  custom:scripting/monoscript/fileName/EnemyPatrol.cs: cb3862bdca022c6895bfea2d333c4052 -> 
  custom:CustomObjectIndexerAttribute: 9a22284fe3817be447336de3de66b15e -> 
  custom:container-demuxer-webm: 4f35f7cbe854078d1ac9338744f61a02 -> 
  custom:container-muxer-webm: aa71ff27fc2769a1b78a27578f13a17b -> 
  custom:video-decoder-webm-vp8: 9c59270c3fd7afecdb556c50c9e8de78 -> 
  custom:SearchIndexIgnoredProperties: e643bd26f0fe6173181afceb89e7c659 -> 
  custom:AudioImporter_EditorPlatform: d09bf68614088b80899f8185d706f6e7 -> 
  custom:scripting/monoscript/fileName/LivesUI.cs: c8bacc9b0203b61d2547667e566ff523 -> 
  custom:scripting/monoscript/fileName/PlayerHealth.cs: 49f415306e52895faa0b0a35d62e54a1 -> 
  custom:video-encoder-webm-vp8: eb34c28f22e8b96e1ab97ce403110664 -> 
  custom:audio-decoder-ogg-vorbis: bf7c407c2cedff20999df2af8eb42d56 -> 
  custom:audio-encoder-webm-vorbis: bf7c407c2cedff20999df2af8eb42d56 -> 
  custom:scripting/precompiled-assembly-types:Assembly-CSharp: 756514dda1dce5f552be9675af6528d4 -> 73aa19288931f336944cebea50ea8521
========================================================================
Received Prepare
Caller must complete domain reload
Begin MonoManager ReloadAssembly
- Loaded All Assemblies, in  2.726 seconds
Native extension for WindowsStandalone target not found
Mono: successfully reloaded assembly
- Finished resetting the current domain, in  4.158 seconds
Domain Reload Profiling: 6876ms
	BeginReloadAssembly (1333ms)
		ExecutionOrderSort (0ms)
		DisableScriptedObjects (26ms)
		BackupInstance (0ms)
		ReleaseScriptingObjects (0ms)
		CreateAndSetChildDomain (74ms)
	RebuildCommonClasses (77ms)
	RebuildNativeTypeToScriptingClass (40ms)
	initialDomainReloadingComplete (81ms)
	LoadAllAssembliesAndSetupDomain (1186ms)
		LoadAssemblies (2225ms)
		RebuildTransferFunctionScriptingTraits (0ms)
		AnalyzeDomain (86ms)
			TypeCache.Refresh (44ms)
				TypeCache.ScanAssembly (0ms)
			ScanForSourceGeneratedMonoScriptInfo (0ms)
			ResolveRequiredComponents (39ms)
	FinalizeReload (4159ms)
		ReleaseScriptCaches (0ms)
		RebuildScriptCaches (0ms)
		SetupLoadedEditorAssemblies (1746ms)
			LogAssemblyErrors (0ms)
			InitializePlatformSupportModulesInManaged (26ms)
			SetLoadedEditorAssemblies (26ms)
			RefreshPlugins (0ms)
			BeforeProcessingInitializeOnLoad (467ms)
			ProcessInitializeOnLoadAttributes (1067ms)
			ProcessInitializeOnLoadMethodAttributes (89ms)
			AfterProcessingInitializeOnLoad (71ms)
			EditorAssembliesLoaded (1ms)
		ExecutionOrderSort2 (0ms)
		AwakeInstancesAfterBackupRestoration (37ms)
Refreshing native plugins compatible for Editor in 40.20 ms, found 4 plugins.
Preloading 0 native plugins for Editor in 0.00 ms.
Unloading 4174 Unused Serialized files (Serialized files now loaded: 0)
Unloading 25 unused Assets / (214.5 KB). Loaded Objects now: 5091.
Memory consumption went from 147.9 MB to 147.7 MB.
Total: 9.096200 ms (FindLiveObjects: 0.708100 ms CreateObjectMapping: 0.489700 ms MarkObjects: 7.555900 ms  DeleteObjects: 0.340600 ms)

Prepare: number of updated asset objects reloaded= 0
AssetImportParameters requested are different than current active one (requested -> active):
  custom:scripting/monoscript/fileName/PlayerHealt.cs: 1b436e11a4ba253093f816810ae8ea0c -> 
  custom:container-demuxer-ogg: 62fdf1f143b41e24485cea50d1cbac27 -> 
  custom:video-decoder-ogg-theora: a1e56fd34408186e4bbccfd4996cb3dc -> 
  custom:framework-win-MediaFoundation: 216162199b28c13a410421893ffa2e32 -> 
  custom:scripting/monoscript/fileName/EnemyPatrol.cs: cb3862bdca022c6895bfea2d333c4052 -> 
  custom:CustomObjectIndexerAttribute: 9a22284fe3817be447336de3de66b15e -> 
  custom:container-demuxer-webm: 4f35f7cbe854078d1ac9338744f61a02 -> 
  custom:container-muxer-webm: aa71ff27fc2769a1b78a27578f13a17b -> 
  custom:video-decoder-webm-vp8: 9c59270c3fd7afecdb556c50c9e8de78 -> 
  custom:SearchIndexIgnoredProperties: e643bd26f0fe6173181afceb89e7c659 -> 
  custom:AudioImporter_EditorPlatform: d09bf68614088b80899f8185d706f6e7 -> 
  custom:scripting/monoscript/fileName/LivesUI.cs: c8bacc9b0203b61d2547667e566ff523 -> 
  custom:scripting/monoscript/fileName/PlayerHealth.cs: 49f415306e52895faa0b0a35d62e54a1 -> 
  custom:video-encoder-webm-vp8: eb34c28f22e8b96e1ab97ce403110664 -> 
  custom:audio-decoder-ogg-vorbis: bf7c407c2cedff20999df2af8eb42d56 -> 
  custom:audio-encoder-webm-vorbis: bf7c407c2cedff20999df2af8eb42d56 -> 
  custom:scripting/precompiled-assembly-types:Assembly-CSharp: 756514dda1dce5f552be9675af6528d4 -> 73aa19288931f336944cebea50ea8521
========================================================================
Received Prepare
Caller must complete domain reload
Begin MonoManager ReloadAssembly
- Loaded All Assemblies, in 10.124 seconds
Native extension for WindowsStandalone target not found
Mono: successfully reloaded assembly
- Finished resetting the current domain, in 11.439 seconds
Domain Reload Profiling: 18010ms
	BeginReloadAssembly (545ms)
		ExecutionOrderSort (1ms)
		DisableScriptedObjects (34ms)
		BackupInstance (0ms)
		ReleaseScriptingObjects (1ms)
		CreateAndSetChildDomain (98ms)
	RebuildCommonClasses (156ms)
	RebuildNativeTypeToScriptingClass (35ms)
	initialDomainReloadingComplete (129ms)
	LoadAllAssembliesAndSetupDomain (5699ms)
		LoadAssemblies (5858ms)
		RebuildTransferFunctionScriptingTraits (0ms)
		AnalyzeDomain (133ms)
			TypeCache.Refresh (52ms)
				TypeCache.ScanAssembly (0ms)
			ScanForSourceGeneratedMonoScriptInfo (0ms)
			ResolveRequiredComponents (77ms)
	FinalizeReload (11446ms)
		ReleaseScriptCaches (0ms)
		RebuildScriptCaches (0ms)
		SetupLoadedEditorAssemblies (3911ms)
			LogAssemblyErrors (0ms)
			InitializePlatformSupportModulesInManaged (69ms)
			SetLoadedEditorAssemblies (34ms)
			RefreshPlugins (0ms)
			BeforeProcessingInitializeOnLoad (895ms)
			ProcessInitializeOnLoadAttributes (2821ms)
			ProcessInitializeOnLoadMethodAttributes (72ms)
			AfterProcessingInitializeOnLoad (20ms)
			EditorAssembliesLoaded (0ms)
		ExecutionOrderSort2 (0ms)
		AwakeInstancesAfterBackupRestoration (98ms)
Refreshing native plugins compatible for Editor in 42.65 ms, found 4 plugins.
Preloading 0 native plugins for Editor in 0.00 ms.
Unloading 4174 Unused Serialized files (Serialized files now loaded: 0)
Unloading 25 unused Assets / (214.7 KB). Loaded Objects now: 5096.
Memory consumption went from 147.9 MB to 147.7 MB.
Total: 8.728700 ms (FindLiveObjects: 0.852200 ms CreateObjectMapping: 0.620200 ms MarkObjects: 6.758700 ms  DeleteObjects: 0.495700 ms)

Prepare: number of updated asset objects reloaded= 0
AssetImportParameters requested are different than current active one (requested -> active):
  custom:scripting/monoscript/fileName/PlayerHealt.cs: 1b436e11a4ba253093f816810ae8ea0c -> 
  custom:container-demuxer-ogg: 62fdf1f143b41e24485cea50d1cbac27 -> 
  custom:video-decoder-ogg-theora: a1e56fd34408186e4bbccfd4996cb3dc -> 
  custom:framework-win-MediaFoundation: 216162199b28c13a410421893ffa2e32 -> 
  custom:scripting/monoscript/fileName/EnemyPatrol.cs: cb3862bdca022c6895bfea2d333c4052 -> 
  custom:CustomObjectIndexerAttribute: 9a22284fe3817be447336de3de66b15e -> 
  custom:container-demuxer-webm: 4f35f7cbe854078d1ac9338744f61a02 -> 
  custom:container-muxer-webm: aa71ff27fc2769a1b78a27578f13a17b -> 
  custom:video-decoder-webm-vp8: 9c59270c3fd7afecdb556c50c9e8de78 -> 
  custom:SearchIndexIgnoredProperties: e643bd26f0fe6173181afceb89e7c659 -> 
  custom:AudioImporter_EditorPlatform: d09bf68614088b80899f8185d706f6e7 -> 
  custom:scripting/monoscript/fileName/LivesUI.cs: c8bacc9b0203b61d2547667e566ff523 -> 
  custom:scripting/monoscript/fileName/PlayerHealth.cs: 49f415306e52895faa0b0a35d62e54a1 -> 
  custom:video-encoder-webm-vp8: eb34c28f22e8b96e1ab97ce403110664 -> 
  custom:audio-decoder-ogg-vorbis: bf7c407c2cedff20999df2af8eb42d56 -> 
  custom:audio-encoder-webm-vorbis: bf7c407c2cedff20999df2af8eb42d56 -> 
  custom:scripting/precompiled-assembly-types:Assembly-CSharp: 756514dda1dce5f552be9675af6528d4 -> 73aa19288931f336944cebea50ea8521
========================================================================
Received Import Request.
  Time since last request: 1263.236847 seconds.
  path: Assets/Scrpts/PlayerHealth.cs
  artifactKey: Guid(eeda862f0f08ca54b8c4798001d06435) Importer(815301076,1909f56bfc062723c751e8b465ee728b)
Start importing Assets/Scrpts/PlayerHealth.cs using Guid(eeda862f0f08ca54b8c4798001d06435) Importer(815301076,1909f56bfc062723c751e8b465ee728b) [PhysX] Initialized MultithreadedTaskDispatcher with 2 workers.
 -> (artifact id: '981467c094c4984e600efad554d64b55') in 0.006021 seconds
Number of updated asset objects reloaded before import = 0
Number of asset objects unloaded after import = 0
========================================================================
Received Prepare
Caller must complete domain reload
Begin MonoManager ReloadAssembly
- Loaded All Assemblies, in  1.424 seconds
Native extension for WindowsStandalone target not found
Mono: successfully reloaded assembly
- Finished resetting the current domain, in 16.914 seconds
Domain Reload Profiling: 18330ms
	BeginReloadAssembly (461ms)
		ExecutionOrderSort (0ms)
		DisableScriptedObjects (36ms)
		BackupInstance (0ms)
		ReleaseScriptingObjects (0ms)
		CreateAndSetChildDomain (107ms)
	RebuildCommonClasses (92ms)
	RebuildNativeTypeToScriptingClass (26ms)
	initialDomainReloadingComplete (110ms)
	LoadAllAssembliesAndSetupDomain (725ms)
		LoadAssemblies (946ms)
		RebuildTransferFunctionScriptingTraits (0ms)
		AnalyzeDomain (26ms)
			TypeCache.Refresh (11ms)
				TypeCache.ScanAssembly (0ms)
			ScanForSourceGeneratedMonoScriptInfo (0ms)
			ResolveRequiredComponents (13ms)
	FinalizeReload (16915ms)
		ReleaseScriptCaches (0ms)
		RebuildScriptCaches (0ms)
		SetupLoadedEditorAssemblies (5773ms)
			LogAssemblyErrors (0ms)
			InitializePlatformSupportModulesInManaged (72ms)
			SetLoadedEditorAssemblies (55ms)
			RefreshPlugins (0ms)
			BeforeProcessingInitializeOnLoad (902ms)
			ProcessInitializeOnLoadAttributes (4277ms)
			ProcessInitializeOnLoadMethodAttributes (448ms)
			AfterProcessingInitializeOnLoad (19ms)
			EditorAssembliesLoaded (1ms)
		ExecutionOrderSort2 (0ms)
		AwakeInstancesAfterBackupRestoration (33ms)
Refreshing native plugins compatible for Editor in 21.16 ms, found 4 plugins.
Preloading 0 native plugins for Editor in 0.00 ms.
Unloading 4173 Unused Serialized files (Serialized files now loaded: 0)
Unloading 25 unused Assets / (214.8 KB). Loaded Objects now: 5101.
Memory consumption went from 147.7 MB to 147.5 MB.
Total: 7.966800 ms (FindLiveObjects: 0.717100 ms CreateObjectMapping: 0.385900 ms MarkObjects: 6.389900 ms  DeleteObjects: 0.472000 ms)

Prepare: number of updated asset objects reloaded= 0
AssetImportParameters requested are different than current active one (requested -> active):
  custom:scripting/monoscript/fileName/PlayerHealt.cs: 1b436e11a4ba253093f816810ae8ea0c -> 
  custom:container-demuxer-ogg: 62fdf1f143b41e24485cea50d1cbac27 -> 
  custom:video-decoder-ogg-theora: a1e56fd34408186e4bbccfd4996cb3dc -> 
  custom:framework-win-MediaFoundation: 216162199b28c13a410421893ffa2e32 -> 
  custom:scripting/monoscript/fileName/EnemyPatrol.cs: cb3862bdca022c6895bfea2d333c4052 -> 
  custom:CustomObjectIndexerAttribute: 9a22284fe3817be447336de3de66b15e -> 
  custom:container-demuxer-webm: 4f35f7cbe854078d1ac9338744f61a02 -> 
  custom:container-muxer-webm: aa71ff27fc2769a1b78a27578f13a17b -> 
  custom:video-decoder-webm-vp8: 9c59270c3fd7afecdb556c50c9e8de78 -> 
  custom:SearchIndexIgnoredProperties: e643bd26f0fe6173181afceb89e7c659 -> 
  custom:AudioImporter_EditorPlatform: d09bf68614088b80899f8185d706f6e7 -> 
  custom:scripting/monoscript/fileName/LivesUI.cs: c8bacc9b0203b61d2547667e566ff523 -> 
  custom:scripting/monoscript/fileName/PlayerHealth.cs: 49f415306e52895faa0b0a35d62e54a1 -> 
  custom:video-encoder-webm-vp8: eb34c28f22e8b96e1ab97ce403110664 -> 
  custom:audio-decoder-ogg-vorbis: bf7c407c2cedff20999df2af8eb42d56 -> 
  custom:audio-encoder-webm-vorbis: bf7c407c2cedff20999df2af8eb42d56 -> 
  custom:scripting/precompiled-assembly-types:Assembly-CSharp: 756514dda1dce5f552be9675af6528d4 -> 73aa19288931f336944cebea50ea8521
